order_id,order_datetime,store_id,customer_id,order_channel,payment_method,order_status,subtotal,discount_total,vat_total,delivery_fee,total_amount
ORD000001,2025-01-13 15:04:34,ST006,CUST00716,Online,Cash,Completed,26.15,0.0,2.64,3.49,32.28
ORD000002,2025-07-19 07:42:37,ST008,CUST00509,In-store,Card,Completed,18.5,0.0,2.6,0.0,21.1
ORD000003,2025-12-03 17:34:02,ST003,CUST00129,In-store,Card,Completed,3.0,0.0,0.6,0.0,3.6
ORD000004,2025-10-09 13:32:26,ST003,CUST00374,In-store,Card,Completed,24.7,0.0,3.84,0.0,28.54
ORD000005,2025-08-14 21:40:35,ST005,,In-store,Card,Completed,8.9,0.23,0.6,0.0,9.27
ORD000006,2025-05-20 10:18:17,ST007,,In-store,Card,Completed,18.75,0.0,1.65,0.0,20.4
ORD000007,2025-12-25 14:53:34,ST005,CUST00268,In-store,Card,Completed,20.3,0.0,1.94,0.0,22.24
ORD000008,2025-04-25 22:52:42,ST003,CUST00531,Click & Collect,Mobile Wallet,Completed,11.05,0.0,0.0,0.0,11.05
ORD000009,2025-07-01 15:32:08,ST007,CUST00280,In-store,Card,Completed,16.25,0.0,0.36,0.0,16.61
ORD000010,2025-01-04 11:40:04,ST003,,In-store,Cash,Completed,11.45,0.0,0.37,0.0,11.82
ORD000011,2025-09-23 12:34:36,ST003,CUST00270,In-store,Card,Completed,26.2,0.0,1.28,0.0,27.48
ORD000012,2025-12-09 20:08:31,ST003,CUST00156,In-store,Card,Completed,39.1,0.0,0.0,0.0,39.1
ORD000013,2025-03-07 19:48:36,ST001,,In-store,Cash,Completed,16.95,0.0,2.22,0.0,19.17
ORD000014,2025-09-01 23:46:42,ST003,CUST00573,Online,Card,Completed,18.05,0.0,2.18,3.49,23.72
ORD000015,2025-11-27 05:41:29,ST004,CUST00523,In-store,Card,Completed,16.3,0.0,0.82,0.0,17.12
ORD000016,2025-06-21 04:30:06,ST006,CUST00616,In-store,Card,Completed,27.8,1.2,1.74,0.0,28.34
ORD000017,2025-04-15 20:25:13,ST002,CUST00270,Online,Card,Completed,16.75,0.0,2.21,3.49,22.45
ORD000018,2025-08-01 12:39:44,ST004,CUST00409,In-store,Card,Completed,18.4,0.0,3.44,0.0,21.84
ORD000019,2025-07-14 12:42:31,ST006,CUST00101,In-store,Card,Refunded,16.4,0.0,1.04,0.0,17.44
ORD000020,2025-08-26 16:13:05,ST005,,In-store,Card,Completed,23.3,0.0,1.7,0.0,25.0
ORD000021,2025-04-14 21:09:05,ST002,CUST00086,In-store,Gift Card,Completed,36.6,0.58,4.22,0.0,40.24
ORD000022,2025-08-20 10:21:31,ST006,CUST00486,In-store,Cash,Completed,28.5,0.62,4.12,0.0,32.0
ORD000023,2025-05-06 15:11:28,ST007,CUST00644,In-store,Card,Completed,6.9,0.0,0.0,0.0,6.9
ORD000024,2025-05-05 20:44:27,ST008,CUST00139,In-store,Card,Completed,18.0,0.0,0.0,0.0,18.0
ORD000025,2025-01-14 21:35:40,ST006,,In-store,Card,Completed,9.3,0.0,0.72,0.0,10.02
ORD000026,2025-11-16 12:08:18,ST007,CUST00608,In-store,Card,Refunded,44.0,0.0,4.66,0.0,48.66
ORD000027,2025-09-20 01:42:49,ST002,,In-store,Card,Completed,18.5,0.0,0.0,0.0,18.5
ORD000028,2025-09-25 12:18:14,ST003,CUST00691,In-store,Card,Refunded,34.55,0.3,0.65,0.0,34.9
ORD000029,2025-11-21 05:12:52,ST008,CUST00255,In-store,Mobile Wallet,Completed,20.9,0.0,1.64,0.0,22.54
ORD000030,2025-05-11 11:41:21,ST007,,In-store,Card,Completed,22.9,0.0,0.52,0.0,23.42
ORD000031,2025-10-18 16:52:35,ST006,CUST00072,In-store,Mobile Wallet,Completed,18.5,0.0,2.08,0.0,20.58
ORD000032,2025-03-20 23:34:03,ST004,CUST00278,In-store,Card,Completed,10.4,0.0,1.28,0.0,11.68
ORD000033,2025-01-27 11:19:42,ST002,CUST00578,Online,Card,Completed,2.0,0.0,0.0,3.49,5.49
ORD000034,2025-10-01 04:59:40,ST004,CUST00625,In-store,Mobile Wallet,Completed,7.7,0.0,0.0,0.0,7.7
ORD000035,2025-04-21 22:15:38,ST004,CUST00708,In-store,Card,Completed,12.55,0.0,1.72,0.0,14.27
ORD000036,2025-02-04 20:51:39,ST003,CUST00413,In-store,Card,Completed,26.4,0.0,2.7,0.0,29.1
ORD000037,2025-06-23 07:19:50,ST005,CUST00468,In-store,Card,Completed,41.9,0.0,3.96,0.0,45.86
ORD000038,2025-07-31 18:32:46,ST007,CUST00671,In-store,Card,Completed,46.3,0.0,3.78,0.0,50.08
ORD000039,2025-05-05 03:40:35,ST006,CUST00413,In-store,Card,Completed,12.2,0.0,1.04,0.0,13.24
ORD000040,2025-11-05 07:09:06,ST006,CUST00734,In-store,Card,Completed,25.95,0.0,0.6,0.0,26.55
ORD000041,2025-11-09 22:52:18,ST008,CUST00124,In-store,Card,Completed,17.9,0.0,0.34,0.0,18.24
ORD000042,2025-12-26 21:46:20,ST003,,In-store,Card,Completed,27.1,0.0,5.04,0.0,32.14
ORD000043,2025-03-13 09:46:54,ST001,CUST00208,In-store,Mobile Wallet,Completed,11.3,0.0,1.3,0.0,12.6
ORD000044,2025-03-04 19:54:05,ST004,CUST00531,In-store,Card,Completed,21.9,0.0,2.76,0.0,24.66
ORD000045,2025-02-19 20:24:47,ST004,,Click & Collect,Mobile Wallet,Completed,8.25,0.57,0.0,0.0,7.68
ORD000046,2025-10-30 00:17:18,ST004,CUST00146,In-store,Card,Completed,22.85,0.0,2.08,0.0,24.93
ORD000047,2025-10-27 03:28:25,ST002,CUST00512,In-store,Card,Completed,22.3,0.0,1.56,0.0,23.86
ORD000048,2025-04-17 13:56:38,ST008,CUST00284,In-store,Mobile Wallet,Completed,4.5,0.0,0.0,0.0,4.5
ORD000049,2025-12-10 00:00:18,ST006,CUST00082,In-store,Card,Completed,20.2,0.0,0.0,0.0,20.2
ORD000050,2025-12-03 20:43:09,ST002,CUST00386,In-store,Card,Completed,35.75,0.0,3.71,0.0,39.46
ORD000051,2025-02-24 23:59:24,ST002,CUST00630,In-store,Cash,Completed,5.6,0.0,0.44,0.0,6.04
ORD000052,2025-10-25 16:17:38,ST002,CUST00498,In-store,Mobile Wallet,Completed,13.8,0.0,1.41,0.0,15.21
ORD000053,2025-01-09 03:49:25,ST006,CUST00523,Click & Collect,Card,Completed,46.0,0.55,6.08,0.0,51.53
ORD000054,2025-02-08 03:41:35,ST005,CUST00048,In-store,Card,Completed,11.9,0.0,1.44,0.0,13.34
ORD000055,2025-10-27 06:41:26,ST005,CUST00384,In-store,Mobile Wallet,Completed,16.25,0.0,2.25,0.0,18.5
ORD000056,2025-07-26 01:46:38,ST001,CUST00766,In-store,Card,Completed,33.3,1.8,0.24,0.0,31.74
ORD000057,2025-04-16 08:08:21,ST003,CUST00230,In-store,Mobile Wallet,Completed,20.6,0.0,3.2,0.0,23.8
ORD000058,2025-06-17 00:47:55,ST005,CUST00199,In-store,Card,Completed,23.3,0.0,1.3,0.0,24.6
ORD000059,2025-07-06 19:58:53,ST004,CUST00307,In-store,Card,Cancelled,31.0,0.0,0.64,0.0,0.0
ORD000060,2025-07-16 23:45:31,ST002,CUST00433,In-store,Card,Completed,16.0,0.0,0.0,0.0,16.0
ORD000061,2025-07-15 16:53:43,ST003,CUST00322,In-store,Cash,Completed,16.6,0.0,3.32,0.0,19.92
ORD000062,2025-06-09 12:01:40,ST006,CUST00666,In-store,Card,Completed,26.1,2.13,0.24,0.0,24.21
ORD000063,2025-06-25 18:13:12,ST008,CUST00395,In-store,Mobile Wallet,Completed,31.75,0.0,3.7,0.0,35.45
ORD000064,2025-09-01 16:19:50,ST002,,Click & Collect,Cash,Completed,21.6,0.6,0.9,0.0,21.9
ORD000065,2025-12-15 15:04:44,ST007,CUST00012,In-store,Cash,Completed,6.0,0.0,0.0,0.0,6.0
ORD000066,2025-08-28 16:45:16,ST005,CUST00619,In-store,Card,Completed,26.0,0.0,4.08,0.0,30.08
ORD000067,2025-01-08 20:29:10,ST002,,In-store,Mobile Wallet,Completed,41.05,1.28,2.88,0.0,42.66
ORD000068,2025-05-10 14:43:29,ST002,CUST00124,Online,Card,Completed,23.8,0.0,1.04,3.49,28.33
ORD000069,2025-06-18 23:59:08,ST005,CUST00751,In-store,Cash,Completed,29.3,0.0,0.0,0.0,29.3
ORD000070,2025-11-07 21:30:52,ST002,CUST00648,In-store,Card,Completed,29.0,0.0,0.0,0.0,29.0
ORD000071,2025-11-26 08:33:45,ST005,,In-store,Card,Completed,39.1,0.0,2.88,0.0,41.98
ORD000072,2025-03-12 09:18:16,ST006,CUST00309,In-store,Card,Completed,37.2,0.0,3.6,0.0,40.8
ORD000073,2025-04-02 20:12:58,ST004,,In-store,Card,Completed,30.4,0.0,2.52,0.0,32.92
ORD000074,2025-09-12 10:05:32,ST003,CUST00687,In-store,Card,Completed,1.85,0.0,0.37,0.0,2.22
ORD000075,2025-06-16 12:58:01,ST002,CUST00025,In-store,Card,Completed,47.95,4.56,0.0,0.0,43.39
ORD000076,2025-10-26 18:25:53,ST006,,Click & Collect,Card,Completed,39.75,0.0,2.6,0.0,42.35
ORD000077,2025-11-03 01:36:21,ST003,CUST00334,Click & Collect,Card,Completed,36.45,0.0,3.32,0.0,39.77
ORD000078,2025-07-19 17:49:36,ST008,CUST00508,In-store,Card,Completed,25.0,0.0,2.54,0.0,27.54
ORD000079,2025-09-22 01:01:56,ST007,CUST00596,Online,Card,Completed,43.3,0.0,1.74,0.0,45.04
ORD000080,2025-12-03 15:49:14,ST002,CUST00661,In-store,Cash,Completed,33.6,0.0,0.72,0.0,34.32
ORD000081,2025-11-29 00:35:09,ST006,,In-store,Card,Completed,20.0,0.0,1.8,0.0,21.8
ORD000082,2025-01-29 23:51:06,ST008,CUST00381,In-store,Card,Completed,66.85,1.44,7.98,0.0,73.4
ORD000083,2025-04-21 12:00:15,ST007,CUST00217,Click & Collect,Cash,Completed,48.25,0.0,0.0,0.0,48.25
ORD000084,2025-06-07 08:27:20,ST002,CUST00532,In-store,Card,Completed,17.75,0.0,0.67,0.0,18.42
ORD000085,2025-05-26 23:53:27,ST008,CUST00437,In-store,Mobile Wallet,Completed,2.2,0.0,0.0,0.0,2.2
ORD000086,2025-01-07 19:42:31,ST002,,In-store,Card,Completed,37.05,0.17,3.71,0.0,40.59
ORD000087,2025-06-21 00:04:26,ST004,CUST00270,In-store,Card,Completed,16.6,0.0,3.32,0.0,19.92
ORD000088,2025-04-21 18:34:40,ST006,CUST00059,Online,Mobile Wallet,Completed,20.6,0.31,2.0,3.49,25.78
ORD000089,2025-12-11 04:52:35,ST008,CUST00232,In-store,Card,Cancelled,18.1,0.48,1.62,0.0,0.0
ORD000090,2025-09-07 08:07:48,ST003,CUST00061,In-store,Mobile Wallet,Completed,2.6,0.0,0.0,0.0,2.6
ORD000091,2025-04-23 00:58:28,ST008,CUST00401,In-store,Card,Completed,27.2,0.0,0.44,0.0,27.64
ORD000092,2025-03-20 01:05:52,ST005,CUST00629,In-store,Card,Completed,6.0,0.0,1.2,0.0,7.2
ORD000093,2025-04-19 05:49:23,ST007,,Click & Collect,Card,Completed,23.0,0.0,1.86,0.0,24.86
ORD000094,2025-10-03 05:46:31,ST007,CUST00166,Click & Collect,Card,Completed,4.7,0.0,0.0,0.0,4.7
ORD000095,2025-10-07 14:26:12,ST005,CUST00482,Online,Card,Completed,16.05,0.0,0.0,3.49,19.54
ORD000096,2025-12-05 03:08:27,ST003,,Online,Card,Completed,45.85,0.96,2.21,0.0,47.1
ORD000097,2025-01-16 17:37:26,ST007,CUST00399,In-store,Mobile Wallet,Completed,7.2,0.0,0.0,0.0,7.2
ORD000098,2025-04-25 18:10:13,ST008,CUST00403,Online,Card,Completed,55.15,0.0,0.36,0.0,55.51
ORD000099,2025-02-16 02:28:22,ST002,CUST00100,In-store,Card,Completed,45.9,0.0,2.4,0.0,48.3
ORD000100,2025-12-09 15:25:59,ST005,CUST00453,In-store,Cash,Completed,18.2,0.0,3.2,0.0,21.4
ORD000101,2025-04-27 13:33:41,ST007,CUST00517,Click & Collect,Card,Completed,3.8,0.0,0.0,0.0,3.8
ORD000102,2025-06-09 04:27:38,ST007,CUST00465,In-store,Card,Completed,19.75,0.69,0.68,0.0,19.74
ORD000103,2025-05-12 06:57:09,ST001,CUST00636,In-store,Card,Completed,37.0,0.0,1.8,0.0,38.8
ORD000104,2025-09-08 05:56:26,ST004,CUST00298,Online,Card,Completed,14.7,0.0,0.37,3.49,18.56
ORD000105,2025-05-01 20:19:30,ST003,CUST00532,In-store,Card,Completed,35.1,0.0,0.96,0.0,36.06
ORD000106,2025-03-05 09:21:49,ST005,,In-store,Card,Completed,40.7,0.0,2.58,0.0,43.28
ORD000107,2025-08-30 11:19:39,ST001,,In-store,Mobile Wallet,Completed,17.0,0.0,2.64,0.0,19.64
ORD000108,2025-01-28 08:45:53,ST008,CUST00701,In-store,Card,Completed,19.7,0.0,1.86,0.0,21.56
ORD000109,2025-10-14 03:21:03,ST004,,Online,Card,Completed,9.8,0.0,0.0,3.49,13.29
ORD000110,2025-09-01 16:34:48,ST008,CUST00723,In-store,Card,Completed,8.8,0.3,0.78,0.0,9.28
ORD000111,2025-05-22 12:14:57,ST008,CUST00603,In-store,Cash,Completed,12.1,0.0,1.82,0.0,13.92
ORD000112,2025-07-13 14:50:52,ST005,CUST00433,In-store,Card,Completed,3.2,0.0,0.0,0.0,3.2
ORD000113,2025-06-26 15:10:37,ST006,,In-store,Card,Completed,22.7,0.0,2.22,0.0,24.92
ORD000114,2025-11-03 09:59:05,ST002,CUST00091,In-store,Card,Completed,10.9,0.0,1.0,0.0,11.9
ORD000115,2025-04-30 13:37:03,ST007,,Online,Card,Completed,11.7,0.0,0.78,3.49,15.97
ORD000116,2025-05-31 05:58:51,ST006,CUST00392,In-store,Mobile Wallet,Completed,62.15,0.0,1.8,0.0,63.95
ORD000117,2025-03-11 19:36:20,ST007,,Online,Card,Completed,32.25,0.0,2.08,3.49,37.82
ORD000118,2025-09-18 21:10:51,ST005,CUST00346,Online,Mobile Wallet,Completed,39.6,0.0,0.0,3.49,43.09
ORD000119,2025-04-15 22:18:57,ST004,CUST00558,In-store,Cash,Completed,47.05,1.56,3.22,0.0,48.71
ORD000120,2025-10-19 10:05:20,ST006,CUST00259,In-store,Cash,Completed,24.2,0.0,4.36,0.0,28.56
ORD000121,2025-02-21 04:55:42,ST007,,In-store,Mobile Wallet,Completed,31.2,0.0,1.44,0.0,32.64
ORD000122,2025-10-05 05:50:30,ST007,CUST00457,In-store,Card,Completed,33.5,0.0,2.26,0.0,35.76
ORD000123,2025-03-09 13:05:02,ST004,CUST00218,In-store,Card,Completed,13.4,0.0,0.76,0.0,14.16
ORD000124,2025-12-22 00:10:09,ST002,,In-store,Cash,Completed,1.2,0.0,0.0,0.0,1.2
ORD000125,2025-06-06 20:17:20,ST001,CUST00109,In-store,Card,Completed,24.15,0.0,0.0,0.0,24.15
ORD000126,2025-07-04 14:52:40,ST001,CUST00524,In-store,Card,Completed,81.05,1.24,8.9,0.0,88.71
ORD000127,2025-02-23 22:30:20,ST002,CUST00141,In-store,Card,Completed,74.7,0.67,5.44,0.0,79.47
ORD000128,2025-07-23 15:16:52,ST007,CUST00673,In-store,Card,Completed,11.2,0.0,0.0,0.0,11.2
ORD000129,2025-08-30 15:08:59,ST004,CUST00274,In-store,Card,Completed,21.1,0.0,1.9,0.0,23.0
ORD000130,2025-10-03 19:12:04,ST006,CUST00177,In-store,Card,Cancelled,15.15,0.0,1.79,0.0,0.0
ORD000131,2025-08-23 23:23:14,ST002,CUST00346,In-store,Card,Completed,24.8,0.0,2.16,0.0,26.96
ORD000132,2025-08-08 22:39:58,ST006,CUST00052,In-store,Card,Completed,26.0,0.0,1.8,0.0,27.8
ORD000133,2025-12-17 18:49:32,ST002,,In-store,Card,Completed,70.65,0.0,1.04,0.0,71.69
ORD000134,2025-05-28 11:59:00,ST001,CUST00670,In-store,Mobile Wallet,Completed,20.65,0.0,1.92,0.0,22.57
ORD000135,2025-04-14 08:31:46,ST005,CUST00231,In-store,Card,Completed,9.8,0.14,0.0,0.0,9.66
ORD000136,2025-01-07 00:33:15,ST005,CUST00027,In-store,Gift Card,Completed,0.9,0.0,0.18,0.0,1.08
ORD000137,2025-02-09 16:12:52,ST005,CUST00058,In-store,Card,Completed,13.6,0.0,0.0,0.0,13.6
ORD000138,2025-05-07 13:00:20,ST003,CUST00524,Online,Card,Refunded,6.3,0.0,1.26,3.49,11.05
ORD000139,2025-11-30 10:54:58,ST008,CUST00454,In-store,Cash,Cancelled,18.2,0.0,0.44,0.0,0.0
ORD000140,2025-08-19 09:11:55,ST004,CUST00397,In-store,Card,Completed,20.15,0.0,0.6,0.0,20.75
ORD000141,2025-05-09 06:13:02,ST003,,Online,Card,Completed,27.4,0.0,1.08,3.49,31.97
ORD000142,2025-03-17 07:58:53,ST003,CUST00136,In-store,Gift Card,Completed,26.0,0.0,1.52,0.0,27.52
ORD000143,2025-10-26 08:51:00,ST006,CUST00157,Online,Card,Completed,31.25,0.0,2.96,3.49,37.7
ORD000144,2025-02-09 00:30:18,ST008,,Click & Collect,Card,Completed,39.4,0.0,1.26,0.0,40.66
ORD000145,2025-05-27 16:49:31,ST001,CUST00607,In-store,Card,Completed,35.7,0.0,4.94,0.0,40.64
ORD000146,2025-05-05 03:33:40,ST004,CUST00228,Online,Cash,Completed,11.4,0.0,0.3,3.49,15.19
ORD000147,2025-02-01 23:00:15,ST006,CUST00562,In-store,Cash,Completed,19.3,0.0,3.62,0.0,22.92
ORD000148,2025-12-29 02:44:31,ST001,CUST00697,In-store,Card,Completed,16.8,0.0,0.94,0.0,17.74
ORD000149,2025-02-06 05:12:05,ST005,,Online,Mobile Wallet,Completed,15.0,0.0,1.3,3.49,19.79
ORD000150,2025-11-10 19:40:48,ST008,CUST00399,In-store,Card,Completed,16.3,0.0,1.3,0.0,17.6
ORD000151,2025-04-19 08:14:14,ST005,CUST00477,Online,Mobile Wallet,Completed,26.55,0.0,2.08,3.49,32.12
ORD000152,2025-08-21 05:17:28,ST006,CUST00330,In-store,Cash,Completed,24.6,0.0,0.0,0.0,24.6
ORD000153,2025-07-07 01:40:40,ST001,,In-store,Cash,Completed,25.2,2.16,0.48,0.0,23.52
ORD000154,2025-09-07 22:09:23,ST007,CUST00577,In-store,Card,Completed,22.95,0.6,2.12,0.0,24.47
ORD000155,2025-11-05 02:00:44,ST002,CUST00569,In-store,Card,Cancelled,1.7,0.0,0.0,0.0,0.0
ORD000156,2025-11-30 21:42:17,ST006,,Online,Mobile Wallet,Completed,5.1,0.0,0.0,3.49,8.59
ORD000157,2025-12-14 22:11:15,ST002,CUST00027,Click & Collect,Card,Completed,20.4,0.48,1.7,0.0,21.62
ORD000158,2025-02-08 20:14:41,ST003,CUST00569,In-store,Card,Completed,8.6,0.0,1.04,0.0,9.64
ORD000159,2025-10-27 17:10:08,ST003,,In-store,Card,Completed,24.5,0.0,0.74,0.0,25.24
ORD000160,2025-02-18 18:13:39,ST002,CUST00601,Online,Mobile Wallet,Completed,39.1,0.0,2.2,3.49,44.79
ORD000161,2025-09-29 10:25:16,ST002,CUST00625,In-store,Card,Completed,29.7,0.0,1.26,0.0,30.96
ORD000162,2025-09-05 12:56:07,ST008,CUST00642,Online,Card,Completed,18.95,1.5,1.2,3.49,22.14
ORD000163,2025-09-04 11:22:31,ST001,CUST00009,In-store,Card,Completed,17.0,0.0,0.0,0.0,17.0
ORD000164,2025-08-04 02:12:40,ST008,CUST00729,In-store,Card,Completed,56.0,0.96,4.78,0.0,59.82
ORD000165,2025-02-04 07:47:20,ST008,,In-store,Mobile Wallet,Completed,37.85,0.0,3.2,0.0,41.05
ORD000166,2025-06-06 05:05:03,ST008,CUST00099,In-store,Card,Completed,11.95,0.0,0.54,0.0,12.49
ORD000167,2025-11-25 05:23:18,ST005,CUST00781,In-store,Card,Completed,13.0,0.0,0.6,0.0,13.6
ORD000168,2025-08-15 19:37:27,ST007,CUST00724,In-store,Card,Completed,11.3,0.0,0.18,0.0,11.48
ORD000169,2025-05-14 11:04:45,ST007,CUST00109,In-store,Card,Completed,21.25,0.0,1.7,0.0,22.95
ORD000170,2025-03-16 02:05:52,ST003,CUST00452,In-store,Card,Refunded,11.4,0.0,0.0,0.0,11.4
ORD000171,2025-02-19 22:47:28,ST008,,Online,Card,Completed,36.85,1.8,3.2,3.49,41.74
ORD000172,2025-07-21 18:44:37,ST003,,In-store,Card,Completed,47.7,0.92,3.48,0.0,50.26
ORD000173,2025-09-10 03:07:06,ST002,CUST00620,Online,Card,Completed,20.9,0.6,0.24,3.49,24.03
ORD000174,2025-11-13 02:47:21,ST004,CUST00190,In-store,Card,Completed,40.35,0.0,0.96,0.0,41.31
ORD000175,2025-06-29 06:56:55,ST007,,Online,Card,Completed,22.95,0.0,1.92,3.49,28.36
ORD000176,2025-03-31 10:32:59,ST001,CUST00519,Online,Mobile Wallet,Completed,27.0,0.0,2.6,3.49,33.09
ORD000177,2025-11-10 19:55:20,ST002,CUST00379,In-store,Card,Completed,32.6,0.0,2.56,0.0,35.16
ORD000178,2025-08-26 01:41:27,ST005,CUST00245,In-store,Card,Completed,13.95,0.0,0.0,0.0,13.95
ORD000179,2025-11-07 00:37:43,ST002,CUST00175,In-store,Card,Refunded,13.6,0.0,1.06,0.0,14.66
ORD000180,2025-11-04 23:24:25,ST007,,Click & Collect,Mobile Wallet,Completed,72.7,0.0,0.36,0.0,73.06
ORD000181,2025-03-17 03:41:08,ST006,CUST00431,In-store,Card,Completed,25.4,0.0,1.6,0.0,27.0
ORD000182,2025-03-12 02:13:36,ST005,,Online,Mobile Wallet,Completed,18.2,0.0,2.56,3.49,24.25
ORD000183,2025-06-23 10:53:43,ST008,CUST00759,Click & Collect,Mobile Wallet,Completed,7.1,0.0,1.04,0.0,8.14
ORD000184,2025-10-27 10:37:46,ST008,,In-store,Mobile Wallet,Completed,45.0,0.0,6.5,0.0,51.5
ORD000185,2025-05-04 14:19:44,ST008,CUST00455,Click & Collect,Card,Completed,22.3,0.0,0.36,0.0,22.66
ORD000186,2025-04-21 11:04:42,ST008,CUST00280,In-store,Card,Completed,21.75,0.0,3.71,0.0,25.46
ORD000187,2025-03-23 03:02:58,ST001,,Click & Collect,Card,Completed,5.5,0.0,0.0,0.0,5.5
ORD000188,2025-11-08 13:33:27,ST008,,In-store,Card,Completed,20.6,0.0,0.0,0.0,20.6
ORD000189,2025-07-13 13:23:12,ST002,CUST00447,In-store,Mobile Wallet,Completed,38.3,0.0,0.0,0.0,38.3
ORD000190,2025-07-13 11:36:43,ST008,,In-store,Card,Completed,30.0,0.0,2.42,0.0,32.42
ORD000191,2025-10-04 09:24:05,ST007,CUST00418,In-store,Card,Completed,3.8,0.0,0.0,0.0,3.8
ORD000192,2025-01-04 05:22:07,ST005,CUST00725,In-store,Card,Completed,6.4,0.0,0.0,0.0,6.4
ORD000193,2025-09-19 07:06:24,ST006,CUST00481,In-store,Card,Completed,20.25,0.0,1.8,0.0,22.05
ORD000194,2025-08-26 12:41:31,ST001,CUST00451,In-store,Card,Completed,23.0,0.83,2.08,0.0,24.25
ORD000195,2025-04-27 19:14:05,ST003,CUST00214,Click & Collect,Card,Completed,45.75,0.0,6.56,0.0,52.31
ORD000196,2025-12-29 02:24:11,ST004,,In-store,Card,Completed,3.2,0.0,0.64,0.0,3.84
ORD000197,2025-08-09 23:31:13,ST004,CUST00750,In-store,Card,Completed,15.5,0.0,0.0,0.0,15.5
ORD000198,2025-09-06 20:42:22,ST005,CUST00291,In-store,Card,Completed,39.4,0.0,2.6,0.0,42.0
ORD000199,2025-05-06 16:16:57,ST002,CUST00306,Click & Collect,Card,Completed,1.2,0.0,0.24,0.0,1.44
ORD000200,2025-07-23 01:16:55,ST001,CUST00612,In-store,Card,Completed,52.3,2.48,0.61,0.0,50.43
ORD000201,2025-01-07 04:09:23,ST007,CUST00180,In-store,Gift Card,Completed,17.6,0.0,0.64,0.0,18.24
ORD000202,2025-10-20 09:51:06,ST007,CUST00014,In-store,Cash,Completed,13.2,0.0,0.34,0.0,13.54
ORD000203,2025-02-05 00:31:25,ST007,CUST00692,Online,Card,Completed,68.2,0.0,4.22,0.0,72.42
ORD000204,2025-08-15 05:00:59,ST005,CUST00338,In-store,Card,Completed,36.85,0.0,2.08,0.0,38.93
ORD000205,2025-11-08 20:46:51,ST004,CUST00073,In-store,Mobile Wallet,Completed,23.25,0.0,2.6,0.0,25.85
ORD000206,2025-02-16 14:01:30,ST006,,Online,Cash,Completed,28.8,0.0,0.0,3.49,32.29
ORD000207,2025-01-13 01:51:48,ST005,CUST00399,In-store,Mobile Wallet,Completed,33.0,2.13,1.04,0.0,31.91
ORD000208,2025-02-05 02:05:50,ST001,CUST00195,Online,Card,Completed,9.3,0.0,0.0,3.49,12.79
ORD000209,2025-03-11 05:28:07,ST005,CUST00164,Online,Card,Completed,4.3,0.0,0.52,3.49,8.31
ORD000210,2025-05-31 07:24:27,ST006,CUST00574,In-store,Mobile Wallet,Completed,29.1,0.0,2.88,0.0,31.98
ORD000211,2025-09-08 18:46:40,ST004,CUST00003,In-store,Card,Completed,19.5,0.0,3.9,0.0,23.4
ORD000212,2025-06-08 06:55:59,ST005,CUST00080,Online,Card,Cancelled,20.55,0.0,3.96,3.49,0.0
ORD000213,2025-05-07 14:56:01,ST005,CUST00494,In-store,Card,Completed,71.8,0.0,7.08,0.0,78.88
ORD000214,2025-06-28 01:13:03,ST006,CUST00026,In-store,Mobile Wallet,Completed,21.0,0.0,0.0,0.0,21.0
ORD000215,2025-04-01 03:06:53,ST002,CUST00750,In-store,Cash,Completed,47.8,0.0,3.16,0.0,50.96
ORD000216,2025-05-09 21:44:49,ST001,,Click & Collect,Card,Completed,21.9,0.0,3.9,0.0,25.8
ORD000217,2025-12-30 06:54:58,ST005,CUST00746,Click & Collect,Mobile Wallet,Completed,10.5,0.0,0.3,0.0,10.8
ORD000218,2025-04-18 12:28:34,ST008,CUST00551,In-store,Card,Completed,26.35,0.0,0.36,0.0,26.71
ORD000219,2025-10-03 17:38:58,ST006,CUST00602,In-store,Card,Completed,15.75,0.0,0.36,0.0,16.11
ORD000220,2025-02-27 15:10:09,ST002,CUST00113,Online,Card,Completed,35.3,0.0,0.4,3.49,39.19
ORD000221,2025-04-25 21:47:10,ST001,CUST00473,Online,Card,Completed,7.2,0.0,1.44,3.49,12.13
ORD000222,2025-03-14 05:34:52,ST001,,In-store,Mobile Wallet,Completed,3.7,0.0,0.0,0.0,3.7
ORD000223,2025-02-24 23:55:17,ST003,CUST00718,Online,Card,Completed,15.6,0.0,2.56,3.49,21.65
ORD000224,2025-12-22 02:41:57,ST008,CUST00008,Online,Card,Completed,10.15,0.0,0.36,3.49,14.0
ORD000225,2025-09-19 16:23:34,ST001,,In-store,Card,Completed,8.7,0.0,0.34,0.0,9.04
ORD000226,2025-06-27 10:00:01,ST005,CUST00310,In-store,Cash,Completed,13.85,0.0,2.6,0.0,16.45
ORD000227,2025-01-07 05:18:16,ST005,CUST00483,In-store,Card,Completed,26.9,0.0,0.48,0.0,27.38
ORD000228,2025-07-10 02:18:32,ST002,CUST00263,Click & Collect,Card,Completed,39.0,0.0,5.24,0.0,44.24
ORD000229,2025-07-11 18:07:02,ST006,CUST00235,In-store,Card,Completed,8.15,0.48,0.0,0.0,7.67
ORD000230,2025-03-06 17:07:37,ST007,CUST00261,In-store,Mobile Wallet,Completed,40.1,0.0,5.58,0.0,45.68
ORD000231,2025-03-22 20:43:26,ST004,,In-store,Cash,Completed,14.6,0.0,0.0,0.0,14.6
ORD000232,2025-08-25 16:12:36,ST008,CUST00271,Click & Collect,Cash,Completed,29.55,0.0,1.0,0.0,30.55
ORD000233,2025-03-01 23:08:07,ST005,CUST00570,In-store,Card,Completed,12.5,0.0,0.0,0.0,12.5
ORD000234,2025-08-18 16:41:33,ST007,CUST00526,In-store,Card,Completed,11.3,0.0,1.56,0.0,12.86
ORD000235,2025-04-25 22:43:56,ST002,,In-store,Card,Completed,7.4,0.0,0.6,0.0,8.0
ORD000236,2025-07-18 23:46:52,ST002,CUST00730,In-store,Cash,Completed,28.8,1.2,0.6,0.0,28.2
ORD000237,2025-10-02 16:14:40,ST006,,Online,Card,Completed,16.05,0.0,2.79,3.49,22.33
ORD000238,2025-05-15 09:58:12,ST008,,In-store,Cash,Completed,36.6,0.0,1.88,0.0,38.48
ORD000239,2025-08-24 09:15:06,ST005,,In-store,Card,Completed,35.8,0.0,2.24,0.0,38.04
ORD000240,2025-10-13 13:36:23,ST006,CUST00051,Online,Cash,Cancelled,15.55,0.0,0.36,3.49,0.0
ORD000241,2025-02-24 18:33:33,ST008,,In-store,Card,Completed,20.5,0.45,0.64,0.0,20.69
ORD000242,2025-06-03 06:14:25,ST003,CUST00404,In-store,Mobile Wallet,Completed,25.95,0.0,3.1,0.0,29.05
ORD000243,2025-07-23 06:50:29,ST002,,In-store,Card,Completed,23.05,0.0,0.0,0.0,23.05
ORD000244,2025-06-28 20:07:11,ST008,CUST00328,In-store,Card,Completed,16.7,0.0,0.0,0.0,16.7
ORD000245,2025-12-09 14:36:07,ST008,CUST00679,In-store,Card,Completed,42.3,0.0,1.26,0.0,43.56
ORD000246,2025-01-18 06:59:54,ST006,CUST00689,In-store,Card,Completed,27.15,0.11,2.05,0.0,29.09
ORD000247,2025-07-22 10:06:13,ST003,CUST00358,In-store,Card,Completed,6.8,0.0,0.0,0.0,6.8
ORD000248,2025-09-12 19:42:04,ST003,CUST00710,In-store,Card,Completed,53.85,0.9,0.84,0.0,53.79
ORD000249,2025-11-05 09:08:55,ST006,CUST00157,Online,Card,Completed,9.9,0.0,0.3,3.49,13.69
ORD000250,2025-03-30 14:27:44,ST002,,In-store,Cash,Completed,3.5,0.0,0.0,0.0,3.5
ORD000251,2025-09-12 05:46:49,ST006,,In-store,Card,Completed,42.0,0.0,6.2,0.0,48.2
ORD000252,2025-09-25 01:47:12,ST006,CUST00443,In-store,Cash,Completed,11.5,0.0,0.0,0.0,11.5
ORD000253,2025-11-29 18:30:26,ST008,,In-store,Card,Completed,9.3,0.0,0.34,0.0,9.64
ORD000254,2025-11-06 05:54:56,ST003,,In-store,Card,Completed,38.9,0.0,3.72,0.0,42.62
ORD000255,2025-02-12 20:49:31,ST004,,In-store,Card,Completed,57.0,0.0,0.84,0.0,57.84
ORD000256,2025-08-05 06:58:32,ST001,CUST00606,Online,Card,Completed,30.8,0.0,3.42,3.49,37.71
ORD000257,2025-04-07 17:53:42,ST001,,Online,Cash,Completed,40.05,0.0,3.6,0.0,43.65
ORD000258,2025-06-10 00:31:06,ST004,CUST00308,In-store,Card,Completed,16.55,0.0,0.72,0.0,17.27
ORD000259,2025-11-29 03:21:49,ST007,CUST00784,In-store,Mobile Wallet,Completed,27.15,0.0,2.02,0.0,29.17
ORD000260,2025-05-03 05:47:10,ST005,CUST00104,In-store,Card,Completed,39.85,0.0,1.8,0.0,41.65
ORD000261,2025-04-24 00:34:10,ST008,CUST00775,Click & Collect,Card,Completed,12.85,0.0,1.38,0.0,14.23
ORD000262,2025-03-08 19:14:30,ST008,,In-store,Card,Completed,4.4,0.0,0.0,0.0,4.4
ORD000263,2025-02-27 20:56:21,ST002,,In-store,Card,Completed,39.4,0.0,2.6,0.0,42.0
ORD000264,2025-08-18 23:28:38,ST001,CUST00037,Online,Card,Completed,33.7,2.48,0.98,3.49,35.69
ORD000265,2025-10-27 19:32:22,ST006,CUST00301,In-store,Gift Card,Completed,16.15,0.0,2.2,0.0,18.35
ORD000266,2025-04-18 22:23:35,ST001,CUST00025,In-store,Mobile Wallet,Completed,37.35,0.0,3.44,0.0,40.79
ORD000267,2025-09-09 20:59:47,ST007,CUST00693,In-store,Cash,Completed,16.3,0.0,0.0,0.0,16.3
ORD000268,2025-11-21 20:36:46,ST005,,Online,Mobile Wallet,Completed,43.3,0.0,0.56,0.0,43.86
ORD000269,2025-07-12 04:12:39,ST001,CUST00715,In-store,Card,Completed,3.0,0.0,0.36,0.0,3.36
ORD000270,2025-11-03 01:49:20,ST007,CUST00158,Online,Cash,Completed,6.85,0.0,0.0,3.49,10.34
ORD000271,2025-12-17 17:20:39,ST004,,In-store,Cash,Completed,5.8,0.0,0.36,0.0,6.16
ORD000272,2025-05-05 01:08:50,ST005,CUST00640,In-store,Card,Cancelled,23.4,0.0,3.04,0.0,0.0
ORD000273,2025-09-13 08:14:07,ST004,,Online,Cash,Completed,45.6,0.0,2.68,0.0,48.28
ORD000274,2025-06-27 18:41:32,ST001,CUST00625,In-store,Card,Completed,32.9,0.0,2.8,0.0,35.7
ORD000275,2025-07-11 21:37:01,ST008,,In-store,Card,Completed,12.2,0.0,0.64,0.0,12.84
ORD000276,2025-01-18 15:31:52,ST003,CUST00259,In-store,Cash,Completed,23.1,0.0,1.14,0.0,24.24
ORD000277,2025-08-27 11:28:45,ST007,CUST00323,In-store,Card,Completed,5.5,0.0,0.0,0.0,5.5
ORD000278,2025-12-03 11:05:47,ST002,CUST00626,In-store,Cash,Completed,46.1,0.0,1.06,0.0,47.16
ORD000279,2025-04-30 21:22:10,ST008,CUST00175,In-store,Card,Cancelled,5.0,0.0,0.0,0.0,0.0
ORD000280,2025-02-02 17:37:02,ST001,,Online,Mobile Wallet,Completed,3.0,0.0,0.0,3.49,6.49
ORD000281,2025-07-11 16:02:40,ST004,CUST00063,Click & Collect,Card,Completed,33.0,0.0,4.94,0.0,37.94
ORD000282,2025-10-28 05:43:42,ST008,CUST00561,In-store,Card,Completed,20.65,0.0,2.08,0.0,22.73
ORD000283,2025-10-07 09:26:09,ST006,CUST00248,In-store,Card,Completed,13.7,0.0,0.96,0.0,14.66
ORD000284,2025-11-22 09:05:35,ST008,CUST00725,In-store,Card,Completed,44.5,0.0,5.02,0.0,49.52
ORD000285,2025-04-27 04:06:24,ST003,CUST00706,In-store,Card,Completed,16.5,0.0,0.72,0.0,17.22
ORD000286,2025-12-06 13:15:15,ST007,CUST00157,In-store,Card,Completed,24.2,0.27,0.63,0.0,24.55
ORD000287,2025-02-19 23:48:33,ST001,,Online,Card,Cancelled,39.8,0.99,3.28,3.49,0.0
ORD000288,2025-11-09 19:09:22,ST008,CUST00351,In-store,Card,Completed,24.2,0.0,2.4,0.0,26.6
ORD000289,2025-05-04 09:58:17,ST005,CUST00776,In-store,Card,Completed,32.9,0.0,3.48,0.0,36.38
ORD000290,2025-05-24 09:24:41,ST005,CUST00023,Online,Mobile Wallet,Completed,6.9,0.0,0.42,3.49,10.81
ORD000291,2025-02-26 05:58:07,ST003,CUST00329,In-store,Card,Completed,13.7,0.0,1.06,0.0,14.76
ORD000292,2025-01-15 18:03:38,ST007,,In-store,Mobile Wallet,Completed,7.55,0.0,0.0,0.0,7.55
ORD000293,2025-12-22 20:48:58,ST002,CUST00389,Online,Card,Completed,16.8,0.0,0.0,3.49,20.29
ORD000294,2025-10-24 05:25:51,ST001,CUST00258,In-store,Card,Completed,9.3,0.0,1.64,0.0,10.94
ORD000295,2025-12-27 19:59:36,ST004,CUST00165,In-store,Card,Completed,26.95,0.0,1.92,0.0,28.87
ORD000296,2025-03-28 08:50:05,ST008,,In-store,Card,Completed,10.9,0.0,2.18,0.0,13.08
ORD000297,2025-07-17 05:05:23,ST006,CUST00657,Online,Card,Completed,35.5,0.0,4.98,3.49,43.97
ORD000298,2025-07-02 15:56:47,ST003,CUST00392,In-store,Card,Completed,39.7,0.0,4.0,0.0,43.7
ORD000299,2025-09-06 22:56:33,ST003,CUST00338,In-store,Gift Card,Completed,10.4,0.0,1.2,0.0,11.6
ORD000300,2025-04-21 20:45:23,ST008,CUST00343,In-store,Cash,Completed,4.4,0.0,0.0,0.0,4.4
ORD000301,2025-02-01 06:41:00,ST005,CUST00643,In-store,Card,Completed,15.3,0.45,1.5,0.0,16.35
ORD000302,2025-06-10 23:52:49,ST006,CUST00018,In-store,Mobile Wallet,Completed,10.45,0.0,1.52,0.0,11.97
ORD000303,2025-06-05 21:45:51,ST008,CUST00205,In-store,Card,Completed,11.45,0.0,0.6,0.0,12.05
ORD000304,2025-07-26 16:26:14,ST003,CUST00103,In-store,Mobile Wallet,Completed,44.6,0.0,5.54,0.0,50.14
ORD000305,2025-09-02 01:06:18,ST007,CUST00589,In-store,Card,Completed,14.8,0.6,1.16,0.0,15.36
ORD000306,2025-04-10 06:54:10,ST007,CUST00171,Online,Cash,Completed,9.85,0.0,1.26,3.49,14.6
ORD000307,2025-07-28 09:05:16,ST008,CUST00102,Online,Card,Completed,26.5,0.0,0.64,3.49,30.63
ORD000308,2025-03-03 14:46:55,ST005,CUST00111,Online,Card,Completed,14.4,0.0,2.56,3.49,20.45
ORD000309,2025-01-27 06:50:22,ST001,,In-store,Cash,Completed,25.4,0.0,0.58,0.0,25.98
ORD000310,2025-03-26 09:09:16,ST007,CUST00742,In-store,Card,Completed,12.05,0.0,0.77,0.0,12.82
ORD000311,2025-09-10 23:43:41,ST003,,In-store,Card,Completed,24.35,0.0,1.04,0.0,25.39
ORD000312,2025-08-31 08:27:05,ST006,CUST00299,In-store,Mobile Wallet,Completed,20.3,0.0,3.68,0.0,23.98
ORD000313,2025-12-09 07:38:28,ST006,CUST00274,Online,Mobile Wallet,Refunded,39.0,0.0,3.98,3.49,46.47
ORD000314,2025-07-04 03:11:29,ST002,,Online,Card,Completed,6.0,0.0,0.0,3.49,9.49
ORD000315,2025-07-19 16:02:49,ST001,CUST00376,In-store,Card,Completed,35.75,1.34,0.42,0.0,34.83
ORD000316,2025-04-08 03:14:59,ST008,CUST00373,In-store,Card,Completed,39.9,0.38,2.16,0.0,41.68
ORD000317,2025-06-12 18:28:43,ST005,CUST00689,In-store,Card,Completed,15.4,0.6,0.96,0.0,15.76
ORD000318,2025-03-21 02:39:32,ST002,CUST00795,Click & Collect,Card,Completed,21.35,0.0,0.38,0.0,21.73
ORD000319,2025-01-16 08:00:12,ST002,,Online,Card,Completed,3.6,0.0,0.72,3.49,7.81
ORD000320,2025-08-26 03:23:24,ST001,CUST00614,Click & Collect,Mobile Wallet,Completed,19.15,0.0,1.4,0.0,20.55
ORD000321,2025-11-28 23:34:47,ST001,CUST00288,In-store,Card,Completed,9.95,0.0,1.2,0.0,11.15
ORD000322,2025-09-12 00:46:25,ST007,CUST00026,In-store,Card,Completed,38.3,0.6,1.16,0.0,38.86
ORD000323,2025-12-23 15:42:55,ST006,CUST00608,In-store,Card,Completed,23.65,0.24,2.17,0.0,25.58
ORD000324,2025-11-23 21:59:35,ST007,CUST00448,In-store,Cash,Refunded,17.55,0.0,0.37,0.0,17.92
ORD000325,2025-02-18 04:19:14,ST002,CUST00010,In-store,Card,Cancelled,49.7,0.0,4.88,0.0,0.0
ORD000326,2025-10-24 08:19:23,ST008,CUST00298,In-store,Card,Completed,23.6,0.0,3.98,0.0,27.58
ORD000327,2025-07-01 05:44:30,ST002,CUST00272,In-store,Mobile Wallet,Completed,2.2,0.0,0.44,0.0,2.64
ORD000328,2025-08-02 06:50:42,ST008,CUST00659,Online,Card,Completed,8.8,0.0,1.02,3.49,13.31
ORD000329,2025-03-27 22:29:26,ST003,CUST00075,In-store,Card,Completed,40.1,0.0,6.42,0.0,46.52
ORD000330,2025-01-05 04:47:12,ST008,CUST00246,In-store,Card,Completed,19.45,0.34,0.96,0.0,20.07
ORD000331,2025-08-14 14:05:27,ST005,CUST00555,Online,Card,Cancelled,32.85,0.0,1.36,3.49,0.0
ORD000332,2025-07-30 09:51:57,ST001,CUST00350,In-store,Card,Completed,3.8,0.0,0.0,0.0,3.8
ORD000333,2025-05-31 17:39:07,ST008,CUST00450,Online,Card,Completed,13.3,0.0,0.0,3.49,16.79
ORD000334,2025-09-20 23:41:54,ST005,,In-store,Mobile Wallet,Completed,23.2,0.0,0.0,0.0,23.2
ORD000335,2025-07-13 09:15:43,ST001,CUST00163,In-store,Card,Completed,17.7,0.0,0.0,0.0,17.7
ORD000336,2025-08-14 20:23:15,ST007,CUST00780,In-store,Mobile Wallet,Completed,47.2,0.62,1.28,0.0,47.86
ORD000337,2025-01-30 09:19:18,ST001,CUST00508,In-store,Card,Completed,4.8,0.0,0.0,0.0,4.8
ORD000338,2025-07-09 22:38:24,ST003,CUST00242,In-store,Card,Completed,12.9,0.0,0.8,0.0,13.7
ORD000339,2025-03-07 12:12:04,ST004,CUST00747,In-store,Card,Completed,43.0,0.0,4.6,0.0,47.6
ORD000340,2025-05-07 01:39:17,ST001,CUST00676,In-store,Mobile Wallet,Completed,30.6,0.0,4.68,0.0,35.28
ORD000341,2025-09-13 05:04:05,ST008,CUST00621,In-store,Card,Completed,17.95,0.3,0.36,0.0,18.01
ORD000342,2025-08-19 02:39:14,ST006,,In-store,Cash,Completed,14.3,0.23,0.0,0.0,14.07
ORD000343,2025-04-19 12:14:36,ST006,CUST00065,In-store,Mobile Wallet,Completed,14.5,0.0,0.38,0.0,14.88
ORD000344,2025-07-31 06:07:54,ST006,CUST00680,In-store,Card,Completed,9.2,0.0,0.96,0.0,10.16
ORD000345,2025-05-31 23:08:03,ST005,CUST00496,In-store,Card,Completed,6.9,0.0,0.0,0.0,6.9
ORD000346,2025-11-13 17:14:02,ST008,CUST00712,Click & Collect,Card,Completed,17.7,0.0,2.66,0.0,20.36
ORD000347,2025-01-12 01:04:04,ST001,CUST00664,In-store,Card,Completed,17.2,0.0,0.0,0.0,17.2
ORD000348,2025-11-08 04:17:22,ST007,CUST00585,Online,Card,Completed,41.0,0.0,3.94,0.0,44.94
ORD000349,2025-11-09 15:46:38,ST004,CUST00398,In-store,Card,Completed,31.65,0.0,0.0,0.0,31.65
ORD000350,2025-02-17 14:25:49,ST003,CUST00794,In-store,Card,Completed,23.45,0.0,1.62,0.0,25.07
ORD000351,2025-01-20 16:45:18,ST006,,In-store,Cash,Completed,43.0,0.0,4.92,0.0,47.92
ORD000352,2025-05-03 13:27:06,ST004,CUST00433,Online,Card,Completed,10.4,0.0,0.0,3.49,13.89
ORD000353,2025-07-22 09:45:19,ST007,CUST00137,In-store,Cash,Refunded,44.7,3.11,1.72,0.0,43.31
ORD000354,2025-10-10 10:23:43,ST008,CUST00446,Online,Card,Completed,23.3,0.0,0.24,3.49,27.03
ORD000355,2025-12-08 03:51:18,ST006,CUST00153,In-store,Card,Completed,28.2,0.0,2.56,0.0,30.76
ORD000356,2025-03-20 02:17:56,ST004,,In-store,Card,Completed,38.1,0.0,3.76,0.0,41.86
ORD000357,2025-10-01 03:08:39,ST003,CUST00723,In-store,Card,Completed,20.3,0.0,1.46,0.0,21.76
ORD000358,2025-06-30 16:40:52,ST005,CUST00139,In-store,Card,Completed,11.1,0.0,1.08,0.0,12.18
ORD000359,2025-02-21 20:11:39,ST003,CUST00530,Online,Card,Completed,47.7,0.0,0.6,0.0,48.3
ORD000360,2025-11-14 03:02:52,ST006,CUST00022,In-store,Card,Completed,32.0,0.0,3.2,0.0,35.2
ORD000361,2025-08-22 16:26:13,ST005,CUST00277,Online,Card,Completed,30.2,0.62,1.71,3.49,34.78
ORD000362,2025-06-28 14:59:12,ST008,,Online,Card,Completed,41.75,0.0,4.13,0.0,45.88
ORD000363,2025-01-26 20:56:22,ST007,,In-store,Card,Completed,17.45,1.75,0.0,0.0,15.7
ORD000364,2025-04-25 09:03:01,ST005,CUST00070,In-store,Card,Completed,13.2,0.0,1.8,0.0,15.0
ORD000365,2025-10-25 23:46:10,ST007,CUST00213,In-store,Card,Completed,26.15,0.0,0.36,0.0,26.51
ORD000366,2025-07-15 07:07:25,ST005,CUST00229,In-store,Card,Completed,32.0,0.0,4.5,0.0,36.5
ORD000367,2025-05-29 23:09:09,ST006,CUST00562,In-store,Card,Completed,23.7,0.0,2.0,0.0,25.7
ORD000368,2025-10-15 03:58:27,ST003,,In-store,Card,Completed,43.0,0.0,2.08,0.0,45.08
ORD000369,2025-01-04 16:45:00,ST002,CUST00271,In-store,Card,Completed,35.25,0.2,1.97,0.0,37.02
ORD000370,2025-11-04 02:33:18,ST001,,In-store,Card,Completed,24.5,0.0,1.28,0.0,25.78
ORD000371,2025-08-23 20:47:01,ST003,CUST00006,Online,Cash,Completed,11.5,0.0,0.0,3.49,14.99
ORD000372,2025-01-28 12:04:52,ST006,CUST00651,In-store,Card,Completed,19.45,0.0,0.0,0.0,19.45
ORD000373,2025-06-03 07:57:25,ST008,CUST00245,Click & Collect,Cash,Completed,33.65,0.0,3.76,0.0,37.41
ORD000374,2025-08-06 13:43:35,ST001,CUST00799,Click & Collect,Card,Completed,6.85,0.0,0.0,0.0,6.85
ORD000375,2025-09-26 00:26:42,ST004,CUST00048,Online,Card,Completed,23.4,0.0,0.8,3.49,27.69
ORD000376,2025-03-04 00:46:25,ST007,CUST00263,In-store,Card,Completed,41.85,0.0,1.48,0.0,43.33
ORD000377,2025-12-13 11:30:05,ST003,CUST00112,Online,Card,Completed,31.85,0.63,2.49,3.49,37.2
ORD000378,2025-03-30 06:04:30,ST001,,Online,Cash,Completed,17.3,0.0,2.58,3.49,23.37
ORD000379,2025-02-02 17:45:14,ST007,,Click & Collect,Card,Completed,29.7,1.35,1.02,0.0,29.37
ORD000380,2025-08-28 23:44:49,ST006,CUST00703,In-store,Card,Completed,25.65,0.62,1.4,0.0,26.43
ORD000381,2025-10-04 08:08:24,ST003,,Online,Cash,Completed,54.4,0.0,3.98,0.0,58.38
ORD000382,2025-11-06 06:35:28,ST003,CUST00716,Click & Collect,Mobile Wallet,Completed,40.55,0.0,6.56,0.0,47.11
ORD000383,2025-03-17 11:48:16,ST006,CUST00402,Online,Card,Completed,30.35,0.0,4.54,3.49,38.38
ORD000384,2025-06-30 09:42:09,ST008,,In-store,Mobile Wallet,Completed,14.1,0.0,1.22,0.0,15.32
ORD000385,2025-08-07 19:39:35,ST002,CUST00707,Click & Collect,Cash,Completed,48.8,0.72,3.24,0.0,51.32
ORD000386,2025-05-26 11:05:14,ST005,CUST00443,Online,Card,Completed,35.05,0.0,0.48,3.49,39.02
ORD000387,2025-01-05 01:37:53,ST007,CUST00215,In-store,Card,Completed,27.9,0.0,3.1,0.0,31.0
ORD000388,2025-05-06 20:07:52,ST003,CUST00196,In-store,Card,Completed,31.1,0.0,1.44,0.0,32.54
ORD000389,2025-11-15 17:23:13,ST006,CUST00335,In-store,Card,Completed,7.05,0.0,0.0,0.0,7.05
ORD000390,2025-09-04 02:01:17,ST004,CUST00494,Click & Collect,Card,Cancelled,13.9,0.0,0.96,0.0,0.0
ORD000391,2025-03-23 13:04:05,ST003,,In-store,Card,Completed,9.0,0.0,0.64,0.0,9.64
ORD000392,2025-06-04 18:14:24,ST003,CUST00098,Online,Card,Completed,10.65,0.0,1.2,3.49,15.34
ORD000393,2025-08-31 15:56:58,ST003,CUST00539,Online,Card,Completed,8.6,0.0,1.28,3.49,13.37
ORD000394,2025-04-19 20:24:02,ST008,CUST00716,In-store,Card,Completed,33.15,0.0,5.12,0.0,38.27
ORD000395,2025-06-21 14:47:44,ST005,,In-store,Cash,Completed,51.7,0.0,6.66,0.0,58.36
ORD000396,2025-05-05 04:16:08,ST007,CUST00258,Click & Collect,Cash,Completed,4.0,0.0,0.0,0.0,4.0
ORD000397,2025-08-19 00:27:16,ST003,,Click & Collect,Card,Completed,25.4,0.0,0.6,0.0,26.0
ORD000398,2025-05-30 23:58:55,ST007,CUST00290,Click & Collect,Card,Completed,47.3,0.0,2.66,0.0,49.96
ORD000399,2025-10-20 05:21:15,ST002,CUST00378,In-store,Card,Completed,19.8,0.0,1.2,0.0,21.0
ORD000400,2025-02-14 00:45:50,ST002,CUST00016,In-store,Cash,Completed,5.5,0.0,0.0,0.0,5.5
ORD000401,2025-04-28 00:04:11,ST004,,Online,Card,Completed,2.6,0.0,0.0,3.49,6.09
ORD000402,2025-01-11 07:34:32,ST003,,In-store,Card,Completed,6.2,0.0,0.0,0.0,6.2
ORD000403,2025-09-20 13:29:01,ST001,CUST00444,In-store,Cash,Completed,36.5,0.0,2.8,0.0,39.3
ORD000404,2025-07-31 15:47:09,ST005,CUST00121,In-store,Card,Completed,6.0,0.0,0.36,0.0,6.36
ORD000405,2025-12-08 11:29:28,ST006,CUST00293,Click & Collect,Card,Completed,8.2,0.0,0.18,0.0,8.38
ORD000406,2025-05-27 22:12:45,ST008,CUST00678,In-store,Card,Completed,6.0,0.0,0.84,0.0,6.84
ORD000407,2025-10-15 00:03:58,ST003,CUST00752,In-store,Card,Completed,8.1,0.0,0.0,0.0,8.1
ORD000408,2025-01-20 02:19:09,ST005,,In-store,Card,Completed,1.8,0.0,0.36,0.0,2.16
ORD000409,2025-10-26 02:20:26,ST007,,Click & Collect,Cash,Completed,14.35,0.0,0.0,0.0,14.35
ORD000410,2025-12-07 20:13:20,ST006,CUST00643,In-store,Cash,Completed,54.1,0.0,3.98,0.0,58.08
ORD000411,2025-08-11 11:04:54,ST003,CUST00596,In-store,Cash,Completed,11.8,0.0,1.28,0.0,13.08
ORD000412,2025-02-13 22:02:42,ST006,CUST00096,Online,Mobile Wallet,Completed,5.65,0.0,0.96,3.49,10.1
ORD000413,2025-09-15 16:52:34,ST005,CUST00017,Online,Card,Completed,48.6,0.0,3.64,0.0,52.24
ORD000414,2025-08-07 21:22:43,ST003,CUST00507,In-store,Card,Completed,37.6,0.0,4.8,0.0,42.4
ORD000415,2025-06-23 04:05:52,ST001,CUST00565,In-store,Card,Completed,17.6,0.0,2.6,0.0,20.2
ORD000416,2025-06-17 12:14:07,ST004,,Click & Collect,Card,Refunded,22.35,0.0,0.0,0.0,22.35
ORD000417,2025-08-14 16:29:22,ST006,,In-store,Card,Completed,26.55,0.0,2.58,0.0,29.13
ORD000418,2025-11-16 03:16:33,ST005,,In-store,Cash,Completed,10.7,0.0,0.0,0.0,10.7
ORD000419,2025-05-22 17:19:45,ST004,CUST00301,In-store,Mobile Wallet,Completed,40.3,0.0,1.28,0.0,41.58
ORD000420,2025-07-12 12:32:08,ST007,CUST00266,In-store,Card,Completed,41.5,0.46,0.68,0.0,41.72
ORD000421,2025-12-15 04:07:23,ST003,CUST00388,In-store,Card,Completed,44.9,0.0,1.3,0.0,46.2
ORD000422,2025-08-01 19:03:04,ST002,,In-store,Card,Completed,54.4,0.0,4.08,0.0,58.48
ORD000423,2025-05-16 07:53:04,ST007,CUST00602,In-store,Card,Completed,9.7,0.0,0.6,0.0,10.3
ORD000424,2025-02-09 11:17:36,ST004,CUST00036,In-store,Card,Completed,16.2,0.0,0.4,0.0,16.6
ORD000425,2025-02-14 17:16:03,ST007,,In-store,Cash,Completed,24.75,0.45,2.46,0.0,26.76
ORD000426,2025-04-25 02:38:13,ST008,CUST00423,In-store,Card,Completed,16.05,0.0,2.18,0.0,18.23
ORD000427,2025-12-31 21:46:47,ST005,,Click & Collect,Cash,Completed,23.6,0.0,0.64,0.0,24.24
ORD000428,2025-12-24 19:46:48,ST005,CUST00074,In-store,Card,Completed,8.1,0.0,0.52,0.0,8.62
ORD000429,2025-02-15 14:53:22,ST006,CUST00252,In-store,Mobile Wallet,Completed,26.4,0.0,3.79,0.0,30.19
ORD000430,2025-04-09 20:40:11,ST007,CUST00219,In-store,Cash,Completed,4.4,0.0,0.0,0.0,4.4
ORD000431,2025-03-21 04:59:23,ST002,CUST00547,Click & Collect,Card,Completed,5.3,0.0,0.38,0.0,5.68
ORD000432,2025-08-26 17:17:51,ST005,CUST00099,Online,Card,Completed,5.5,0.0,0.0,3.49,8.99
ORD000433,2025-05-17 14:45:51,ST001,CUST00721,In-store,Cash,Completed,34.7,0.0,3.12,0.0,37.82
ORD000434,2025-12-27 14:04:15,ST003,CUST00422,Online,Card,Completed,30.4,0.0,3.26,3.49,37.15
ORD000435,2025-07-07 08:57:15,ST003,CUST00042,In-store,Cash,Completed,28.5,0.0,1.76,0.0,30.26
ORD000436,2025-03-04 07:49:57,ST008,CUST00619,Online,Card,Completed,30.1,0.0,3.88,3.49,37.47
ORD000437,2025-05-07 22:42:32,ST006,CUST00175,In-store,Cash,Completed,18.0,0.0,1.44,0.0,19.44
ORD000438,2025-07-26 07:26:17,ST002,CUST00482,In-store,Card,Completed,27.65,0.0,0.44,0.0,28.09
ORD000439,2025-04-02 03:46:22,ST005,CUST00165,In-store,Card,Completed,12.5,0.0,0.72,0.0,13.22
ORD000440,2025-10-24 23:05:50,ST007,CUST00270,In-store,Cash,Completed,29.9,0.0,1.14,0.0,31.04
ORD000441,2025-01-01 14:46:29,ST006,CUST00240,In-store,Card,Completed,26.55,0.0,1.82,0.0,28.37
ORD000442,2025-01-07 07:51:42,ST003,,In-store,Card,Completed,7.7,0.2,1.14,0.0,8.64
ORD000443,2025-01-03 10:42:29,ST003,CUST00076,In-store,Card,Completed,24.6,0.0,0.96,0.0,25.56
ORD000444,2025-05-03 08:12:48,ST007,CUST00725,In-store,Card,Completed,26.6,0.0,2.68,0.0,29.28
ORD000445,2025-06-14 12:38:16,ST003,,Online,Mobile Wallet,Completed,1.1,0.0,0.0,3.49,4.59
ORD000446,2025-02-12 17:50:01,ST002,CUST00478,In-store,Card,Completed,31.2,0.0,3.24,0.0,34.44
ORD000447,2025-05-09 19:01:04,ST006,,In-store,Card,Completed,36.0,0.0,1.92,0.0,37.92
ORD000448,2025-05-05 20:39:54,ST007,,In-store,Cash,Refunded,26.55,0.0,3.2,0.0,29.75
ORD000449,2025-01-04 14:42:04,ST005,,In-store,Card,Completed,53.2,0.48,6.28,0.0,59.0
ORD000450,2025-08-25 09:04:14,ST008,CUST00442,In-store,Gift Card,Completed,29.9,0.0,5.38,0.0,35.28
ORD000451,2025-04-11 08:23:36,ST008,CUST00691,In-store,Card,Completed,4.8,0.0,0.74,0.0,5.54
ORD000452,2025-03-18 17:33:57,ST002,,In-store,Card,Completed,13.8,0.0,0.52,0.0,14.32
ORD000453,2025-02-14 09:46:11,ST002,CUST00044,Online,Card,Completed,25.85,0.17,1.92,3.49,31.1
ORD000454,2025-12-13 01:36:07,ST004,,In-store,Mobile Wallet,Completed,46.7,0.0,0.0,0.0,46.7
ORD000455,2025-07-07 18:07:51,ST006,CUST00291,In-store,Card,Completed,24.6,0.0,1.04,0.0,25.64
ORD000456,2025-04-05 02:13:21,ST006,CUST00373,In-store,Card,Completed,13.6,0.0,0.38,0.0,13.98
ORD000457,2025-11-12 11:10:17,ST004,CUST00492,Online,Mobile Wallet,Completed,4.9,0.0,0.0,3.49,8.39
ORD000458,2025-12-23 05:16:12,ST003,CUST00536,In-store,Cash,Completed,8.3,0.0,1.11,0.0,9.41
ORD000459,2025-07-03 23:30:50,ST001,CUST00401,Online,Card,Completed,33.15,0.0,1.8,3.49,38.44
ORD000460,2025-05-07 04:11:25,ST005,,Online,Cash,Completed,20.5,0.0,3.4,3.49,27.39
ORD000461,2025-06-13 07:39:54,ST001,CUST00121,In-store,Card,Completed,33.95,0.0,4.06,0.0,38.01
ORD000462,2025-10-04 18:05:45,ST006,CUST00391,Online,Card,Completed,19.45,0.0,0.64,3.49,23.58
ORD000463,2025-01-24 07:40:20,ST004,CUST00546,In-store,Mobile Wallet,Completed,10.05,0.1,1.3,0.0,11.26
ORD000464,2025-03-02 20:31:31,ST001,,In-store,Mobile Wallet,Completed,86.4,0.0,2.6,0.0,89.0
ORD000465,2025-05-27 20:09:40,ST006,CUST00289,In-store,Card,Completed,23.75,0.0,0.68,0.0,24.43
ORD000466,2025-08-26 03:53:12,ST004,,Click & Collect,Card,Completed,46.0,1.67,2.16,0.0,46.49
ORD000467,2025-11-10 21:38:39,ST007,CUST00685,In-store,Cash,Completed,27.9,0.0,0.0,0.0,27.9
ORD000468,2025-11-01 06:04:41,ST005,CUST00749,In-store,Card,Completed,3.2,0.0,0.0,0.0,3.2
ORD000469,2025-08-25 00:53:05,ST004,CUST00387,Online,Mobile Wallet,Cancelled,20.15,0.0,2.83,3.49,0.0
ORD000470,2025-12-31 14:30:47,ST007,CUST00167,In-store,Card,Completed,34.3,0.0,5.4,0.0,39.7
ORD000471,2025-01-28 22:46:02,ST007,CUST00773,Online,Card,Completed,12.0,0.0,0.0,3.49,15.49
ORD000472,2025-04-25 08:39:04,ST004,CUST00109,In-store,Card,Completed,34.3,0.0,2.66,0.0,36.96
ORD000473,2025-07-10 01:15:18,ST005,,In-store,Card,Completed,19.45,0.0,0.36,0.0,19.81
ORD000474,2025-12-04 03:53:18,ST003,CUST00082,In-store,Card,Completed,14.9,0.0,1.34,0.0,16.24
ORD000475,2025-10-09 09:33:43,ST001,CUST00611,In-store,Card,Completed,34.4,0.0,5.26,0.0,39.66
ORD000476,2025-05-09 06:55:13,ST004,CUST00567,In-store,Card,Completed,32.75,0.0,0.79,0.0,33.54
ORD000477,2025-10-11 11:37:34,ST004,CUST00077,In-store,Mobile Wallet,Completed,8.2,0.0,0.64,0.0,8.84
ORD000478,2025-11-16 01:29:57,ST002,,Online,Card,Completed,16.6,0.0,0.42,3.49,20.51
ORD000479,2025-01-10 16:30:40,ST001,CUST00303,In-store,Gift Card,Completed,26.3,0.0,0.76,0.0,27.06
ORD000480,2025-07-11 18:57:24,ST001,CUST00796,In-store,Cash,Completed,12.8,0.0,0.0,0.0,12.8
ORD000481,2025-09-13 05:56:35,ST003,CUST00717,In-store,Card,Completed,30.2,0.0,0.36,0.0,30.56
ORD000482,2025-04-19 10:08:25,ST006,CUST00693,Click & Collect,Card,Completed,34.3,0.66,0.64,0.0,34.28
ORD000483,2025-07-07 01:25:07,ST001,CUST00790,Online,Card,Completed,41.1,1.2,3.32,0.0,43.22
ORD000484,2025-05-12 19:25:02,ST004,CUST00455,In-store,Card,Completed,28.15,0.0,1.3,0.0,29.45
ORD000485,2025-08-01 00:14:49,ST005,CUST00169,In-store,Mobile Wallet,Completed,23.3,0.0,1.2,0.0,24.5
ORD000486,2025-06-15 05:08:57,ST006,CUST00355,In-store,Card,Completed,39.45,0.0,3.7,0.0,43.15
ORD000487,2025-09-30 14:21:28,ST001,CUST00476,Online,Gift Card,Completed,18.5,0.0,0.96,3.49,22.95
ORD000488,2025-10-22 07:15:56,ST007,CUST00248,In-store,Card,Refunded,36.6,0.0,4.26,0.0,40.86
ORD000489,2025-01-22 08:36:11,ST005,,Online,Card,Completed,35.8,0.48,3.82,3.49,42.63
ORD000490,2025-12-24 02:14:19,ST006,CUST00730,In-store,Card,Completed,18.95,0.12,1.39,0.0,20.22
ORD000491,2025-08-21 09:57:16,ST002,,In-store,Card,Completed,25.5,0.0,2.64,0.0,28.14
ORD000492,2025-01-19 01:04:53,ST007,CUST00311,In-store,Mobile Wallet,Completed,7.3,0.0,0.48,0.0,7.78
ORD000493,2025-07-02 06:48:28,ST005,CUST00382,In-store,Card,Completed,43.1,0.48,4.92,0.0,47.54
ORD000494,2025-01-20 20:31:42,ST007,,In-store,Card,Completed,2.3,0.0,0.0,0.0,2.3
ORD000495,2025-08-16 03:42:44,ST006,CUST00540,Online,Card,Completed,80.9,0.0,0.0,0.0,80.9
ORD000496,2025-10-24 10:43:24,ST005,CUST00417,Online,Mobile Wallet,Completed,39.5,0.0,5.34,3.49,48.33
ORD000497,2025-05-29 13:30:38,ST007,CUST00359,In-store,Mobile Wallet,Cancelled,52.75,0.0,8.0,0.0,0.0
ORD000498,2025-12-08 04:58:58,ST005,CUST00164,Click & Collect,Mobile Wallet,Completed,27.75,0.0,1.2,0.0,28.95
ORD000499,2025-02-11 19:18:54,ST001,CUST00037,In-store,Mobile Wallet,Completed,20.15,0.14,0.0,0.0,20.01
ORD000500,2025-08-10 08:39:41,ST008,,In-store,Card,Completed,31.1,0.0,0.42,0.0,31.52
ORD000501,2025-01-24 01:38:06,ST005,CUST00504,In-store,Mobile Wallet,Completed,60.25,2.44,2.32,0.0,60.13
ORD000502,2025-06-28 18:01:31,ST003,CUST00649,In-store,Card,Completed,4.7,0.0,0.94,0.0,5.64
ORD000503,2025-06-27 23:12:57,ST001,,In-store,Card,Completed,9.3,0.0,0.42,0.0,9.72
ORD000504,2025-08-03 22:06:32,ST001,CUST00262,In-store,Mobile Wallet,Completed,37.2,0.0,2.32,0.0,39.52
ORD000505,2025-10-22 17:39:34,ST008,CUST00555,In-store,Card,Completed,44.35,0.0,3.52,0.0,47.87
ORD000506,2025-06-21 11:56:39,ST007,CUST00707,In-store,Mobile Wallet,Completed,12.6,0.0,2.52,0.0,15.12
ORD000507,2025-11-30 07:31:02,ST002,CUST00106,In-store,Cash,Completed,11.0,0.0,1.98,0.0,12.98
ORD000508,2025-01-27 15:53:12,ST007,CUST00703,Online,Card,Completed,7.2,0.0,0.0,3.49,10.69
ORD000509,2025-03-21 16:12:31,ST004,CUST00361,In-store,Mobile Wallet,Completed,20.8,0.0,2.72,0.0,23.52
ORD000510,2025-02-25 17:33:28,ST008,CUST00172,Online,Card,Completed,18.35,0.49,0.96,3.49,22.3
ORD000511,2025-01-05 13:56:51,ST005,,Online,Card,Completed,29.25,0.0,1.92,3.49,34.66
ORD000512,2025-05-07 00:12:13,ST003,,In-store,Cash,Completed,33.75,0.0,0.96,0.0,34.71
ORD000513,2025-11-29 15:44:40,ST003,,In-store,Card,Completed,20.95,0.0,1.4,0.0,22.35
ORD000514,2025-06-20 12:05:28,ST001,,Online,Card,Completed,15.4,0.23,0.24,3.49,18.9
ORD000515,2025-06-28 20:11:15,ST006,CUST00314,Online,Cash,Cancelled,19.95,0.0,0.0,3.49,0.0
ORD000516,2025-03-27 01:02:21,ST003,CUST00354,In-store,Card,Completed,39.65,0.0,4.64,0.0,44.29
ORD000517,2025-11-20 16:11:02,ST001,CUST00588,In-store,Card,Completed,14.2,0.0,0.6,0.0,14.8
ORD000518,2025-12-30 15:11:02,ST002,CUST00237,In-store,Card,Completed,49.7,0.0,5.2,0.0,54.9
ORD000519,2025-07-06 03:56:20,ST003,,Online,Card,Completed,41.2,0.0,3.76,0.0,44.96
ORD000520,2025-03-07 01:23:28,ST002,CUST00504,Online,Card,Completed,16.15,0.0,0.0,3.49,19.64
ORD000521,2025-09-10 09:35:58,ST008,CUST00307,In-store,Card,Completed,11.3,0.0,1.6,0.0,12.9
ORD000522,2025-08-17 05:15:29,ST007,CUST00427,Online,Card,Completed,51.5,1.92,1.1,0.0,50.68
ORD000523,2025-01-11 07:52:38,ST001,CUST00487,In-store,Card,Completed,44.7,0.0,3.0,0.0,47.7
ORD000524,2025-07-11 08:18:09,ST005,CUST00305,In-store,Card,Completed,29.0,0.0,4.76,0.0,33.76
ORD000525,2025-09-16 22:38:03,ST002,,In-store,Mobile Wallet,Completed,12.2,0.0,0.72,0.0,12.92
ORD000526,2025-01-15 16:40:43,ST005,CUST00126,In-store,Cash,Refunded,17.0,0.0,1.04,0.0,18.04
ORD000527,2025-10-25 18:09:09,ST008,CUST00262,In-store,Card,Completed,21.8,0.0,1.92,0.0,23.72
ORD000528,2025-02-28 11:36:51,ST005,CUST00060,In-store,Card,Completed,30.95,0.43,0.3,0.0,30.82
ORD000529,2025-02-28 19:01:54,ST007,,Online,Card,Completed,13.85,0.0,0.0,3.49,17.34
ORD000530,2025-08-03 05:51:47,ST005,,In-store,Mobile Wallet,Completed,1.8,0.0,0.36,0.0,2.16
ORD000531,2025-03-09 20:28:40,ST002,CUST00609,In-store,Cash,Completed,5.05,0.0,0.0,0.0,5.05
ORD000532,2025-03-24 13:55:35,ST006,CUST00131,In-store,Cash,Completed,13.7,0.0,0.82,0.0,14.52
ORD000533,2025-10-17 02:33:47,ST001,CUST00119,In-store,Mobile Wallet,Completed,42.15,0.0,1.12,0.0,43.27
ORD000534,2025-11-12 23:53:20,ST008,CUST00476,In-store,Card,Completed,4.8,0.0,0.72,0.0,5.52
ORD000535,2025-07-18 06:23:47,ST007,CUST00489,In-store,Card,Completed,60.85,3.6,0.0,0.0,57.25
ORD000536,2025-09-14 07:55:54,ST007,CUST00196,Click & Collect,Card,Completed,6.4,0.0,0.6,0.0,7.0
ORD000537,2025-07-04 12:47:29,ST004,CUST00596,In-store,Card,Completed,22.9,0.0,1.04,0.0,23.94
ORD000538,2025-06-14 19:19:21,ST008,CUST00624,In-store,Card,Completed,22.55,0.0,3.56,0.0,26.11
ORD000539,2025-07-21 12:04:58,ST002,CUST00073,In-store,Card,Completed,46.1,1.86,0.0,0.0,44.24
ORD000540,2025-07-10 18:31:35,ST001,CUST00745,In-store,Card,Completed,52.65,0.0,7.9,0.0,60.55
ORD000541,2025-06-15 22:18:11,ST004,CUST00406,In-store,Cash,Completed,19.8,0.0,0.4,0.0,20.2
ORD000542,2025-02-10 03:25:43,ST006,CUST00746,In-store,Card,Refunded,30.4,2.7,0.0,0.0,27.7
ORD000543,2025-05-30 16:27:30,ST005,CUST00661,Online,Card,Completed,26.85,0.0,0.58,3.49,30.92
ORD000544,2025-10-29 02:24:44,ST004,CUST00372,In-store,Mobile Wallet,Completed,13.6,0.0,1.82,0.0,15.42
ORD000545,2025-07-25 09:41:29,ST005,CUST00116,In-store,Cash,Completed,31.25,1.44,0.54,0.0,30.35
ORD000546,2025-06-20 13:01:48,ST008,,In-store,Card,Completed,7.65,0.0,0.68,0.0,8.33
ORD000547,2025-09-03 08:34:47,ST001,CUST00716,Click & Collect,Card,Completed,18.4,0.0,3.68,0.0,22.08
ORD000548,2025-02-02 05:59:29,ST006,,Online,Card,Completed,6.4,0.0,1.28,3.49,11.17
ORD000549,2025-03-02 17:47:50,ST004,CUST00354,In-store,Card,Completed,20.9,0.0,2.16,0.0,23.06
ORD000550,2025-08-23 20:10:09,ST005,,Click & Collect,Card,Completed,6.7,0.0,0.6,0.0,7.3
ORD000551,2025-05-09 04:12:13,ST007,CUST00486,In-store,Card,Completed,26.55,0.0,1.65,0.0,28.2
ORD000552,2025-06-19 10:51:47,ST005,CUST00750,In-store,Card,Completed,42.05,0.62,3.06,0.0,44.49
ORD000553,2025-02-22 19:51:50,ST001,CUST00430,In-store,Cash,Completed,30.15,0.66,2.34,0.0,31.83
ORD000554,2025-06-01 22:51:50,ST002,,In-store,Card,Completed,4.75,0.0,0.0,0.0,4.75
ORD000555,2025-05-16 01:49:47,ST001,CUST00684,In-store,Card,Completed,21.1,0.0,1.74,0.0,22.84
ORD000556,2025-04-05 17:44:55,ST006,CUST00078,In-store,Card,Completed,41.6,0.0,7.04,0.0,48.64
ORD000557,2025-06-18 08:59:12,ST007,CUST00242,In-store,Card,Completed,26.3,0.0,3.9,0.0,30.2
ORD000558,2025-06-03 02:16:00,ST007,,In-store,Card,Completed,12.6,0.0,0.52,0.0,13.12
ORD000559,2025-02-20 18:20:20,ST006,,In-store,Card,Completed,7.1,0.0,1.04,0.0,8.14
ORD000560,2025-12-21 02:33:44,ST003,,In-store,Card,Completed,56.55,1.63,4.13,0.0,59.05
ORD000561,2025-08-20 12:51:23,ST004,CUST00368,Online,Card,Completed,36.85,0.0,1.08,3.49,41.42
ORD000562,2025-03-06 23:33:38,ST006,CUST00765,In-store,Mobile Wallet,Completed,14.85,0.0,0.0,0.0,14.85
ORD000563,2025-02-15 07:54:13,ST004,CUST00237,In-store,Cash,Completed,41.0,2.16,0.52,0.0,39.36
ORD000564,2025-01-05 16:13:47,ST001,CUST00727,In-store,Mobile Wallet,Completed,4.4,0.44,0.0,0.0,3.96
ORD000565,2025-10-25 04:56:55,ST004,CUST00406,In-store,Card,Completed,35.85,0.0,1.2,0.0,37.05
ORD000566,2025-07-05 06:22:37,ST001,CUST00023,In-store,Mobile Wallet,Completed,14.2,0.0,1.98,0.0,16.18
ORD000567,2025-04-10 01:35:04,ST006,,In-store,Cash,Completed,11.45,0.0,2.29,0.0,13.74
ORD000568,2025-04-02 20:04:31,ST001,CUST00395,Click & Collect,Card,Completed,18.5,0.38,1.84,0.0,19.96
ORD000569,2025-12-29 08:35:39,ST004,CUST00750,In-store,Card,Completed,38.2,0.0,0.0,0.0,38.2
ORD000570,2025-02-22 02:38:56,ST005,CUST00301,Online,Cash,Refunded,19.75,0.0,0.71,3.49,23.95
ORD000571,2025-08-30 18:41:38,ST006,,In-store,Card,Completed,32.65,0.0,2.69,0.0,35.34
ORD000572,2025-03-30 14:58:12,ST007,,In-store,Cash,Completed,50.3,0.0,0.9,0.0,51.2
ORD000573,2025-02-23 10:46:39,ST007,CUST00525,In-store,Mobile Wallet,Completed,38.2,0.67,5.6,0.0,43.13
ORD000574,2025-04-24 06:45:59,ST003,CUST00145,Online,Mobile Wallet,Completed,22.3,0.0,1.2,3.49,26.99
ORD000575,2025-07-07 07:06:48,ST007,,In-store,Cash,Completed,18.65,0.0,0.78,0.0,19.43
ORD000576,2025-06-06 03:36:58,ST007,,In-store,Card,Completed,26.9,0.0,2.08,0.0,28.98
ORD000577,2025-01-29 17:38:18,ST004,,In-store,Card,Completed,37.0,0.0,2.78,0.0,39.78
ORD000578,2025-08-07 03:22:00,ST007,CUST00424,In-store,Card,Completed,4.8,0.0,0.0,0.0,4.8
ORD000579,2025-07-26 13:32:16,ST008,CUST00470,Online,Cash,Completed,46.9,0.0,2.68,0.0,49.58
ORD000580,2025-01-29 13:22:22,ST001,CUST00606,In-store,Card,Completed,17.15,0.6,0.72,0.0,17.27
ORD000581,2025-05-15 16:52:55,ST003,CUST00749,Click & Collect,Card,Completed,17.6,0.0,0.34,0.0,17.94
ORD000582,2025-06-16 13:25:30,ST003,CUST00202,In-store,Card,Completed,32.5,0.48,4.6,0.0,36.62
ORD000583,2025-02-14 10:33:51,ST002,CUST00668,In-store,Card,Completed,29.0,0.33,1.2,0.0,29.87
ORD000584,2025-07-31 13:06:56,ST004,CUST00336,In-store,Card,Completed,52.8,0.0,4.76,0.0,57.56
ORD000585,2025-07-23 11:11:31,ST006,CUST00059,In-store,Card,Completed,44.25,1.8,1.86,0.0,44.31
ORD000586,2025-01-02 14:58:26,ST007,CUST00583,In-store,Gift Card,Refunded,54.55,0.19,5.42,0.0,59.78
ORD000587,2025-12-19 02:15:24,ST005,CUST00279,In-store,Card,Completed,24.9,0.0,0.0,0.0,24.9
ORD000588,2025-12-21 23:13:19,ST002,CUST00023,In-store,Mobile Wallet,Completed,16.7,0.0,1.26,0.0,17.96
ORD000589,2025-11-04 06:32:37,ST005,CUST00520,In-store,Card,Completed,20.85,0.0,0.84,0.0,21.69
ORD000590,2025-01-18 01:36:37,ST007,,In-store,Card,Completed,28.25,0.0,5.06,0.0,33.31
ORD000591,2025-07-17 05:56:40,ST008,CUST00255,Online,Card,Completed,39.15,0.0,0.4,3.49,43.04
ORD000592,2025-05-18 14:11:29,ST002,CUST00576,Click & Collect,Card,Completed,42.75,0.0,0.96,0.0,43.71
ORD000593,2025-09-23 01:51:35,ST005,CUST00748,In-store,Card,Completed,47.1,0.0,0.0,0.0,47.1
ORD000594,2025-06-03 01:42:23,ST006,CUST00798,In-store,Card,Completed,42.55,2.06,3.24,0.0,43.73
ORD000595,2025-04-30 07:07:55,ST007,,In-store,Card,Completed,42.0,0.0,2.84,0.0,44.84
ORD000596,2025-04-29 09:29:27,ST002,,In-store,Mobile Wallet,Completed,81.75,0.0,4.96,0.0,86.71
ORD000597,2025-04-09 11:51:37,ST002,,Online,Card,Completed,6.4,0.0,1.28,3.49,11.17
ORD000598,2025-03-20 02:33:21,ST003,CUST00713,In-store,Card,Completed,48.4,0.0,0.0,0.0,48.4
ORD000599,2025-08-01 16:35:43,ST008,CUST00668,Online,Card,Completed,14.0,0.23,0.96,3.49,18.22
ORD000600,2025-12-12 19:03:00,ST007,,In-store,Card,Completed,20.65,0.44,1.66,0.0,21.87
ORD000601,2025-09-29 16:44:54,ST008,,In-store,Card,Completed,45.4,0.0,4.94,0.0,50.34
ORD000602,2025-07-09 22:08:32,ST003,CUST00204,Online,Card,Completed,27.5,0.0,1.3,3.49,32.29
ORD000603,2025-06-17 14:46:48,ST003,CUST00329,In-store,Card,Cancelled,52.1,0.6,1.06,0.0,0.0
ORD000604,2025-05-27 08:35:55,ST002,,In-store,Cash,Completed,23.4,0.0,1.0,0.0,24.4
ORD000605,2025-10-11 02:30:51,ST007,CUST00703,In-store,Card,Completed,8.6,0.0,0.0,0.0,8.6
ORD000606,2025-05-31 17:51:53,ST004,CUST00556,In-store,Card,Completed,15.25,0.0,0.75,0.0,16.0
ORD000607,2025-02-10 07:56:46,ST001,CUST00449,In-store,Card,Completed,12.3,0.0,0.3,0.0,12.6
ORD000608,2025-12-06 22:55:18,ST008,,In-store,Cash,Completed,39.35,0.0,1.36,0.0,40.71
ORD000609,2025-10-09 13:19:05,ST005,CUST00629,In-store,Card,Completed,16.65,0.0,1.7,0.0,18.35
ORD000610,2025-12-30 16:09:10,ST002,,In-store,Card,Completed,17.3,0.0,0.64,0.0,17.94
ORD000611,2025-04-12 01:25:45,ST001,CUST00269,In-store,Mobile Wallet,Completed,4.6,0.0,0.44,0.0,5.04
ORD000612,2025-05-06 23:25:17,ST003,,In-store,Cash,Completed,14.9,0.0,0.0,0.0,14.9
ORD000613,2025-11-27 17:13:01,ST002,CUST00285,Online,Card,Completed,9.2,0.0,0.64,3.49,13.33
ORD000614,2025-04-24 23:59:58,ST001,CUST00168,In-store,Cash,Completed,30.3,0.0,1.04,0.0,31.34
ORD000615,2025-06-11 16:25:43,ST004,CUST00044,Online,Cash,Refunded,17.6,1.24,1.04,3.49,20.89
ORD000616,2025-12-28 19:56:57,ST004,,In-store,Card,Completed,14.9,0.0,0.82,0.0,15.72
ORD000617,2025-03-08 11:16:41,ST001,,In-store,Card,Completed,12.0,0.0,0.52,0.0,12.52
ORD000618,2025-07-17 16:51:11,ST005,CUST00167,In-store,Gift Card,Completed,25.7,0.0,1.3,0.0,27.0
ORD000619,2025-06-03 05:55:27,ST001,CUST00559,In-store,Card,Completed,9.65,0.0,0.0,0.0,9.65
ORD000620,2025-08-28 08:37:25,ST007,,In-store,Card,Completed,80.7,3.6,4.86,0.0,81.96
ORD000621,2025-12-27 05:54:40,ST002,CUST00707,In-store,Card,Completed,7.8,0.0,0.42,0.0,8.22
ORD000622,2025-01-19 18:02:54,ST003,CUST00143,In-store,Card,Completed,23.6,0.2,2.74,0.0,26.14
ORD000623,2025-03-28 08:41:58,ST005,,In-store,Card,Completed,24.35,0.0,2.06,0.0,26.41
ORD000624,2025-11-23 07:56:59,ST002,CUST00235,In-store,Card,Completed,25.85,0.0,1.92,0.0,27.77
ORD000625,2025-10-16 22:49:51,ST006,CUST00475,Click & Collect,Card,Completed,30.0,0.0,0.0,0.0,30.0
ORD000626,2025-06-12 03:53:51,ST002,,In-store,Card,Completed,18.8,0.0,1.04,0.0,19.84
ORD000627,2025-05-10 05:12:50,ST004,CUST00743,In-store,Card,Completed,22.15,0.0,0.0,0.0,22.15
ORD000628,2025-11-15 10:18:25,ST007,CUST00228,Online,Card,Completed,16.9,0.0,0.6,3.49,20.99
ORD000629,2025-11-09 09:21:11,ST003,CUST00365,In-store,Card,Completed,8.55,0.0,0.0,0.0,8.55
ORD000630,2025-12-07 02:36:30,ST005,,In-store,Cash,Completed,18.6,0.0,0.0,0.0,18.6
ORD000631,2025-12-15 02:46:25,ST008,CUST00062,In-store,Card,Completed,20.7,0.0,1.2,0.0,21.9
ORD000632,2025-08-26 13:51:47,ST005,CUST00207,In-store,Card,Completed,11.7,0.0,0.86,0.0,12.56
ORD000633,2025-01-07 08:39:06,ST003,CUST00188,Click & Collect,Mobile Wallet,Completed,20.95,0.5,2.16,0.0,22.61
ORD000634,2025-03-09 17:19:20,ST005,,Click & Collect,Card,Completed,41.9,0.0,2.5,0.0,44.4
ORD000635,2025-01-08 02:37:34,ST006,CUST00490,In-store,Gift Card,Completed,9.5,0.55,0.0,0.0,8.95
ORD000636,2025-12-31 03:36:30,ST006,,In-store,Mobile Wallet,Completed,50.35,0.0,2.04,0.0,52.39
ORD000637,2025-11-21 03:42:36,ST007,CUST00028,In-store,Mobile Wallet,Completed,5.5,0.0,0.0,0.0,5.5
ORD000638,2025-01-26 12:09:12,ST003,CUST00223,Online,Card,Completed,26.6,0.12,0.0,3.49,29.97
ORD000639,2025-03-15 17:17:55,ST003,CUST00628,In-store,Mobile Wallet,Completed,44.75,0.0,3.84,0.0,48.59
ORD000640,2025-11-29 07:39:11,ST006,CUST00649,Online,Cash,Completed,13.25,0.0,0.0,3.49,16.74
ORD000641,2025-02-08 04:57:50,ST008,CUST00689,In-store,Card,Completed,2.2,0.33,0.0,0.0,1.87
ORD000642,2025-08-27 06:49:36,ST002,CUST00286,In-store,Card,Completed,23.6,0.0,0.68,0.0,24.28
ORD000643,2025-10-03 06:43:04,ST005,CUST00368,Online,Card,Completed,42.9,0.0,2.56,0.0,45.46
ORD000644,2025-07-03 04:50:16,ST001,CUST00157,Online,Cash,Completed,7.3,0.0,0.0,3.49,10.79
ORD000645,2025-06-02 03:57:56,ST005,CUST00138,In-store,Gift Card,Completed,12.2,0.0,0.44,0.0,12.64
ORD000646,2025-10-17 09:35:19,ST008,CUST00398,In-store,Card,Completed,11.5,0.0,1.56,0.0,13.06
ORD000647,2025-07-05 10:52:38,ST004,CUST00582,In-store,Card,Completed,3.2,0.0,0.3,0.0,3.5
ORD000648,2025-04-18 06:54:10,ST004,CUST00752,In-store,Card,Completed,23.4,0.66,2.04,0.0,24.78
ORD000649,2025-05-24 19:57:23,ST006,CUST00237,In-store,Card,Completed,12.0,0.0,1.92,0.0,13.92
ORD000650,2025-05-29 02:24:01,ST007,CUST00139,Online,Mobile Wallet,Completed,36.2,0.0,5.72,3.49,45.41
ORD000651,2025-03-13 08:03:37,ST001,CUST00315,In-store,Mobile Wallet,Completed,3.2,0.0,0.64,0.0,3.84
ORD000652,2025-10-28 21:53:37,ST002,CUST00079,In-store,Mobile Wallet,Completed,3.0,0.0,0.0,0.0,3.0
ORD000653,2025-06-18 04:36:56,ST001,CUST00582,Click & Collect,Mobile Wallet,Completed,9.6,0.0,0.0,0.0,9.6
ORD000654,2025-07-14 21:14:20,ST007,CUST00030,Online,Card,Completed,62.0,4.32,0.0,0.0,57.68
ORD000655,2025-10-12 00:14:33,ST002,,In-store,Cash,Completed,27.4,0.0,0.0,0.0,27.4
ORD000656,2025-07-25 06:25:40,ST006,CUST00154,In-store,Card,Completed,23.5,0.0,1.64,0.0,25.14
ORD000657,2025-01-08 06:10:25,ST008,CUST00730,In-store,Card,Completed,52.0,3.78,1.52,0.0,49.74
ORD000658,2025-08-17 02:59:56,ST003,CUST00384,In-store,Mobile Wallet,Completed,2.4,0.0,0.0,0.0,2.4
ORD000659,2025-03-07 15:54:29,ST008,,In-store,Card,Completed,55.7,0.0,3.76,0.0,59.46
ORD000660,2025-05-05 16:26:43,ST006,CUST00644,In-store,Cash,Completed,12.35,0.0,0.0,0.0,12.35
ORD000661,2025-04-04 08:29:35,ST007,CUST00393,In-store,Mobile Wallet,Completed,36.25,0.0,1.2,0.0,37.45
ORD000662,2025-06-05 02:45:58,ST006,CUST00263,In-store,Cash,Completed,12.9,0.0,0.52,0.0,13.42
ORD000663,2025-09-19 09:11:59,ST003,CUST00513,Click & Collect,Card,Completed,10.55,0.3,1.16,0.0,11.41
ORD000664,2025-07-10 15:44:24,ST003,CUST00597,Online,Card,Completed,46.05,0.0,0.3,0.0,46.35
ORD000665,2025-03-21 01:39:47,ST003,,In-store,Card,Completed,52.9,0.0,5.68,0.0,58.58
ORD000666,2025-06-23 03:12:47,ST004,CUST00397,In-store,Card,Completed,54.6,3.0,1.04,0.0,52.64
ORD000667,2025-08-13 08:59:46,ST001,CUST00128,Click & Collect,Mobile Wallet,Completed,33.9,0.0,2.62,0.0,36.52
ORD000668,2025-08-17 09:52:11,ST007,,In-store,Card,Completed,7.6,0.0,0.42,0.0,8.02
ORD000669,2025-06-25 21:30:31,ST006,CUST00600,In-store,Card,Completed,28.3,0.0,0.6,0.0,28.9
ORD000670,2025-08-25 09:43:23,ST001,CUST00755,Click & Collect,Card,Completed,63.5,4.22,1.12,0.0,60.4
ORD000671,2025-05-14 15:21:22,ST005,CUST00304,In-store,Card,Completed,37.2,0.0,0.0,0.0,37.2
ORD000672,2025-09-01 14:53:09,ST005,CUST00032,In-store,Cash,Completed,13.0,0.0,0.0,0.0,13.0
ORD000673,2025-05-08 22:59:08,ST004,CUST00147,In-store,Cash,Completed,39.3,0.0,2.8,0.0,42.1
ORD000674,2025-04-13 12:53:05,ST005,CUST00289,In-store,Cash,Completed,1.9,0.0,0.0,0.0,1.9
ORD000675,2025-03-03 13:33:36,ST006,CUST00435,In-store,Card,Completed,10.35,0.0,0.68,0.0,11.03
ORD000676,2025-04-15 14:24:47,ST008,,In-store,Gift Card,Completed,2.2,0.0,0.0,0.0,2.2
ORD000677,2025-08-19 13:26:14,ST002,CUST00402,In-store,Cash,Completed,40.4,0.0,7.22,0.0,47.62
ORD000678,2025-05-13 08:55:01,ST004,CUST00383,In-store,Card,Completed,4.65,0.0,0.38,0.0,5.03
ORD000679,2025-02-25 21:12:20,ST008,CUST00567,In-store,Mobile Wallet,Refunded,24.5,0.0,2.42,0.0,26.92
ORD000680,2025-11-06 22:08:34,ST004,CUST00002,In-store,Cash,Completed,49.8,0.0,2.96,0.0,52.76
ORD000681,2025-10-23 22:47:26,ST008,,Online,Card,Completed,23.6,0.0,2.16,3.49,29.25
ORD000682,2025-03-28 18:56:21,ST004,,Click & Collect,Card,Completed,64.0,0.0,1.36,0.0,65.36
ORD000683,2025-03-09 14:06:14,ST005,,Online,Cash,Completed,48.65,0.0,3.24,0.0,51.89
ORD000684,2025-10-16 03:34:46,ST004,CUST00185,Online,Card,Completed,46.85,0.0,4.35,0.0,51.2
ORD000685,2025-02-07 23:30:15,ST006,CUST00190,In-store,Card,Completed,19.5,0.63,1.48,0.0,20.35
ORD000686,2025-11-05 02:34:12,ST005,CUST00370,In-store,Card,Completed,35.9,0.0,1.8,0.0,37.7
ORD000687,2025-09-16 05:39:22,ST002,,In-store,Card,Completed,11.25,0.0,0.0,0.0,11.25
ORD000688,2025-03-17 13:46:05,ST006,CUST00740,In-store,Mobile Wallet,Completed,13.45,0.0,1.67,0.0,15.12
ORD000689,2025-04-12 17:25:23,ST008,,Online,Card,Completed,30.6,0.58,0.3,3.49,33.81
ORD000690,2025-07-03 22:37:34,ST004,CUST00794,Online,Cash,Completed,25.95,0.0,0.64,3.49,30.08
ORD000691,2025-09-28 23:54:41,ST007,CUST00279,In-store,Card,Completed,38.8,0.0,4.64,0.0,43.44
ORD000692,2025-02-08 18:17:17,ST002,CUST00576,In-store,Cash,Completed,13.25,0.0,0.84,0.0,14.09
ORD000693,2025-12-25 19:04:00,ST002,,In-store,Cash,Completed,45.9,0.0,0.0,0.0,45.9
ORD000694,2025-05-08 08:26:19,ST007,CUST00761,In-store,Mobile Wallet,Completed,18.5,0.0,1.06,0.0,19.56
ORD000695,2025-10-26 15:31:51,ST002,,In-store,Card,Completed,3.3,0.0,0.0,0.0,3.3
ORD000696,2025-11-12 19:23:17,ST008,,In-store,Card,Completed,13.8,0.0,2.52,0.0,16.32
ORD000697,2025-03-23 05:09:57,ST004,CUST00546,In-store,Card,Completed,64.55,0.0,3.56,0.0,68.11
ORD000698,2025-08-28 13:20:32,ST002,CUST00297,In-store,Card,Completed,18.95,0.0,1.42,0.0,20.37
ORD000699,2025-06-19 23:54:35,ST002,,In-store,Cash,Completed,25.5,0.0,1.28,0.0,26.78
ORD000700,2025-05-03 01:05:05,ST004,CUST00519,In-store,Mobile Wallet,Cancelled,31.3,0.0,0.0,0.0,0.0
ORD000701,2025-10-13 16:41:50,ST002,,Online,Card,Completed,58.15,0.0,1.14,0.0,59.29
ORD000702,2025-09-12 12:56:02,ST003,CUST00311,In-store,Card,Completed,13.3,0.3,0.36,0.0,13.36
ORD000703,2025-11-16 10:27:44,ST001,CUST00066,In-store,Mobile Wallet,Completed,1.85,0.0,0.0,0.0,1.85
ORD000704,2025-02-26 13:35:49,ST008,CUST00693,In-store,Card,Completed,25.65,0.0,0.6,0.0,26.25
ORD000705,2025-11-02 14:28:05,ST004,CUST00675,In-store,Cash,Completed,29.1,0.0,2.96,0.0,32.06
ORD000706,2025-10-21 23:11:41,ST001,CUST00216,In-store,Card,Completed,8.4,0.0,0.94,0.0,9.34
ORD000707,2025-04-04 17:47:52,ST001,CUST00305,Online,Card,Completed,25.65,0.33,0.94,3.49,29.75
ORD000708,2025-03-26 03:17:27,ST002,CUST00549,In-store,Card,Completed,5.9,0.0,0.3,0.0,6.2
ORD000709,2025-04-18 06:18:21,ST001,CUST00650,In-store,Card,Completed,28.15,1.25,1.3,0.0,28.2
ORD000710,2025-04-08 14:51:53,ST003,,Click & Collect,Card,Completed,33.9,2.54,1.92,0.0,33.28
ORD000711,2025-06-18 04:30:25,ST003,CUST00733,Online,Card,Completed,16.2,0.6,0.0,3.49,19.09
ORD000712,2025-02-16 20:36:54,ST004,CUST00511,In-store,Card,Completed,19.7,0.0,1.84,0.0,21.54
ORD000713,2025-03-03 21:39:03,ST005,,In-store,Cash,Completed,13.6,0.0,1.52,0.0,15.12
ORD000714,2025-02-27 21:52:51,ST005,CUST00073,Click & Collect,Card,Completed,33.6,0.0,5.8,0.0,39.4
ORD000715,2025-08-06 15:04:47,ST003,,In-store,Cash,Completed,11.55,0.23,0.68,0.0,12.0
ORD000716,2025-08-23 08:40:46,ST003,CUST00652,In-store,Cash,Completed,10.4,0.0,0.0,0.0,10.4
ORD000717,2025-04-15 19:32:25,ST006,CUST00792,In-store,Card,Completed,25.3,0.0,2.26,0.0,27.56
ORD000718,2025-05-12 05:08:55,ST008,CUST00117,In-store,Card,Completed,54.5,0.0,6.84,0.0,61.34
ORD000719,2025-10-23 17:55:40,ST007,,In-store,Card,Completed,22.65,0.0,0.44,0.0,23.09
ORD000720,2025-02-17 23:17:32,ST006,CUST00336,In-store,Card,Completed,17.5,0.0,1.16,0.0,18.66
ORD000721,2025-07-08 06:01:08,ST008,CUST00388,In-store,Card,Completed,10.85,0.0,0.37,0.0,11.22
ORD000722,2025-10-31 13:09:16,ST006,CUST00480,In-store,Card,Completed,7.9,0.0,0.3,0.0,8.2
ORD000723,2025-03-22 16:32:25,ST006,CUST00072,In-store,Card,Completed,12.8,0.0,1.04,0.0,13.84
ORD000724,2025-01-04 04:59:47,ST003,,In-store,Card,Cancelled,23.4,0.0,1.92,0.0,0.0
ORD000725,2025-10-21 04:16:19,ST008,CUST00482,Click & Collect,Cash,Completed,9.0,0.0,1.8,0.0,10.8
ORD000726,2025-08-22 03:13:05,ST007,CUST00692,In-store,Card,Completed,9.0,0.0,1.8,0.0,10.8
ORD000727,2025-07-03 20:34:01,ST005,CUST00509,In-store,Cash,Completed,17.65,0.0,1.02,0.0,18.67
ORD000728,2025-09-03 01:39:18,ST006,,In-store,Card,Completed,4.5,0.0,0.0,0.0,4.5
ORD000729,2025-08-08 14:42:24,ST001,CUST00713,In-store,Card,Completed,6.9,0.0,0.24,0.0,7.14
ORD000730,2025-03-27 08:10:00,ST004,CUST00672,In-store,Card,Completed,26.6,0.0,3.7,0.0,30.3
ORD000731,2025-05-30 00:27:46,ST008,,In-store,Card,Completed,19.6,0.0,2.6,0.0,22.2
ORD000732,2025-11-02 09:57:54,ST002,CUST00676,In-store,Mobile Wallet,Completed,15.3,0.0,2.1,0.0,17.4
ORD000733,2025-10-29 18:08:06,ST006,CUST00570,Online,Card,Completed,14.6,0.0,0.38,3.49,18.47
ORD000734,2025-09-18 21:57:41,ST005,CUST00184,In-store,Mobile Wallet,Cancelled,38.15,0.0,0.36,0.0,0.0
ORD000735,2025-11-20 07:15:33,ST002,CUST00475,In-store,Card,Completed,18.0,0.0,2.4,0.0,20.4
ORD000736,2025-06-12 01:01:41,ST001,CUST00239,In-store,Card,Completed,38.7,0.0,2.9,0.0,41.6
ORD000737,2025-06-21 15:15:37,ST004,,In-store,Cash,Completed,18.2,0.0,1.04,0.0,19.24
ORD000738,2025-09-29 22:32:27,ST004,,In-store,Card,Completed,11.2,0.0,0.52,0.0,11.72
ORD000739,2025-09-05 10:46:34,ST006,CUST00703,Click & Collect,Card,Completed,40.8,0.3,2.12,0.0,42.62
ORD000740,2025-09-03 23:52:13,ST002,CUST00020,In-store,Card,Completed,12.8,1.2,2.32,0.0,13.92
ORD000741,2025-09-10 00:46:29,ST007,,In-store,Card,Completed,15.1,0.0,0.0,0.0,15.1
ORD000742,2025-08-26 01:43:59,ST007,,Online,Card,Refunded,26.95,0.0,0.37,3.49,30.81
ORD000743,2025-01-03 11:11:26,ST005,,In-store,Card,Completed,2.95,0.0,0.0,0.0,2.95
ORD000744,2025-01-22 12:57:07,ST007,CUST00156,Click & Collect,Mobile Wallet,Completed,32.3,0.6,0.4,0.0,32.1
ORD000745,2025-11-13 04:09:15,ST004,CUST00228,In-store,Card,Completed,31.25,0.0,0.0,0.0,31.25
ORD000746,2025-05-21 11:46:01,ST001,CUST00364,In-store,Card,Completed,10.1,0.0,0.34,0.0,10.44
ORD000747,2025-03-25 16:19:24,ST006,CUST00087,In-store,Cash,Completed,35.0,0.0,1.56,0.0,36.56
ORD000748,2025-05-17 20:53:15,ST007,CUST00396,In-store,Card,Completed,19.5,0.0,0.38,0.0,19.88
ORD000749,2025-03-03 14:01:26,ST007,,In-store,Card,Completed,32.6,0.0,3.9,0.0,36.5
ORD000750,2025-01-09 18:27:03,ST001,CUST00054,Online,Card,Completed,17.3,0.66,0.84,3.49,20.97
ORD000751,2025-11-29 12:47:28,ST002,CUST00231,Online,Card,Completed,13.8,0.0,1.8,3.49,19.09
ORD000752,2025-06-12 10:46:45,ST004,,In-store,Mobile Wallet,Completed,15.85,0.6,1.06,0.0,16.31
ORD000753,2025-06-10 23:32:14,ST006,CUST00651,Online,Cash,Completed,2.75,0.0,0.0,3.49,6.24
ORD000754,2025-06-03 03:06:01,ST006,,In-store,Card,Completed,29.0,0.0,0.84,0.0,29.84
ORD000755,2025-09-24 16:44:10,ST003,CUST00704,In-store,Mobile Wallet,Cancelled,37.9,0.0,0.38,0.0,0.0
ORD000756,2025-03-09 11:44:20,ST003,CUST00396,In-store,Card,Completed,35.0,0.0,5.8,0.0,40.8
ORD000757,2025-10-31 00:58:30,ST002,CUST00110,In-store,Card,Completed,17.9,0.0,1.98,0.0,19.88
ORD000758,2025-07-02 17:40:06,ST008,CUST00479,Click & Collect,Card,Completed,5.6,0.0,0.64,0.0,6.24
ORD000759,2025-03-19 02:12:27,ST007,,In-store,Card,Completed,8.2,0.0,1.4,0.0,9.6
ORD000760,2025-10-22 16:17:51,ST007,CUST00784,In-store,Card,Completed,50.0,0.0,2.08,0.0,52.08
ORD000761,2025-01-09 23:25:16,ST002,,Online,Card,Completed,18.8,0.0,2.16,3.49,24.45
ORD000762,2025-02-24 04:10:15,ST003,CUST00696,In-store,Card,Completed,18.8,0.33,3.32,0.0,21.79
ORD000763,2025-03-31 05:56:14,ST001,,In-store,Card,Completed,26.3,0.0,3.4,0.0,29.7
ORD000764,2025-06-03 22:12:02,ST005,,In-store,Card,Completed,22.7,0.92,0.48,0.0,22.26
ORD000765,2025-02-12 09:18:08,ST008,CUST00571,In-store,Card,Cancelled,9.8,0.0,1.48,0.0,0.0
ORD000766,2025-05-24 05:35:11,ST001,,In-store,Card,Completed,4.0,0.0,0.0,0.0,4.0
ORD000767,2025-11-28 18:00:17,ST003,,Online,Card,Refunded,10.9,0.0,0.98,3.49,15.37
ORD000768,2025-09-27 14:54:43,ST005,CUST00003,In-store,Card,Completed,20.25,0.0,1.68,0.0,21.93
ORD000769,2025-03-25 07:04:29,ST007,,Click & Collect,Card,Completed,12.7,0.0,1.48,0.0,14.18
ORD000770,2025-08-23 22:17:37,ST002,CUST00030,In-store,Card,Completed,16.4,0.0,0.72,0.0,17.12
ORD000771,2025-12-18 03:31:49,ST006,CUST00611,In-store,Cash,Completed,2.2,0.0,0.0,0.0,2.2
ORD000772,2025-09-22 19:37:51,ST004,CUST00325,In-store,Card,Completed,2.0,0.0,0.0,0.0,2.0
ORD000773,2025-12-11 01:28:30,ST005,CUST00106,In-store,Card,Completed,7.2,0.0,0.0,0.0,7.2
ORD000774,2025-02-16 20:17:27,ST005,,In-store,Mobile Wallet,Completed,7.9,0.0,1.26,0.0,9.16
ORD000775,2025-02-03 09:08:20,ST004,CUST00605,In-store,Mobile Wallet,Completed,37.5,0.17,0.68,0.0,38.02
ORD000776,2025-04-05 23:44:12,ST001,CUST00112,In-store,Cash,Completed,16.4,0.38,0.64,0.0,16.66
ORD000777,2025-06-06 23:51:07,ST002,CUST00257,In-store,Mobile Wallet,Completed,28.45,0.0,3.12,0.0,31.57
ORD000778,2025-11-05 08:23:26,ST003,CUST00440,In-store,Cash,Refunded,14.95,0.0,0.44,0.0,15.39
ORD000779,2025-09-15 02:13:53,ST008,,In-store,Card,Completed,41.6,0.0,3.64,0.0,45.24
ORD000780,2025-04-28 08:57:55,ST008,CUST00233,Online,Card,Completed,24.2,0.0,0.58,3.49,28.27
ORD000781,2025-03-23 04:23:56,ST006,CUST00032,Click & Collect,Card,Completed,5.5,0.0,0.0,0.0,5.5
ORD000782,2025-09-29 08:24:05,ST001,CUST00163,In-store,Card,Completed,47.1,0.0,0.34,0.0,47.44
ORD000783,2025-08-12 05:35:15,ST002,CUST00410,Online,Gift Card,Completed,27.25,0.0,2.38,3.49,33.12
ORD000784,2025-05-05 02:43:51,ST003,CUST00367,In-store,Card,Completed,39.1,0.0,0.0,0.0,39.1
ORD000785,2025-03-24 18:43:33,ST003,,In-store,Cash,Completed,40.75,0.0,5.56,0.0,46.31
ORD000786,2025-07-04 22:50:51,ST007,,In-store,Card,Completed,22.95,0.0,1.17,0.0,24.12
ORD000787,2025-07-16 18:12:21,ST002,CUST00212,Online,Card,Completed,15.6,0.48,0.0,3.49,18.61
ORD000788,2025-12-16 08:27:54,ST008,,In-store,Card,Completed,12.3,0.12,0.28,0.0,12.46
ORD000789,2025-07-02 02:54:23,ST003,CUST00225,In-store,Card,Completed,11.7,0.0,1.12,0.0,12.82
ORD000790,2025-09-04 00:39:18,ST005,CUST00171,In-store,Mobile Wallet,Completed,72.0,0.0,0.44,0.0,72.44
ORD000791,2025-11-29 17:48:55,ST004,CUST00293,In-store,Card,Completed,2.6,0.0,0.52,0.0,3.12
ORD000792,2025-05-19 12:24:02,ST005,CUST00051,In-store,Card,Completed,39.0,0.0,4.32,0.0,43.32
ORD000793,2025-01-07 14:50:54,ST003,CUST00726,In-store,Card,Completed,26.35,0.48,2.33,0.0,28.2
ORD000794,2025-06-24 05:03:31,ST004,CUST00587,In-store,Card,Completed,34.7,0.0,5.58,0.0,40.28
ORD000795,2025-02-18 01:15:05,ST007,CUST00706,In-store,Card,Completed,12.1,0.0,1.05,0.0,13.15
ORD000796,2025-05-05 12:11:47,ST005,CUST00536,Click & Collect,Cash,Completed,23.5,0.0,2.17,0.0,25.67
ORD000797,2025-10-01 03:25:56,ST001,,Online,Card,Completed,18.6,0.0,2.08,3.49,24.17
ORD000798,2025-07-29 13:03:20,ST007,CUST00244,Click & Collect,Card,Completed,1.5,0.0,0.0,0.0,1.5
ORD000799,2025-07-08 17:31:58,ST006,CUST00453,In-store,Card,Completed,24.25,0.0,0.0,0.0,24.25
ORD000800,2025-08-04 13:19:41,ST006,CUST00587,In-store,Card,Completed,24.2,0.0,2.8,0.0,27.0
ORD000801,2025-04-21 20:20:55,ST008,CUST00174,In-store,Cash,Completed,38.7,0.0,4.2,0.0,42.9
ORD000802,2025-01-10 09:05:47,ST005,CUST00012,In-store,Mobile Wallet,Completed,17.4,0.0,1.92,0.0,19.32
ORD000803,2025-09-30 16:24:12,ST002,CUST00165,Click & Collect,Cash,Completed,24.3,0.6,0.56,0.0,24.26
ORD000804,2025-04-27 11:26:20,ST003,,In-store,Card,Completed,41.55,0.0,0.86,0.0,42.41
ORD000805,2025-04-16 22:02:13,ST006,CUST00773,In-store,Card,Completed,24.1,0.0,1.56,0.0,25.66
ORD000806,2025-03-20 17:37:36,ST007,,Online,Card,Completed,5.2,0.0,1.04,3.49,9.73
ORD000807,2025-03-30 06:37:36,ST007,CUST00440,In-store,Card,Completed,15.8,0.0,1.36,0.0,17.16
ORD000808,2025-12-13 16:42:28,ST001,CUST00335,In-store,Mobile Wallet,Refunded,64.4,0.48,6.6,0.0,70.52
ORD000809,2025-11-01 17:22:59,ST001,,In-store,Card,Refunded,15.5,0.0,0.37,0.0,15.87
ORD000810,2025-07-29 00:36:51,ST008,CUST00733,In-store,Card,Completed,41.35,0.48,1.39,0.0,42.26
ORD000811,2025-06-10 14:03:33,ST008,CUST00670,In-store,Card,Completed,7.5,0.0,0.0,0.0,7.5
ORD000812,2025-01-19 04:56:35,ST004,CUST00443,In-store,Card,Completed,50.8,2.2,1.72,0.0,50.32
ORD000813,2025-10-23 01:08:46,ST001,CUST00113,In-store,Card,Completed,59.3,0.0,2.16,0.0,61.46
ORD000814,2025-04-29 10:04:47,ST004,,Online,Card,Completed,36.25,0.0,0.18,3.49,39.92
ORD000815,2025-04-03 22:51:03,ST008,CUST00528,In-store,Card,Completed,21.6,0.0,3.8,0.0,25.4
ORD000816,2025-03-07 08:28:59,ST005,CUST00247,In-store,Mobile Wallet,Completed,28.5,0.0,2.7,0.0,31.2
ORD000817,2025-04-09 20:39:46,ST007,CUST00125,In-store,Card,Completed,45.0,0.0,3.1,0.0,48.1
ORD000818,2025-07-23 00:02:29,ST008,CUST00473,In-store,Cash,Completed,32.85,0.0,2.58,0.0,35.43
ORD000819,2025-10-11 23:40:12,ST006,,Online,Card,Completed,29.5,0.0,2.08,3.49,35.07
ORD000820,2025-06-12 07:54:20,ST008,,In-store,Card,Completed,12.5,0.23,0.68,0.0,12.95
ORD000821,2025-03-26 07:21:30,ST001,,Click & Collect,Gift Card,Completed,20.2,0.0,0.3,0.0,20.5
ORD000822,2025-01-04 00:27:59,ST006,,In-store,Card,Completed,30.95,0.6,2.46,0.0,32.81
ORD000823,2025-06-18 02:34:41,ST001,CUST00023,In-store,Card,Completed,44.2,1.68,0.4,0.0,42.92
ORD000824,2025-05-20 00:44:17,ST006,CUST00688,Click & Collect,Card,Completed,49.3,0.0,2.14,0.0,51.44
ORD000825,2025-06-22 22:22:49,ST002,,In-store,Mobile Wallet,Completed,20.85,0.0,2.28,0.0,23.13
ORD000826,2025-06-17 01:35:33,ST006,CUST00521,In-store,Card,Refunded,3.7,0.0,0.0,0.0,3.7
ORD000827,2025-12-23 01:41:41,ST005,CUST00601,In-store,Card,Completed,30.15,0.0,0.72,0.0,30.87
ORD000828,2025-01-24 06:25:31,ST005,CUST00325,In-store,Mobile Wallet,Completed,59.1,0.0,2.28,0.0,61.38
ORD000829,2025-09-26 17:52:22,ST007,CUST00639,In-store,Card,Completed,7.6,0.0,0.0,0.0,7.6
ORD000830,2025-01-31 12:39:38,ST004,,In-store,Gift Card,Cancelled,27.3,0.0,0.54,0.0,0.0
ORD000831,2025-06-18 00:11:11,ST002,CUST00234,Click & Collect,Card,Completed,23.7,0.0,1.08,0.0,24.78
ORD000832,2025-07-25 12:56:17,ST008,CUST00180,In-store,Card,Completed,15.0,0.0,0.96,0.0,15.96
ORD000833,2025-10-09 22:26:47,ST001,CUST00797,In-store,Card,Completed,28.5,0.0,2.6,0.0,31.1
ORD000834,2025-05-05 05:54:45,ST003,CUST00235,In-store,Cash,Completed,6.6,0.0,0.54,0.0,7.14
ORD000835,2025-06-30 23:25:54,ST005,CUST00646,In-store,Card,Completed,9.5,0.0,0.0,0.0,9.5
ORD000836,2025-03-24 00:40:58,ST006,CUST00046,In-store,Card,Completed,43.2,0.0,4.92,0.0,48.12
ORD000837,2025-12-31 19:04:09,ST005,CUST00390,Online,Card,Completed,34.7,0.0,0.52,3.49,38.71
ORD000838,2025-01-04 17:55:17,ST001,CUST00028,In-store,Card,Completed,31.6,0.0,0.0,0.0,31.6
ORD000839,2025-04-22 11:49:04,ST004,,Online,Mobile Wallet,Completed,34.05,0.0,3.49,3.49,41.03
ORD000840,2025-01-09 05:17:47,ST005,CUST00753,In-store,Card,Refunded,1.9,0.0,0.0,0.0,1.9
ORD000841,2025-04-17 22:15:40,ST002,CUST00472,In-store,Card,Completed,5.85,0.0,0.36,0.0,6.21
ORD000842,2025-06-22 22:17:12,ST002,,In-store,Card,Completed,24.45,0.62,0.37,0.0,24.2
ORD000843,2025-06-19 18:24:17,ST005,,In-store,Card,Completed,4.0,0.0,0.8,0.0,4.8
ORD000844,2025-03-30 12:17:27,ST008,CUST00492,In-store,Card,Completed,15.4,0.0,0.0,0.0,15.4
ORD000845,2025-06-08 21:03:16,ST006,CUST00402,In-store,Card,Completed,18.5,0.0,3.04,0.0,21.54
ORD000846,2025-10-03 11:46:13,ST003,CUST00018,In-store,Card,Completed,21.85,0.0,1.44,0.0,23.29
ORD000847,2025-02-22 18:05:29,ST004,CUST00333,In-store,Card,Completed,38.0,1.8,0.38,0.0,36.58
ORD000848,2025-01-29 05:21:54,ST008,CUST00251,In-store,Card,Completed,5.7,0.0,0.0,0.0,5.7
ORD000849,2025-02-28 13:58:24,ST002,CUST00115,In-store,Cash,Completed,28.5,0.0,3.56,0.0,32.06
ORD000850,2025-09-02 12:18:20,ST006,,Click & Collect,Gift Card,Completed,13.9,0.0,1.04,0.0,14.94
ORD000851,2025-09-22 05:45:18,ST007,CUST00368,Online,Cash,Completed,23.95,0.0,0.0,3.49,27.44
ORD000852,2025-09-12 02:48:40,ST003,,In-store,Card,Completed,34.65,0.6,4.24,0.0,38.29
ORD000853,2025-08-10 02:16:08,ST001,,In-store,Cash,Completed,30.1,0.0,0.0,0.0,30.1
ORD000854,2025-12-20 12:50:09,ST004,,In-store,Card,Completed,36.25,0.92,2.11,0.0,37.44
ORD000855,2025-09-02 11:04:02,ST003,CUST00007,In-store,Card,Completed,12.6,0.0,0.64,0.0,13.24
ORD000856,2025-01-12 13:31:12,ST001,CUST00203,In-store,Mobile Wallet,Completed,10.8,0.0,0.0,0.0,10.8
ORD000857,2025-02-12 07:32:33,ST008,CUST00228,Click & Collect,Card,Completed,47.3,0.0,3.07,0.0,50.37
ORD000858,2025-12-07 21:39:18,ST005,,In-store,Cash,Completed,59.3,0.0,7.1,0.0,66.4
ORD000859,2025-10-22 18:43:58,ST008,CUST00193,In-store,Cash,Completed,35.1,0.0,1.48,0.0,36.58
ORD000860,2025-08-26 04:44:46,ST002,CUST00326,In-store,Card,Completed,34.95,0.72,0.96,0.0,35.19
ORD000861,2025-05-11 19:15:20,ST002,CUST00301,In-store,Card,Completed,13.4,0.0,1.04,0.0,14.44
ORD000862,2025-06-02 11:35:58,ST008,CUST00039,Online,Cash,Completed,30.75,0.0,4.35,3.49,38.59
ORD000863,2025-01-15 22:46:13,ST006,,Click & Collect,Card,Completed,17.55,0.0,0.4,0.0,17.95
ORD000864,2025-02-26 23:31:19,ST005,,Click & Collect,Card,Cancelled,52.2,0.0,5.26,0.0,0.0
ORD000865,2025-03-04 23:41:01,ST002,CUST00240,In-store,Card,Completed,13.4,0.0,0.0,0.0,13.4
ORD000866,2025-11-04 21:44:29,ST003,CUST00262,Click & Collect,Mobile Wallet,Completed,20.5,0.0,4.1,0.0,24.6
ORD000867,2025-12-17 00:34:40,ST004,,Online,Card,Completed,16.05,0.54,1.25,3.49,20.25
ORD000868,2025-10-08 01:48:52,ST008,CUST00559,In-store,Card,Completed,66.8,0.0,11.14,0.0,77.94
ORD000869,2025-08-07 19:24:02,ST006,CUST00309,Online,Card,Completed,49.3,0.0,6.44,0.0,55.74
ORD000870,2025-09-05 19:37:43,ST002,CUST00447,In-store,Card,Completed,14.1,0.0,0.0,0.0,14.1
ORD000871,2025-03-29 04:25:39,ST002,,In-store,Card,Completed,7.4,0.0,0.0,0.0,7.4
ORD000872,2025-02-14 08:33:16,ST002,CUST00506,In-store,Cash,Completed,18.2,0.0,1.04,0.0,19.24
ORD000873,2025-10-30 09:00:23,ST001,,Online,Mobile Wallet,Completed,43.85,0.0,3.6,0.0,47.45
ORD000874,2025-10-18 07:03:49,ST006,CUST00158,In-store,Card,Completed,11.1,0.0,0.0,0.0,11.1
ORD000875,2025-06-08 15:43:49,ST005,CUST00010,In-store,Card,Completed,16.6,0.0,0.0,0.0,16.6
ORD000876,2025-08-24 19:01:08,ST002,,Online,Card,Completed,26.55,0.0,3.79,3.49,33.83
ORD000877,2025-12-09 11:23:21,ST003,CUST00079,In-store,Cash,Completed,8.75,0.0,0.0,0.0,8.75
ORD000878,2025-08-20 03:16:24,ST007,CUST00361,In-store,Card,Completed,17.8,0.0,2.36,0.0,20.16
ORD000879,2025-11-18 01:42:56,ST007,,Online,Cash,Completed,70.6,0.0,9.96,0.0,80.56
ORD000880,2025-08-17 14:07:38,ST002,,Online,Card,Completed,5.5,0.0,0.0,3.49,8.99
ORD000881,2025-11-07 05:54:36,ST001,CUST00113,In-store,Card,Completed,44.8,0.0,7.84,0.0,52.64
ORD000882,2025-11-30 03:09:45,ST006,CUST00744,In-store,Card,Completed,2.0,0.0,0.0,0.0,2.0
ORD000883,2025-03-08 11:57:48,ST006,CUST00520,Online,Card,Completed,18.5,0.0,0.38,3.49,22.37
ORD000884,2025-05-11 17:43:31,ST001,,Click & Collect,Card,Completed,61.35,0.0,7.02,0.0,68.37
ORD000885,2025-02-27 07:51:00,ST003,CUST00153,Online,Card,Completed,21.8,0.0,2.56,3.49,27.85
ORD000886,2025-08-09 13:26:39,ST008,CUST00570,In-store,Card,Completed,26.1,0.0,2.2,0.0,28.3
ORD000887,2025-03-02 19:14:59,ST006,CUST00366,In-store,Card,Completed,9.6,0.0,0.0,0.0,9.6
ORD000888,2025-01-13 04:53:27,ST006,CUST00610,In-store,Card,Completed,6.8,0.0,0.42,0.0,7.22
ORD000889,2025-11-17 10:20:31,ST004,,In-store,Cash,Refunded,25.45,0.0,1.69,0.0,27.14
ORD000890,2025-06-19 09:43:25,ST004,CUST00069,Online,Card,Completed,40.85,0.0,3.18,0.0,44.03
ORD000891,2025-07-08 12:41:16,ST005,,In-store,Card,Completed,23.65,0.0,2.44,0.0,26.09
ORD000892,2025-10-29 14:09:58,ST008,,In-store,Card,Completed,31.8,0.0,1.94,0.0,33.74
ORD000893,2025-03-09 19:54:20,ST005,CUST00559,Click & Collect,Card,Completed,1.8,0.0,0.36,0.0,2.16
ORD000894,2025-08-27 06:02:16,ST003,CUST00226,Online,Card,Completed,26.2,0.0,1.02,3.49,30.71
ORD000895,2025-07-25 18:32:57,ST001,CUST00696,Click & Collect,Card,Completed,36.5,0.0,5.16,0.0,41.66
ORD000896,2025-10-11 00:23:30,ST008,,In-store,Card,Completed,7.4,0.0,0.18,0.0,7.58
ORD000897,2025-10-14 20:59:58,ST008,,In-store,Card,Completed,28.65,0.0,3.98,0.0,32.63
ORD000898,2025-11-21 05:40:15,ST001,CUST00209,Online,Card,Completed,47.0,0.0,4.48,0.0,51.48
ORD000899,2025-11-13 22:07:04,ST003,CUST00624,In-store,Card,Completed,62.35,0.0,0.6,0.0,62.95
ORD000900,2025-06-26 14:58:29,ST004,CUST00491,In-store,Mobile Wallet,Completed,1.7,0.0,0.0,0.0,1.7
ORD000901,2025-12-20 08:56:51,ST008,CUST00645,Online,Card,Completed,12.45,0.15,2.09,3.49,17.88
ORD000902,2025-01-13 04:30:13,ST003,CUST00772,In-store,Card,Completed,5.1,0.0,0.0,0.0,5.1
ORD000903,2025-03-10 13:01:42,ST004,CUST00635,In-store,Card,Completed,7.55,0.0,0.44,0.0,7.99
ORD000904,2025-07-15 18:08:27,ST003,CUST00197,Online,Card,Completed,7.3,0.0,0.36,3.49,11.15
ORD000905,2025-01-14 17:08:42,ST001,CUST00234,In-store,Gift Card,Completed,18.5,0.0,1.0,0.0,19.5
ORD000906,2025-12-30 19:34:18,ST005,CUST00281,In-store,Mobile Wallet,Completed,15.8,0.0,0.3,0.0,16.1
ORD000907,2025-06-09 19:11:11,ST001,CUST00653,In-store,Mobile Wallet,Completed,3.85,0.0,0.0,0.0,3.85
ORD000908,2025-10-02 00:36:58,ST001,CUST00515,Online,Card,Cancelled,5.2,0.0,0.0,3.49,0.0
ORD000909,2025-12-14 19:05:41,ST001,,Click & Collect,Mobile Wallet,Completed,24.6,0.0,3.2,0.0,27.8
ORD000910,2025-12-06 19:00:54,ST004,CUST00192,Click & Collect,Card,Completed,22.55,0.0,1.46,0.0,24.01
ORD000911,2025-08-20 02:48:08,ST004,CUST00366,Online,Mobile Wallet,Completed,22.25,0.0,1.11,3.49,26.85
ORD000912,2025-08-15 01:32:09,ST006,CUST00136,In-store,Mobile Wallet,Completed,12.45,0.0,1.56,0.0,14.01
ORD000913,2025-05-10 03:35:54,ST001,CUST00315,Online,Mobile Wallet,Completed,19.7,0.0,2.66,3.49,25.85
ORD000914,2025-03-17 02:54:41,ST005,CUST00037,In-store,Cash,Completed,13.35,0.0,0.36,0.0,13.71
ORD000915,2025-05-18 03:47:29,ST007,CUST00141,In-store,Card,Completed,24.25,0.0,3.51,0.0,27.76
ORD000916,2025-03-05 01:36:00,ST005,,Click & Collect,Card,Completed,1.9,0.0,0.38,0.0,2.28
ORD000917,2025-06-29 14:42:03,ST005,CUST00778,Online,Card,Completed,37.65,2.16,0.37,3.49,39.35
ORD000918,2025-09-20 12:58:23,ST008,CUST00150,In-store,Card,Completed,14.0,0.0,1.32,0.0,15.32
ORD000919,2025-09-03 00:41:01,ST005,CUST00068,In-store,Card,Completed,27.8,0.9,0.66,0.0,27.56
ORD000920,2025-02-14 12:33:51,ST008,CUST00427,In-store,Card,Completed,30.15,0.0,3.68,0.0,33.83
ORD000921,2025-12-21 06:04:41,ST007,CUST00246,In-store,Card,Completed,11.25,0.0,0.44,0.0,11.69
ORD000922,2025-01-25 00:23:18,ST002,CUST00073,In-store,Cash,Completed,6.1,0.12,0.18,0.0,6.16
ORD000923,2025-07-14 06:42:52,ST005,CUST00310,In-store,Card,Completed,41.65,0.0,0.0,0.0,41.65
ORD000924,2025-05-03 21:04:30,ST002,CUST00281,In-store,Mobile Wallet,Completed,22.1,0.0,0.52,0.0,22.62
ORD000925,2025-05-17 18:05:39,ST008,,In-store,Card,Completed,18.7,0.0,0.42,0.0,19.12
ORD000926,2025-02-06 08:02:23,ST002,CUST00584,In-store,Card,Completed,9.6,0.0,0.48,0.0,10.08
ORD000927,2025-05-11 18:28:34,ST001,CUST00220,In-store,Gift Card,Completed,19.0,0.0,0.0,0.0,19.0
ORD000928,2025-09-02 13:33:37,ST007,CUST00707,In-store,Card,Completed,30.25,0.6,2.16,0.0,31.81
ORD000929,2025-12-08 00:35:14,ST008,,In-store,Card,Completed,7.5,0.0,0.0,0.0,7.5
ORD000930,2025-02-22 16:32:08,ST003,CUST00714,In-store,Card,Completed,30.0,0.0,5.66,0.0,35.66
ORD000931,2025-05-08 20:23:24,ST004,,In-store,Card,Completed,9.35,0.0,0.0,0.0,9.35
ORD000932,2025-02-22 01:07:33,ST004,,In-store,Card,Completed,34.9,0.0,1.96,0.0,36.86
ORD000933,2025-10-08 19:38:08,ST001,CUST00649,In-store,Mobile Wallet,Completed,44.5,0.0,5.1,0.0,49.6
ORD000934,2025-10-06 03:01:18,ST007,,In-store,Card,Completed,45.8,0.0,1.28,0.0,47.08
ORD000935,2025-11-28 07:46:10,ST008,CUST00133,In-store,Card,Completed,23.75,0.0,0.0,0.0,23.75
ORD000936,2025-03-08 03:15:42,ST005,CUST00493,In-store,Mobile Wallet,Completed,30.3,0.0,0.54,0.0,30.84
ORD000937,2025-06-19 00:30:19,ST005,CUST00618,In-store,Cash,Completed,1.85,0.0,0.0,0.0,1.85
ORD000938,2025-11-09 16:15:36,ST003,CUST00607,In-store,Cash,Completed,39.3,0.0,1.74,0.0,41.04
ORD000939,2025-08-26 20:14:22,ST003,CUST00441,In-store,Gift Card,Refunded,4.65,0.0,0.0,0.0,4.65
ORD000940,2025-03-17 23:18:06,ST008,CUST00049,Click & Collect,Cash,Completed,29.9,0.0,0.0,0.0,29.9
ORD000941,2025-06-14 11:27:26,ST008,CUST00785,In-store,Mobile Wallet,Completed,1.1,0.0,0.0,0.0,1.1
ORD000942,2025-08-03 05:44:26,ST004,CUST00134,In-store,Cash,Completed,19.35,0.62,1.28,0.0,20.01
ORD000943,2025-02-18 12:36:26,ST008,CUST00749,In-store,Cash,Completed,28.2,0.0,0.0,0.0,28.2
ORD000944,2025-06-04 20:05:26,ST006,CUST00187,In-store,Card,Completed,61.55,3.0,6.16,0.0,64.71
ORD000945,2025-12-21 18:26:50,ST008,CUST00470,In-store,Card,Completed,6.35,0.0,0.0,0.0,6.35
ORD000946,2025-01-11 17:07:02,ST005,CUST00491,In-store,Gift Card,Completed,64.05,0.0,9.36,0.0,73.41
ORD000947,2025-07-15 22:58:47,ST004,CUST00313,In-store,Card,Completed,37.6,1.96,0.34,0.0,35.98
ORD000948,2025-04-27 08:34:33,ST008,CUST00417,Online,Gift Card,Completed,34.6,0.0,0.38,3.49,38.47
ORD000949,2025-09-19 13:21:31,ST004,CUST00124,In-store,Cash,Completed,29.4,0.0,1.26,0.0,30.66
ORD000950,2025-12-10 20:48:51,ST003,CUST00658,Online,Card,Completed,30.4,0.0,0.36,3.49,34.25
ORD000951,2025-12-08 15:09:02,ST007,CUST00463,In-store,Mobile Wallet,Completed,36.0,0.0,0.0,0.0,36.0
ORD000952,2025-05-26 17:03:37,ST001,CUST00331,In-store,Card,Completed,37.2,0.0,1.4,0.0,38.6
ORD000953,2025-07-16 13:59:31,ST006,CUST00448,In-store,Card,Completed,18.9,0.6,0.9,0.0,19.2
ORD000954,2025-09-12 16:33:09,ST008,,Online,Cash,Completed,28.35,0.6,0.88,3.49,32.12
ORD000955,2025-08-31 00:12:22,ST001,CUST00342,In-store,Card,Completed,2.75,0.0,0.0,0.0,2.75
ORD000956,2025-05-18 00:25:36,ST006,CUST00477,In-store,Mobile Wallet,Completed,35.95,0.0,1.06,0.0,37.01
ORD000957,2025-07-09 18:26:27,ST003,CUST00658,In-store,Mobile Wallet,Completed,5.7,0.0,0.0,0.0,5.7
ORD000958,2025-03-07 07:28:22,ST002,CUST00299,In-store,Card,Completed,37.8,0.0,3.8,0.0,41.6
ORD000959,2025-05-08 17:42:15,ST004,CUST00098,Click & Collect,Gift Card,Completed,5.2,0.0,1.04,0.0,6.24
ORD000960,2025-10-18 01:08:53,ST004,CUST00351,Click & Collect,Card,Completed,23.3,0.0,0.0,0.0,23.3
ORD000961,2025-05-22 19:49:03,ST003,,Online,Card,Completed,21.6,0.0,2.72,3.49,27.81
ORD000962,2025-08-30 04:13:47,ST008,,In-store,Mobile Wallet,Completed,15.65,0.0,0.36,0.0,16.01
ORD000963,2025-03-25 02:38:44,ST003,CUST00704,In-store,Card,Cancelled,33.2,0.0,5.76,0.0,0.0
ORD000964,2025-08-11 05:50:29,ST004,CUST00449,Online,Card,Completed,16.6,0.0,0.52,3.49,20.61
ORD000965,2025-08-10 00:54:15,ST002,CUST00334,In-store,Mobile Wallet,Completed,32.9,0.96,0.38,0.0,32.32
ORD000966,2025-05-24 11:00:34,ST008,CUST00505,Click & Collect,Cash,Cancelled,4.2,0.0,0.44,0.0,0.0
ORD000967,2025-09-13 23:02:08,ST007,CUST00362,Online,Card,Completed,27.4,0.9,3.82,3.49,33.81
ORD000968,2025-10-31 14:16:43,ST007,,In-store,Card,Completed,3.0,0.0,0.0,0.0,3.0
ORD000969,2025-07-13 17:23:58,ST007,,In-store,Card,Completed,43.95,0.0,7.14,0.0,51.09
ORD000970,2025-09-29 14:51:34,ST008,,In-store,Mobile Wallet,Completed,44.1,0.0,0.7,0.0,44.8
ORD000971,2025-04-17 03:30:28,ST005,CUST00278,In-store,Card,Refunded,7.45,0.0,0.64,0.0,8.09
ORD000972,2025-06-12 08:21:05,ST002,CUST00739,In-store,Card,Completed,21.1,0.0,0.48,0.0,21.58
ORD000973,2025-04-08 07:03:30,ST007,CUST00530,Online,Card,Completed,1.8,0.0,0.36,3.49,5.65
ORD000974,2025-06-17 02:27:50,ST007,CUST00606,In-store,Card,Completed,19.0,0.0,2.62,0.0,21.62
ORD000975,2025-07-23 19:01:38,ST001,CUST00436,In-store,Mobile Wallet,Completed,4.0,0.0,0.18,0.0,4.18
ORD000976,2025-09-04 17:31:10,ST004,CUST00338,In-store,Cash,Completed,22.15,0.0,1.04,0.0,23.19
ORD000977,2025-10-22 09:21:48,ST005,,Online,Card,Completed,30.75,0.0,0.89,3.49,35.13
ORD000978,2025-03-22 15:22:53,ST006,CUST00799,In-store,Mobile Wallet,Completed,1.9,0.0,0.0,0.0,1.9
ORD000979,2025-08-20 21:49:32,ST007,CUST00504,In-store,Card,Completed,44.8,1.86,1.2,0.0,44.14
ORD000980,2025-07-31 03:59:05,ST005,CUST00127,In-store,Card,Refunded,15.9,0.0,0.6,0.0,16.5
ORD000981,2025-03-20 06:47:12,ST006,,In-store,Card,Completed,6.8,0.0,0.72,0.0,7.52
ORD000982,2025-11-19 13:29:08,ST002,CUST00591,Click & Collect,Cash,Completed,79.7,0.0,4.26,0.0,83.96
ORD000983,2025-03-11 00:22:08,ST004,CUST00758,In-store,Card,Completed,12.3,0.0,2.02,0.0,14.32
ORD000984,2025-03-25 10:33:47,ST001,CUST00484,In-store,Card,Completed,23.6,0.0,0.52,0.0,24.12
ORD000985,2025-09-22 22:21:41,ST002,,Online,Mobile Wallet,Completed,19.8,0.3,2.58,3.49,25.57
ORD000986,2025-02-28 13:32:26,ST004,CUST00587,Online,Card,Completed,26.8,0.9,2.72,3.49,32.11
ORD000987,2025-06-04 17:25:20,ST007,CUST00366,In-store,Card,Completed,52.75,0.48,5.46,0.0,57.73
ORD000988,2025-11-28 03:21:34,ST006,CUST00265,In-store,Card,Completed,22.2,0.0,2.36,0.0,24.56
ORD000989,2025-05-31 23:32:36,ST001,CUST00769,In-store,Mobile Wallet,Completed,37.2,0.0,3.46,0.0,40.66
ORD000990,2025-07-28 02:46:27,ST006,,In-store,Card,Completed,10.9,0.0,1.4,0.0,12.3
ORD000991,2025-06-17 04:12:23,ST004,CUST00031,In-store,Card,Completed,15.85,0.0,0.0,0.0,15.85
ORD000992,2025-01-18 07:36:42,ST001,CUST00242,In-store,Card,Completed,37.1,0.29,4.64,0.0,41.45
ORD000993,2025-08-14 16:01:46,ST005,,Click & Collect,Card,Completed,19.55,0.0,0.6,0.0,20.15
ORD000994,2025-03-25 12:26:11,ST007,CUST00520,In-store,Card,Completed,19.4,0.0,1.74,0.0,21.14
ORD000995,2025-02-09 20:26:38,ST003,CUST00050,In-store,Card,Completed,32.5,0.0,2.12,0.0,34.62
ORD000996,2025-11-18 18:14:47,ST007,,In-store,Card,Completed,2.0,0.0,0.0,0.0,2.0
ORD000997,2025-04-12 13:04:45,ST003,CUST00003,Online,Card,Completed,31.4,0.0,0.0,3.49,34.89
ORD000998,2025-02-10 21:44:47,ST001,CUST00323,In-store,Card,Completed,36.7,0.6,0.72,0.0,36.82
ORD000999,2025-08-10 21:19:11,ST002,CUST00362,In-store,Mobile Wallet,Completed,22.9,0.0,2.88,0.0,25.78
ORD001000,2025-07-09 01:00:38,ST007,CUST00624,In-store,Cash,Cancelled,3.6,0.0,0.24,0.0,0.0
ORD001001,2025-01-03 10:12:19,ST005,,Click & Collect,Card,Completed,29.8,0.2,1.92,0.0,31.52
ORD001002,2025-03-17 23:22:59,ST001,,In-store,Card,Completed,61.2,0.0,5.56,0.0,66.76
ORD001003,2025-08-12 09:26:48,ST004,CUST00597,In-store,Mobile Wallet,Completed,6.0,0.0,0.0,0.0,6.0
ORD001004,2025-10-13 23:43:52,ST006,,Online,Card,Completed,22.5,0.0,0.52,3.49,26.51
ORD001005,2025-02-14 11:38:01,ST002,CUST00637,In-store,Card,Completed,13.0,0.9,0.64,0.0,12.74
ORD001006,2025-11-18 13:10:10,ST005,,Online,Card,Completed,13.65,0.0,1.26,3.49,18.4
ORD001007,2025-03-30 05:12:05,ST004,CUST00298,Online,Card,Completed,32.5,0.0,2.4,3.49,38.39
ORD001008,2025-05-30 16:57:13,ST002,CUST00227,In-store,Card,Completed,11.75,0.0,0.0,0.0,11.75
ORD001009,2025-08-28 10:02:57,ST004,CUST00159,Click & Collect,Mobile Wallet,Completed,26.35,0.0,0.76,0.0,27.11
ORD001010,2025-01-13 17:41:08,ST006,CUST00515,Online,Card,Completed,43.9,0.5,5.4,0.0,48.8
ORD001011,2025-01-14 14:00:08,ST006,,In-store,Card,Refunded,24.8,0.0,2.82,0.0,27.62
ORD001012,2025-08-02 22:01:03,ST005,CUST00278,In-store,Mobile Wallet,Completed,30.5,0.0,0.0,0.0,30.5
ORD001013,2025-08-24 20:00:03,ST007,CUST00600,In-store,Card,Completed,34.7,0.0,0.0,0.0,34.7
ORD001014,2025-04-22 08:03:37,ST004,,In-store,Cash,Completed,14.45,0.0,1.13,0.0,15.58
ORD001015,2025-03-01 22:36:39,ST002,CUST00117,In-store,Mobile Wallet,Completed,55.35,0.0,6.98,0.0,62.33
ORD001016,2025-04-22 20:25:44,ST003,,In-store,Card,Completed,5.4,0.0,0.64,0.0,6.04
ORD001017,2025-02-02 16:39:17,ST007,CUST00259,Click & Collect,Gift Card,Completed,42.75,0.0,5.15,0.0,47.9
ORD001018,2025-06-30 22:22:30,ST005,,Click & Collect,Card,Completed,29.0,0.0,5.56,0.0,34.56
ORD001019,2025-06-11 15:16:40,ST005,,In-store,Cash,Completed,17.05,0.0,0.36,0.0,17.41
ORD001020,2025-12-12 07:08:14,ST007,CUST00416,In-store,Mobile Wallet,Completed,2.6,0.0,0.0,0.0,2.6
ORD001021,2025-10-31 14:46:01,ST001,CUST00303,In-store,Card,Completed,10.2,0.0,0.0,0.0,10.2
ORD001022,2025-09-17 06:31:08,ST004,CUST00475,In-store,Cash,Completed,16.0,0.0,3.2,0.0,19.2
ORD001023,2025-03-11 14:35:13,ST003,CUST00644,Online,Cash,Completed,8.9,0.0,0.0,3.49,12.39
ORD001024,2025-09-23 21:07:18,ST002,CUST00646,In-store,Card,Completed,28.8,0.0,0.52,0.0,29.32
ORD001025,2025-06-17 21:46:09,ST001,CUST00617,In-store,Mobile Wallet,Completed,15.65,0.0,1.41,0.0,17.06
ORD001026,2025-03-14 10:49:51,ST001,,In-store,Card,Completed,20.15,0.0,0.73,0.0,20.88
ORD001027,2025-11-11 16:29:44,ST006,CUST00263,In-store,Cash,Completed,25.3,0.0,4.44,0.0,29.74
ORD001028,2025-09-23 06:29:06,ST004,CUST00721,In-store,Card,Completed,37.05,0.0,0.0,0.0,37.05
ORD001029,2025-01-06 19:08:02,ST001,CUST00536,In-store,Card,Completed,22.85,0.08,0.0,0.0,22.78
ORD001030,2025-10-16 07:08:33,ST005,,In-store,Cash,Completed,38.6,0.0,1.14,0.0,39.74
ORD001031,2025-01-17 03:26:41,ST005,CUST00297,Click & Collect,Card,Completed,20.8,0.6,1.48,0.0,21.68
ORD001032,2025-12-27 20:09:44,ST001,CUST00414,Click & Collect,Card,Completed,21.0,0.0,0.0,0.0,21.0
ORD001033,2025-07-23 00:30:02,ST008,,In-store,Card,Completed,5.2,0.0,0.44,0.0,5.64
ORD001034,2025-05-02 10:51:27,ST007,CUST00297,Online,Card,Completed,35.25,0.0,0.34,3.49,39.08
ORD001035,2025-06-01 19:52:02,ST001,CUST00194,In-store,Mobile Wallet,Completed,64.4,0.0,7.42,0.0,71.82
ORD001036,2025-08-29 17:32:52,ST002,,Click & Collect,Card,Completed,19.85,0.0,0.76,0.0,20.61
ORD001037,2025-07-31 10:54:33,ST005,CUST00018,In-store,Cash,Completed,6.0,0.0,1.2,0.0,7.2
ORD001038,2025-09-27 18:09:33,ST004,CUST00553,In-store,Card,Completed,36.65,0.0,1.16,0.0,37.81
ORD001039,2025-05-04 18:00:10,ST001,CUST00432,In-store,Card,Completed,27.15,0.0,1.47,0.0,28.62
ORD001040,2025-03-20 15:03:52,ST005,CUST00178,Online,Card,Completed,29.2,0.0,2.66,3.49,35.35
ORD001041,2025-06-08 03:49:16,ST008,CUST00795,In-store,Card,Completed,16.4,0.0,2.56,0.0,18.96
ORD001042,2025-04-26 01:21:17,ST007,CUST00376,In-store,Card,Completed,2.0,0.0,0.4,0.0,2.4
ORD001043,2025-12-28 04:58:27,ST002,CUST00531,Online,Mobile Wallet,Completed,16.4,0.0,1.56,3.49,21.45
ORD001044,2025-03-26 13:32:33,ST006,CUST00711,Online,Cash,Completed,24.4,0.0,4.88,3.49,32.77
ORD001045,2025-11-13 00:05:50,ST007,CUST00060,In-store,Card,Completed,14.9,0.0,1.06,0.0,15.96
ORD001046,2025-11-20 21:26:04,ST008,,Click & Collect,Card,Completed,25.95,0.0,0.0,0.0,25.95
ORD001047,2025-04-08 05:23:02,ST002,CUST00075,In-store,Card,Completed,12.6,0.0,1.7,0.0,14.3
ORD001048,2025-02-21 06:02:53,ST004,,In-store,Card,Completed,7.35,0.0,0.0,0.0,7.35
ORD001049,2025-02-08 18:18:29,ST005,CUST00310,Online,Card,Completed,24.4,0.17,3.46,3.49,31.19
ORD001050,2025-05-18 01:55:45,ST004,CUST00545,Click & Collect,Card,Completed,11.7,0.0,2.12,0.0,13.82
ORD001051,2025-11-07 16:26:40,ST001,CUST00496,In-store,Card,Completed,8.6,0.0,1.2,0.0,9.8
ORD001052,2025-05-07 21:07:05,ST005,,Online,Card,Completed,16.9,0.0,2.86,3.49,23.25
ORD001053,2025-12-13 18:41:03,ST001,CUST00141,In-store,Cash,Completed,15.6,0.0,0.0,0.0,15.6
ORD001054,2025-09-09 02:40:17,ST004,CUST00218,In-store,Card,Completed,27.95,0.0,0.37,0.0,28.32
ORD001055,2025-07-28 12:20:03,ST003,,In-store,Card,Completed,28.5,0.0,1.42,0.0,29.92
ORD001056,2025-07-12 16:00:43,ST002,,In-store,Card,Completed,60.2,0.0,6.22,0.0,66.42
ORD001057,2025-10-19 03:38:56,ST005,,In-store,Card,Completed,28.8,0.0,0.0,0.0,28.8
ORD001058,2025-10-28 04:19:07,ST006,CUST00520,In-store,Card,Completed,27.4,0.0,4.34,0.0,31.74
ORD001059,2025-05-09 10:06:27,ST006,,In-store,Mobile Wallet,Completed,20.35,0.0,0.64,0.0,20.99
ORD001060,2025-11-22 16:58:58,ST004,,In-store,Cash,Completed,34.75,0.0,2.55,0.0,37.3
ORD001061,2025-11-20 12:38:16,ST001,CUST00519,Online,Card,Completed,18.0,0.0,1.28,3.49,22.77
ORD001062,2025-07-16 12:03:29,ST002,,Click & Collect,Mobile Wallet,Completed,17.7,0.48,0.0,0.0,17.22
ORD001063,2025-03-01 05:00:48,ST007,CUST00187,In-store,Card,Completed,18.5,0.0,2.24,0.0,20.74
ORD001064,2025-04-08 21:51:06,ST005,,In-store,Mobile Wallet,Completed,50.2,0.38,0.0,0.0,49.82
ORD001065,2025-11-29 23:52:16,ST008,CUST00364,In-store,Card,Completed,9.0,0.0,0.0,0.0,9.0
ORD001066,2025-09-15 06:27:32,ST002,CUST00014,Online,Cash,Completed,37.55,0.6,5.0,3.49,45.44
ORD001067,2025-08-02 15:20:59,ST007,,In-store,Card,Completed,31.8,0.62,1.67,0.0,32.85
ORD001068,2025-10-25 06:21:13,ST008,CUST00159,In-store,Card,Completed,28.9,0.0,2.78,0.0,31.68
ORD001069,2025-02-08 18:53:59,ST007,CUST00110,Online,Mobile Wallet,Completed,13.3,0.0,0.0,3.49,16.79
ORD001070,2025-04-11 07:25:04,ST001,CUST00500,In-store,Gift Card,Completed,42.3,0.0,2.14,0.0,44.44
ORD001071,2025-10-20 13:37:03,ST008,,In-store,Mobile Wallet,Completed,29.4,0.0,1.84,0.0,31.24
ORD001072,2025-05-30 20:04:44,ST005,CUST00107,In-store,Card,Completed,62.95,0.0,2.92,0.0,65.87
ORD001073,2025-08-01 18:00:18,ST007,,In-store,Card,Completed,25.65,0.0,1.7,0.0,27.35
ORD001074,2025-07-06 15:37:50,ST006,,In-store,Card,Completed,9.5,0.0,0.3,0.0,9.8
ORD001075,2025-02-12 13:42:46,ST004,CUST00511,Click & Collect,Card,Completed,19.1,1.08,1.74,0.0,19.76
ORD001076,2025-01-03 22:58:11,ST004,CUST00772,In-store,Card,Completed,2.6,0.0,0.52,0.0,3.12
ORD001077,2025-08-24 06:55:45,ST008,,In-store,Card,Completed,35.65,1.8,2.29,0.0,36.14
ORD001078,2025-08-04 19:07:10,ST002,CUST00147,Click & Collect,Card,Completed,40.1,1.24,0.98,0.0,39.84
ORD001079,2025-01-18 10:17:09,ST002,CUST00600,In-store,Mobile Wallet,Completed,30.5,0.0,0.7,0.0,31.2
ORD001080,2025-11-29 10:48:02,ST006,CUST00753,In-store,Mobile Wallet,Completed,16.8,0.0,1.14,0.0,17.94
ORD001081,2025-10-01 14:21:36,ST006,CUST00263,Click & Collect,Card,Completed,44.9,0.0,0.54,0.0,45.44
ORD001082,2025-12-05 09:18:51,ST007,CUST00049,Online,Cash,Completed,55.1,0.12,3.16,0.0,58.14
ORD001083,2025-09-26 18:30:06,ST002,,In-store,Card,Completed,37.8,0.0,0.0,0.0,37.8
ORD001084,2025-01-06 11:30:28,ST006,,In-store,Card,Completed,30.95,0.28,0.0,0.0,30.67
ORD001085,2025-02-15 14:22:58,ST002,,In-store,Card,Completed,21.55,0.63,0.0,0.0,20.92
ORD001086,2025-08-25 11:31:49,ST001,,In-store,Cash,Completed,41.1,0.0,6.36,0.0,47.46
ORD001087,2025-02-01 19:01:46,ST004,CUST00661,In-store,Card,Completed,7.2,0.0,0.52,0.0,7.72
ORD001088,2025-08-21 11:07:29,ST007,CUST00740,In-store,Card,Refunded,31.1,0.0,5.18,0.0,36.28
ORD001089,2025-06-21 10:46:21,ST008,CUST00112,In-store,Cash,Completed,32.35,0.0,6.32,0.0,38.67
ORD001090,2025-08-22 05:22:02,ST004,CUST00329,Online,Mobile Wallet,Completed,41.25,0.0,6.2,0.0,47.45
ORD001091,2025-06-28 00:15:21,ST005,CUST00572,In-store,Card,Completed,26.85,0.0,3.6,0.0,30.45
ORD001092,2025-04-29 06:59:27,ST008,,In-store,Mobile Wallet,Completed,25.7,0.0,4.48,0.0,30.18
ORD001093,2025-12-27 09:58:24,ST003,,In-store,Card,Completed,23.5,0.0,0.64,0.0,24.14
ORD001094,2025-10-23 12:00:58,ST005,CUST00279,Click & Collect,Card,Completed,5.0,0.0,0.0,0.0,5.0
ORD001095,2025-10-19 23:08:50,ST001,,In-store,Card,Completed,14.4,0.0,0.3,0.0,14.7
ORD001096,2025-06-08 04:36:51,ST008,,In-store,Gift Card,Completed,7.2,0.72,0.0,0.0,6.48
ORD001097,2025-02-19 08:04:16,ST004,CUST00290,Online,Cash,Completed,12.55,0.14,1.84,3.49,17.74
ORD001098,2025-04-22 23:46:18,ST002,CUST00470,In-store,Card,Completed,11.6,0.0,1.28,0.0,12.88
ORD001099,2025-05-16 00:39:49,ST006,CUST00117,Online,Card,Completed,34.35,0.0,2.56,3.49,40.4
ORD001100,2025-09-17 09:10:40,ST007,CUST00007,In-store,Card,Completed,40.6,0.0,4.84,0.0,45.44
ORD001101,2025-11-03 08:39:35,ST007,,In-store,Cash,Completed,27.4,0.0,2.54,0.0,29.94
ORD001102,2025-09-17 21:37:47,ST002,,In-store,Card,Completed,22.5,0.6,1.16,0.0,23.06
ORD001103,2025-12-07 01:03:57,ST004,CUST00366,Online,Card,Completed,14.2,0.0,0.0,3.49,17.69
ORD001104,2025-08-22 11:00:01,ST007,CUST00521,In-store,Card,Completed,56.35,1.8,4.56,0.0,59.11
ORD001105,2025-06-11 03:53:14,ST006,CUST00569,In-store,Gift Card,Completed,18.85,0.0,0.54,0.0,19.39
ORD001106,2025-07-31 00:10:11,ST001,,In-store,Card,Completed,29.45,0.0,3.64,0.0,33.09
ORD001107,2025-08-15 06:18:28,ST002,,In-store,Mobile Wallet,Completed,14.2,0.72,0.0,0.0,13.48
ORD001108,2025-01-01 02:06:17,ST005,CUST00747,In-store,Card,Completed,13.35,0.08,0.38,0.0,13.66
ORD001109,2025-11-14 04:43:29,ST005,CUST00691,In-store,Mobile Wallet,Completed,18.0,0.0,0.0,0.0,18.0
ORD001110,2025-10-02 22:34:12,ST004,CUST00341,In-store,Card,Completed,16.0,0.0,0.6,0.0,16.6
ORD001111,2025-10-19 15:49:07,ST003,CUST00374,In-store,Card,Completed,46.1,0.0,6.82,0.0,52.92
ORD001112,2025-03-08 07:51:41,ST004,CUST00386,Online,Card,Completed,19.9,0.0,3.98,3.49,27.37
ORD001113,2025-08-16 21:20:05,ST005,CUST00532,In-store,Card,Completed,9.9,0.0,0.84,0.0,10.74
ORD001114,2025-05-07 00:53:53,ST002,CUST00440,In-store,Card,Completed,8.0,0.0,1.05,0.0,9.05
ORD001115,2025-07-05 08:44:43,ST004,CUST00245,In-store,Cash,Completed,34.95,2.88,1.04,0.0,33.11
ORD001116,2025-04-25 12:46:19,ST001,CUST00160,In-store,Mobile Wallet,Completed,23.25,0.0,0.78,0.0,24.03
ORD001117,2025-06-26 18:15:20,ST003,CUST00702,In-store,Card,Completed,30.9,0.0,5.64,0.0,36.54
ORD001118,2025-06-26 05:01:59,ST006,CUST00132,In-store,Card,Completed,63.25,0.0,1.9,0.0,65.15
ORD001119,2025-08-12 19:26:59,ST007,CUST00010,In-store,Card,Completed,10.1,0.0,1.26,0.0,11.36
ORD001120,2025-08-04 16:12:54,ST003,CUST00683,Click & Collect,Mobile Wallet,Completed,13.95,0.0,0.76,0.0,14.71
ORD001121,2025-08-13 02:57:35,ST005,CUST00455,In-store,Cash,Completed,14.4,0.62,0.36,0.0,14.14
ORD001122,2025-07-22 08:24:35,ST007,CUST00389,In-store,Card,Completed,58.1,0.0,2.64,0.0,60.74
ORD001123,2025-03-08 00:57:46,ST006,CUST00465,In-store,Cash,Completed,16.8,0.0,3.14,0.0,19.94
ORD001124,2025-12-27 21:00:06,ST007,CUST00372,In-store,Card,Completed,20.3,0.0,2.58,0.0,22.88
ORD001125,2025-09-29 20:02:32,ST005,CUST00150,In-store,Card,Refunded,6.6,0.0,0.36,0.0,6.96
ORD001126,2025-04-20 01:25:47,ST003,CUST00718,In-store,Cash,Completed,41.05,0.0,1.92,0.0,42.97
ORD001127,2025-03-11 15:52:47,ST006,CUST00247,In-store,Cash,Completed,46.6,0.0,3.08,0.0,49.68
ORD001128,2025-03-30 20:48:38,ST003,,In-store,Card,Completed,23.9,0.0,0.9,0.0,24.8
ORD001129,2025-06-10 15:10:48,ST007,CUST00141,Click & Collect,Card,Completed,7.4,0.0,1.04,0.0,8.44
ORD001130,2025-06-24 13:45:50,ST005,CUST00181,In-store,Card,Completed,25.6,0.0,0.9,0.0,26.5
ORD001131,2025-03-06 05:56:34,ST005,CUST00435,Online,Card,Completed,45.35,0.0,0.72,0.0,46.07
ORD001132,2025-11-04 00:18:46,ST004,,In-store,Cash,Completed,23.55,0.0,0.0,0.0,23.55
ORD001133,2025-05-07 15:58:34,ST004,CUST00647,In-store,Card,Completed,41.4,0.0,3.88,0.0,45.28
ORD001134,2025-05-22 14:38:19,ST007,CUST00054,In-store,Cash,Completed,44.6,0.0,3.42,0.0,48.02
ORD001135,2025-06-01 01:39:28,ST003,CUST00202,Online,Cash,Completed,53.6,3.6,0.36,0.0,50.36
ORD001136,2025-04-08 03:31:22,ST007,CUST00051,In-store,Card,Completed,47.8,0.85,1.11,0.0,48.06
ORD001137,2025-06-02 02:57:07,ST006,CUST00116,In-store,Cash,Completed,3.95,0.0,0.0,0.0,3.95
ORD001138,2025-02-04 06:21:00,ST008,CUST00778,In-store,Card,Completed,34.4,0.0,1.36,0.0,35.76
ORD001139,2025-03-12 18:18:35,ST004,,In-store,Card,Completed,13.5,0.0,0.96,0.0,14.46
ORD001140,2025-10-20 15:55:16,ST006,,In-store,Card,Completed,31.55,0.0,0.0,0.0,31.55
ORD001141,2025-07-15 21:46:29,ST004,CUST00425,In-store,Card,Completed,47.2,0.0,4.96,0.0,52.16
ORD001142,2025-03-26 05:08:41,ST004,CUST00046,Online,Mobile Wallet,Completed,32.25,0.0,0.3,3.49,36.04
ORD001143,2025-12-13 16:35:16,ST002,,In-store,Card,Completed,15.2,0.0,0.42,0.0,15.62
ORD001144,2025-12-24 17:20:03,ST003,,In-store,Card,Completed,26.35,0.15,2.48,0.0,28.68
ORD001145,2025-04-11 07:55:12,ST008,CUST00797,In-store,Card,Cancelled,68.2,0.0,3.7,0.0,0.0
ORD001146,2025-04-17 18:07:58,ST007,CUST00431,In-store,Card,Completed,69.3,0.29,4.78,0.0,73.79
ORD001147,2025-12-16 13:48:52,ST001,CUST00484,In-store,Card,Completed,9.15,0.0,0.0,0.0,9.15
ORD001148,2025-05-28 22:55:35,ST001,,In-store,Card,Completed,12.5,0.0,0.42,0.0,12.92
ORD001149,2025-10-11 04:50:40,ST004,CUST00733,Online,Cash,Completed,24.2,0.0,1.36,3.49,29.05
ORD001150,2025-03-20 14:01:11,ST003,CUST00613,In-store,Card,Completed,6.2,0.0,0.54,0.0,6.74
ORD001151,2025-01-26 21:52:08,ST008,,Click & Collect,Card,Completed,24.15,0.0,3.07,0.0,27.22
ORD001152,2025-01-27 22:23:38,ST003,,In-store,Cash,Completed,18.0,0.0,2.02,0.0,20.02
ORD001153,2025-07-04 08:02:15,ST007,CUST00369,In-store,Card,Completed,8.9,0.0,1.08,0.0,9.98
ORD001154,2025-11-13 14:06:13,ST008,,In-store,Card,Completed,24.75,0.0,1.6,0.0,26.35
ORD001155,2025-10-14 20:02:56,ST005,CUST00023,In-store,Card,Completed,35.7,0.0,0.0,0.0,35.7
ORD001156,2025-03-04 22:44:18,ST006,,Online,Card,Completed,12.0,0.0,0.0,3.49,15.49
ORD001157,2025-12-29 15:01:42,ST008,,Online,Gift Card,Completed,16.3,0.0,2.63,3.49,22.42
ORD001158,2025-05-05 07:50:36,ST005,,In-store,Card,Completed,32.0,0.0,0.8,0.0,32.8
ORD001159,2025-07-18 21:10:05,ST004,CUST00167,In-store,Card,Completed,25.4,1.24,2.6,0.0,26.76
ORD001160,2025-09-09 18:33:58,ST003,CUST00089,In-store,Card,Completed,17.05,1.2,1.86,0.0,17.71
ORD001161,2025-01-12 05:41:25,ST003,,In-store,Card,Completed,15.6,0.0,1.94,0.0,17.54
ORD001162,2025-05-03 00:18:00,ST001,CUST00297,In-store,Mobile Wallet,Cancelled,37.4,0.0,1.92,0.0,0.0
ORD001163,2025-01-21 12:23:24,ST002,,Online,Mobile Wallet,Completed,2.4,0.24,0.0,3.49,5.65
ORD001164,2025-11-27 10:45:21,ST006,CUST00499,In-store,Card,Completed,33.4,0.0,2.48,0.0,35.88
ORD001165,2025-03-24 13:50:48,ST006,CUST00604,Click & Collect,Card,Completed,25.95,0.0,3.68,0.0,29.63
ORD001166,2025-01-13 16:54:20,ST006,CUST00697,Online,Card,Completed,42.5,0.0,5.66,0.0,48.16
ORD001167,2025-03-02 07:49:46,ST008,,In-store,Card,Completed,25.5,0.0,1.12,0.0,26.62
ORD001168,2025-07-21 03:01:56,ST005,CUST00157,In-store,Mobile Wallet,Completed,16.6,0.0,0.72,0.0,17.32
ORD001169,2025-11-09 01:11:56,ST006,CUST00682,Click & Collect,Mobile Wallet,Completed,17.35,0.0,2.68,0.0,20.03
ORD001170,2025-06-04 08:08:28,ST007,CUST00307,Click & Collect,Card,Completed,54.9,1.8,4.78,0.0,57.88
ORD001171,2025-02-08 20:28:25,ST007,CUST00011,In-store,Card,Completed,21.9,0.49,0.54,0.0,21.94
ORD001172,2025-01-17 11:57:11,ST004,CUST00359,In-store,Cash,Completed,0.9,0.0,0.18,0.0,1.08
ORD001173,2025-05-01 18:56:33,ST007,CUST00034,Online,Card,Completed,3.8,0.0,0.76,3.49,8.05
ORD001174,2025-07-31 16:51:40,ST008,CUST00111,In-store,Card,Completed,32.4,0.0,3.12,0.0,35.52
ORD001175,2025-07-19 05:27:59,ST006,CUST00699,In-store,Card,Completed,42.4,0.0,1.9,0.0,44.3
ORD001176,2025-11-09 10:39:56,ST004,CUST00744,In-store,Mobile Wallet,Completed,64.5,0.0,5.22,0.0,69.72
ORD001177,2025-07-23 22:46:58,ST003,CUST00105,Click & Collect,Cash,Completed,10.4,0.0,0.0,0.0,10.4
ORD001178,2025-02-19 08:05:28,ST001,CUST00346,In-store,Gift Card,Completed,25.1,0.0,1.56,0.0,26.66
ORD001179,2025-09-18 03:55:26,ST008,,In-store,Card,Completed,35.8,0.9,4.06,0.0,38.96
ORD001180,2025-04-28 00:03:12,ST003,CUST00093,In-store,Card,Completed,37.45,0.0,1.7,0.0,39.15
ORD001181,2025-03-14 03:44:38,ST008,,In-store,Cash,Completed,24.1,0.0,2.82,0.0,26.92
ORD001182,2025-12-22 20:44:10,ST006,,In-store,Card,Completed,29.75,0.48,3.02,0.0,32.29
ORD001183,2025-08-02 16:37:11,ST003,CUST00462,In-store,Mobile Wallet,Completed,9.7,0.0,1.94,0.0,11.64
ORD001184,2025-08-13 14:07:53,ST002,CUST00298,In-store,Cash,Cancelled,22.8,0.62,0.98,0.0,0.0
ORD001185,2025-12-11 18:01:41,ST007,CUST00204,In-store,Cash,Completed,14.6,0.0,0.0,0.0,14.6
ORD001186,2025-05-18 02:08:19,ST006,CUST00771,In-store,Card,Completed,18.6,0.0,0.0,0.0,18.6
ORD001187,2025-04-26 01:35:39,ST004,,In-store,Mobile Wallet,Completed,6.6,0.0,1.32,0.0,7.92
ORD001188,2025-05-13 09:07:46,ST004,CUST00171,Click & Collect,Card,Completed,30.9,0.0,1.32,0.0,32.22
ORD001189,2025-03-03 10:33:38,ST004,,Online,Mobile Wallet,Completed,11.4,0.0,0.9,3.49,15.79
ORD001190,2025-05-09 07:26:12,ST004,CUST00336,Online,Mobile Wallet,Completed,7.25,0.0,0.0,3.49,10.74
ORD001191,2025-04-23 11:22:25,ST003,,In-store,Card,Completed,10.6,0.0,0.36,0.0,10.96
ORD001192,2025-04-28 15:12:46,ST002,CUST00034,In-store,Card,Completed,48.7,0.0,6.24,0.0,54.94
ORD001193,2025-03-22 07:20:57,ST004,,In-store,Card,Completed,4.0,0.0,0.8,0.0,4.8
ORD001194,2025-05-20 04:22:49,ST005,CUST00575,In-store,Card,Completed,9.9,0.0,0.0,0.0,9.9
ORD001195,2025-06-15 19:04:54,ST002,,In-store,Mobile Wallet,Completed,55.35,3.02,0.42,0.0,52.75
ORD001196,2025-02-01 01:46:50,ST004,CUST00612,In-store,Card,Completed,23.0,0.0,2.28,0.0,25.28
ORD001197,2025-09-26 09:04:10,ST001,CUST00626,Click & Collect,Card,Completed,53.0,0.0,3.12,0.0,56.12
ORD001198,2025-07-06 17:16:51,ST006,CUST00790,In-store,Card,Completed,21.7,0.0,2.56,0.0,24.26
ORD001199,2025-08-31 18:11:55,ST002,CUST00469,In-store,Card,Completed,29.6,0.0,1.3,0.0,30.9
ORD001200,2025-01-03 06:00:26,ST004,CUST00004,In-store,Mobile Wallet,Completed,20.7,0.19,2.18,0.0,22.69
ORD001201,2025-10-13 12:21:03,ST001,,Online,Mobile Wallet,Completed,4.1,0.0,0.0,3.49,7.59
ORD001202,2025-12-16 15:22:14,ST001,CUST00027,In-store,Cash,Completed,0.85,0.0,0.0,0.0,0.85
ORD001203,2025-11-19 08:49:38,ST004,,In-store,Card,Completed,30.6,0.0,0.0,0.0,30.6
ORD001204,2025-10-17 10:41:12,ST007,CUST00360,In-store,Card,Completed,2.55,0.0,0.0,0.0,2.55
ORD001205,2025-10-11 15:59:02,ST007,CUST00470,In-store,Card,Completed,39.55,0.0,2.08,0.0,41.63
ORD001206,2025-12-25 22:22:57,ST004,CUST00181,In-store,Card,Completed,20.1,0.0,0.0,0.0,20.1
ORD001207,2025-06-05 01:46:49,ST003,CUST00354,Online,Card,Completed,28.2,1.56,0.36,3.49,30.49
ORD001208,2025-07-07 12:26:07,ST006,,In-store,Card,Completed,37.9,0.0,7.28,0.0,45.18
ORD001209,2025-05-09 02:52:32,ST001,CUST00577,Online,Card,Completed,8.1,0.0,0.52,3.49,12.11
ORD001210,2025-07-05 03:20:31,ST003,CUST00463,In-store,Card,Refunded,4.8,0.0,0.96,0.0,5.76
ORD001211,2025-12-15 06:59:44,ST001,CUST00058,Click & Collect,Mobile Wallet,Completed,19.5,0.0,0.48,0.0,19.98
ORD001212,2025-12-31 15:45:22,ST005,CUST00349,In-store,Card,Completed,31.9,0.0,5.46,0.0,37.36
ORD001213,2025-06-06 15:09:55,ST003,CUST00735,Online,Card,Completed,6.4,0.0,1.28,3.49,11.17
ORD001214,2025-10-30 11:08:36,ST005,CUST00448,Online,Mobile Wallet,Completed,34.7,0.0,4.02,3.49,42.21
ORD001215,2025-03-27 00:06:55,ST003,CUST00568,In-store,Cash,Completed,19.25,0.0,0.0,0.0,19.25
ORD001216,2025-07-04 04:52:55,ST008,CUST00496,Click & Collect,Card,Completed,21.6,0.62,1.16,0.0,22.14
ORD001217,2025-08-30 21:57:56,ST006,,In-store,Card,Completed,30.25,1.44,1.11,0.0,29.92
ORD001218,2025-02-25 18:44:57,ST002,CUST00263,Click & Collect,Cash,Completed,11.35,0.0,0.0,0.0,11.35
ORD001219,2025-05-26 11:18:47,ST001,CUST00375,In-store,Card,Completed,13.8,0.0,0.0,0.0,13.8
ORD001220,2025-03-05 04:42:30,ST003,CUST00754,Online,Card,Completed,3.6,0.0,0.72,3.49,7.81
ORD001221,2025-09-16 20:04:29,ST004,,In-store,Card,Completed,56.15,0.6,0.56,0.0,56.11
ORD001222,2025-11-15 15:05:10,ST002,CUST00478,In-store,Gift Card,Completed,7.2,0.0,0.0,0.0,7.2
ORD001223,2025-12-09 20:19:08,ST005,CUST00164,Click & Collect,Card,Completed,39.0,0.0,0.64,0.0,39.64
ORD001224,2025-07-31 06:34:51,ST003,CUST00497,In-store,Card,Completed,6.8,0.0,0.34,0.0,7.14
ORD001225,2025-03-09 04:37:21,ST005,,In-store,Card,Completed,7.6,0.0,0.0,0.0,7.6
ORD001226,2025-04-05 17:25:25,ST004,,In-store,Card,Completed,3.0,0.0,0.6,0.0,3.6
ORD001227,2025-03-11 11:04:34,ST002,CUST00338,In-store,Card,Completed,10.7,0.0,0.9,0.0,11.6
ORD001228,2025-10-13 15:09:06,ST002,CUST00124,In-store,Card,Completed,47.1,0.0,2.16,0.0,49.26
ORD001229,2025-10-16 14:45:58,ST008,CUST00764,In-store,Card,Completed,22.4,0.0,0.8,0.0,23.2
ORD001230,2025-12-25 13:41:18,ST008,CUST00720,In-store,Card,Completed,4.5,0.0,0.52,0.0,5.02
ORD001231,2025-08-31 02:48:51,ST001,CUST00057,Online,Card,Completed,13.45,0.0,0.36,3.49,17.3
ORD001232,2025-01-29 19:41:33,ST007,CUST00394,In-store,Card,Completed,14.5,0.0,1.2,0.0,15.7
ORD001233,2025-06-13 13:05:11,ST004,CUST00766,In-store,Card,Completed,31.8,2.32,0.0,0.0,29.48
ORD001234,2025-11-10 06:12:10,ST004,,In-store,Card,Completed,6.3,0.0,0.3,0.0,6.6
ORD001235,2025-01-23 16:46:10,ST005,,In-store,Card,Completed,63.3,0.12,6.64,0.0,69.82
ORD001236,2025-12-30 23:18:37,ST007,CUST00266,In-store,Card,Completed,39.4,0.0,2.92,0.0,42.32
ORD001237,2025-01-04 21:42:19,ST003,CUST00672,Online,Mobile Wallet,Completed,34.5,0.79,1.34,3.49,38.54
ORD001238,2025-12-19 06:54:54,ST008,,Online,Card,Cancelled,17.2,0.0,1.92,3.49,0.0
ORD001239,2025-01-09 23:15:16,ST003,CUST00294,In-store,Card,Completed,9.4,0.17,0.86,0.0,10.09
ORD001240,2025-06-08 11:09:01,ST001,,In-store,Card,Completed,23.1,0.0,1.56,0.0,24.66
ORD001241,2025-06-23 21:14:50,ST005,,Online,Card,Completed,29.0,0.0,1.5,3.49,33.99
ORD001242,2025-04-29 14:49:40,ST008,CUST00141,In-store,Cash,Completed,13.45,0.0,1.92,0.0,15.37
ORD001243,2025-07-13 14:10:10,ST006,CUST00713,Online,Card,Completed,9.55,0.0,1.28,3.49,14.32
ORD001244,2025-12-04 05:23:27,ST001,CUST00482,In-store,Card,Completed,40.2,0.3,2.52,0.0,42.42
ORD001245,2025-11-12 04:09:15,ST006,CUST00239,In-store,Card,Completed,11.8,0.0,0.34,0.0,12.14
ORD001246,2025-02-08 09:33:14,ST001,CUST00786,In-store,Card,Completed,9.3,0.0,0.48,0.0,9.78
ORD001247,2025-09-23 18:10:24,ST005,,In-store,Mobile Wallet,Completed,6.15,0.3,0.58,0.0,6.43
ORD001248,2025-01-18 03:36:09,ST004,CUST00509,Online,Card,Completed,28.15,0.0,1.9,3.49,33.54
ORD001249,2025-10-17 16:10:13,ST006,CUST00217,In-store,Mobile Wallet,Completed,24.0,0.0,4.4,0.0,28.4
ORD001250,2025-09-01 09:19:42,ST008,CUST00555,Online,Card,Completed,36.35,0.0,1.08,3.49,40.92
ORD001251,2025-11-11 20:16:11,ST002,CUST00383,In-store,Card,Completed,35.35,0.0,4.16,0.0,39.51
ORD001252,2025-09-16 12:53:22,ST004,CUST00632,Online,Card,Completed,24.4,0.9,1.76,3.49,28.75
ORD001253,2025-02-23 04:26:27,ST003,CUST00632,In-store,Card,Completed,44.1,0.0,1.88,0.0,45.98
ORD001254,2025-02-06 09:32:52,ST006,CUST00641,In-store,Cash,Completed,4.0,0.0,0.0,0.0,4.0
ORD001255,2025-05-10 09:15:00,ST006,,In-store,Card,Completed,28.8,0.0,1.22,0.0,30.02
ORD001256,2025-11-27 04:36:36,ST008,,Online,Mobile Wallet,Completed,12.7,0.0,0.0,3.49,16.19
ORD001257,2025-09-28 02:01:34,ST004,,Online,Card,Completed,4.8,0.0,0.0,3.49,8.29
ORD001258,2025-03-23 06:11:38,ST003,CUST00256,Click & Collect,Mobile Wallet,Completed,21.8,0.0,2.92,0.0,24.72
ORD001259,2025-05-09 01:16:28,ST007,CUST00333,In-store,Card,Completed,18.0,0.0,1.36,0.0,19.36
ORD001260,2025-02-12 21:58:10,ST004,CUST00789,In-store,Card,Completed,40.05,0.0,2.42,0.0,42.47
ORD001261,2025-09-10 07:53:15,ST004,CUST00325,Click & Collect,Cash,Completed,61.45,0.0,2.33,0.0,63.78
ORD001262,2025-08-25 13:42:51,ST007,CUST00388,Click & Collect,Card,Completed,20.5,0.0,0.4,0.0,20.9
ORD001263,2025-07-27 02:36:01,ST007,CUST00397,In-store,Mobile Wallet,Completed,15.4,0.0,1.08,0.0,16.48
ORD001264,2025-05-20 16:02:35,ST005,CUST00173,In-store,Card,Completed,21.85,0.0,2.5,0.0,24.35
ORD001265,2025-09-08 08:17:58,ST004,CUST00419,In-store,Card,Completed,29.3,0.0,0.0,0.0,29.3
ORD001266,2025-10-02 10:33:15,ST002,CUST00186,In-store,Card,Completed,25.1,0.0,1.14,0.0,26.24
ORD001267,2025-05-06 18:19:19,ST003,CUST00494,Online,Card,Completed,1.8,0.0,0.0,3.49,5.29
ORD001268,2025-11-27 19:02:16,ST007,,In-store,Cash,Completed,19.8,0.0,2.38,0.0,22.18
ORD001269,2025-11-27 09:57:41,ST008,,In-store,Card,Completed,19.3,0.0,1.5,0.0,20.8
ORD001270,2025-05-15 16:28:24,ST004,CUST00220,In-store,Mobile Wallet,Completed,4.6,0.0,0.0,0.0,4.6
ORD001271,2025-01-25 13:06:17,ST002,CUST00609,In-store,Card,Completed,28.7,0.0,1.08,0.0,29.78
ORD001272,2025-02-19 01:02:27,ST006,CUST00588,In-store,Mobile Wallet,Completed,41.7,0.0,3.66,0.0,45.36
ORD001273,2025-05-20 19:16:14,ST007,CUST00351,Click & Collect,Card,Completed,11.8,0.0,2.36,0.0,14.16
ORD001274,2025-01-08 22:04:01,ST006,,In-store,Card,Completed,50.5,0.0,1.04,0.0,51.54
ORD001275,2025-12-08 14:15:42,ST006,CUST00525,In-store,Card,Completed,26.0,0.96,3.21,0.0,28.25
ORD001276,2025-09-17 05:50:34,ST005,CUST00267,In-store,Cash,Completed,13.1,0.0,1.6,0.0,14.7
ORD001277,2025-08-31 03:24:04,ST006,,Click & Collect,Card,Completed,44.15,0.62,0.4,0.0,43.93
ORD001278,2025-02-08 06:34:12,ST006,CUST00731,Online,Card,Completed,19.4,0.0,2.24,3.49,25.13
ORD001279,2025-05-31 20:19:45,ST005,CUST00360,In-store,Card,Completed,1.5,0.0,0.3,0.0,1.8
ORD001280,2025-03-15 04:51:18,ST007,CUST00426,In-store,Card,Completed,55.65,0.0,9.48,0.0,65.13
ORD001281,2025-02-22 05:09:21,ST004,,In-store,Card,Cancelled,57.7,0.17,3.2,0.0,0.0
ORD001282,2025-02-02 12:23:36,ST006,CUST00441,In-store,Card,Completed,21.2,0.0,0.0,0.0,21.2
ORD001283,2025-02-10 20:51:10,ST003,CUST00361,In-store,Mobile Wallet,Completed,53.65,0.0,0.84,0.0,54.49
ORD001284,2025-09-29 09:36:46,ST005,,In-store,Card,Completed,5.35,0.0,0.37,0.0,5.72
ORD001285,2025-09-10 07:45:36,ST004,CUST00335,In-store,Card,Completed,1.1,0.0,0.0,0.0,1.1
ORD001286,2025-05-24 01:05:57,ST002,,In-store,Mobile Wallet,Completed,36.6,0.0,0.24,0.0,36.84
ORD001287,2025-11-09 01:11:50,ST004,,In-store,Card,Completed,32.4,0.0,3.58,0.0,35.98
ORD001288,2025-02-05 12:53:19,ST006,CUST00299,Online,Card,Completed,3.0,0.0,0.6,3.49,7.09
ORD001289,2025-09-23 02:48:52,ST004,CUST00328,In-store,Card,Completed,21.95,0.6,4.27,0.0,25.62
ORD001290,2025-04-13 08:46:44,ST002,,In-store,Mobile Wallet,Completed,22.1,0.0,3.26,0.0,25.36
ORD001291,2025-07-18 08:21:39,ST006,CUST00253,Click & Collect,Card,Completed,32.15,0.0,3.58,0.0,35.73
ORD001292,2025-03-21 05:29:23,ST008,CUST00534,In-store,Card,Completed,23.0,0.0,3.84,0.0,26.84
ORD001293,2025-12-07 15:25:48,ST007,CUST00155,In-store,Cash,Completed,26.1,0.0,1.24,0.0,27.34
ORD001294,2025-10-07 00:27:20,ST002,,In-store,Cash,Completed,10.8,0.0,2.16,0.0,12.96
ORD001295,2025-04-29 02:05:40,ST002,CUST00702,In-store,Cash,Completed,6.0,0.0,0.0,0.0,6.0
ORD001296,2025-06-18 13:35:42,ST003,CUST00563,Click & Collect,Cash,Completed,50.2,0.0,2.12,0.0,52.32
ORD001297,2025-01-24 15:37:27,ST003,,In-store,Gift Card,Completed,21.65,0.0,2.48,0.0,24.13
ORD001298,2025-12-18 03:51:26,ST007,CUST00223,Online,Card,Completed,11.8,0.24,1.03,3.49,16.08
ORD001299,2025-04-13 17:43:45,ST005,CUST00211,In-store,Card,Cancelled,7.0,0.0,0.38,0.0,0.0
ORD001300,2025-08-18 11:46:39,ST004,CUST00075,In-store,Card,Completed,25.4,0.0,3.84,0.0,29.24
ORD001301,2025-10-03 07:45:10,ST007,,In-store,Card,Completed,45.7,0.0,3.12,0.0,48.82
ORD001302,2025-01-19 21:28:25,ST003,CUST00473,In-store,Cash,Completed,47.25,0.0,8.16,0.0,55.41
ORD001303,2025-12-18 09:32:50,ST005,CUST00447,Online,Card,Completed,30.9,0.0,1.3,3.49,35.69
ORD001304,2025-06-04 19:25:10,ST001,CUST00202,Click & Collect,Card,Completed,22.4,0.0,0.0,0.0,22.4
ORD001305,2025-04-21 02:22:05,ST005,,In-store,Gift Card,Completed,19.5,1.04,0.6,0.0,19.06
ORD001306,2025-11-06 11:53:08,ST006,,In-store,Card,Completed,4.2,0.0,0.84,0.0,5.04
ORD001307,2025-06-17 00:22:08,ST007,CUST00793,In-store,Card,Completed,7.9,0.0,0.84,0.0,8.74
ORD001308,2025-06-25 18:10:01,ST005,CUST00532,Online,Cash,Completed,15.05,0.0,0.0,3.49,18.54
ORD001309,2025-06-16 07:34:07,ST001,CUST00689,In-store,Cash,Completed,15.5,0.0,0.6,0.0,16.1
ORD001310,2025-01-30 16:17:01,ST006,CUST00363,In-store,Card,Refunded,3.2,0.2,0.0,0.0,3.0
ORD001311,2025-12-22 10:54:34,ST001,CUST00566,In-store,Card,Completed,34.1,0.24,0.91,0.0,34.77
ORD001312,2025-09-09 13:07:20,ST007,CUST00029,In-store,Card,Completed,9.3,0.3,0.3,0.0,9.3
ORD001313,2025-08-16 14:07:42,ST004,CUST00511,Online,Card,Completed,37.3,0.0,1.56,3.49,42.35
ORD001314,2025-08-19 08:27:42,ST004,CUST00085,Online,Card,Completed,29.5,0.0,0.0,3.49,32.99
ORD001315,2025-05-12 03:53:22,ST001,CUST00022,In-store,Card,Completed,15.45,0.0,0.64,0.0,16.09
ORD001316,2025-10-31 01:59:24,ST007,CUST00718,Online,Card,Completed,36.15,0.0,2.66,3.49,42.3
ORD001317,2025-12-18 19:53:18,ST005,,In-store,Card,Completed,9.4,0.0,0.36,0.0,9.76
ORD001318,2025-10-26 17:35:07,ST004,CUST00226,In-store,Card,Completed,8.0,0.0,0.4,0.0,8.4
ORD001319,2025-10-16 10:02:08,ST006,,In-store,Mobile Wallet,Completed,22.9,0.0,1.4,0.0,24.3
ORD001320,2025-07-31 18:39:55,ST001,CUST00049,In-store,Card,Completed,13.05,0.69,1.04,0.0,13.4
ORD001321,2025-11-30 09:36:47,ST001,,In-store,Card,Completed,4.3,0.0,0.34,0.0,4.64
ORD001322,2025-12-27 20:56:10,ST005,CUST00728,In-store,Card,Completed,71.75,0.0,3.44,0.0,75.19
ORD001323,2025-04-21 22:56:55,ST001,,In-store,Mobile Wallet,Completed,23.6,0.0,0.24,0.0,23.84
ORD001324,2025-07-22 07:26:07,ST002,CUST00340,Online,Card,Completed,4.45,0.0,0.89,3.49,8.83
ORD001325,2025-08-29 13:31:29,ST007,CUST00449,Online,Card,Completed,8.4,0.0,0.96,3.49,12.85
ORD001326,2025-08-17 21:42:53,ST003,CUST00176,In-store,Card,Completed,23.3,0.0,1.16,0.0,24.46
ORD001327,2025-02-24 02:02:57,ST008,CUST00728,In-store,Card,Refunded,43.7,0.0,2.6,0.0,46.3
ORD001328,2025-11-29 20:29:02,ST005,CUST00723,Online,Mobile Wallet,Completed,16.1,0.0,0.37,3.49,19.96
ORD001329,2025-08-19 10:09:17,ST003,CUST00763,Online,Mobile Wallet,Completed,17.55,0.0,0.0,3.49,21.04
ORD001330,2025-12-21 07:11:33,ST002,CUST00056,Online,Mobile Wallet,Completed,19.6,0.0,0.64,3.49,23.73
ORD001331,2025-11-15 13:06:59,ST001,,In-store,Cash,Completed,37.5,0.0,1.66,0.0,39.16
ORD001332,2025-05-20 19:08:09,ST004,,Click & Collect,Card,Completed,29.1,0.0,3.98,0.0,33.08
ORD001333,2025-04-04 00:07:49,ST005,CUST00469,Click & Collect,Mobile Wallet,Completed,27.1,0.0,2.26,0.0,29.36
ORD001334,2025-04-07 16:29:45,ST008,CUST00222,Click & Collect,Card,Completed,12.0,0.19,2.08,0.0,13.89
ORD001335,2025-01-31 14:32:53,ST005,CUST00531,Online,Card,Completed,11.7,0.0,2.34,3.49,17.53
ORD001336,2025-04-04 00:33:56,ST008,,In-store,Cash,Completed,19.6,0.62,0.0,0.0,18.98
ORD001337,2025-09-15 16:02:32,ST005,,In-store,Cash,Completed,42.95,0.0,1.9,0.0,44.85
ORD001338,2025-11-16 13:12:25,ST002,CUST00160,In-store,Mobile Wallet,Completed,32.6,0.0,0.6,0.0,33.2
ORD001339,2025-12-05 18:55:41,ST006,CUST00755,In-store,Card,Completed,43.6,0.0,0.52,0.0,44.12
ORD001340,2025-10-23 00:59:37,ST001,,Online,Card,Completed,15.6,0.0,0.0,3.49,19.09
ORD001341,2025-05-11 15:17:11,ST001,CUST00099,Click & Collect,Card,Completed,48.8,0.0,3.6,0.0,52.4
ORD001342,2025-03-21 01:43:04,ST002,CUST00378,In-store,Card,Completed,8.0,0.0,0.18,0.0,8.18
ORD001343,2025-03-18 12:44:05,ST005,CUST00161,In-store,Mobile Wallet,Completed,18.6,0.0,2.4,0.0,21.0
ORD001344,2025-05-02 19:17:59,ST005,,In-store,Cash,Completed,17.0,0.0,2.26,0.0,19.26
ORD001345,2025-05-25 08:24:56,ST003,CUST00624,Online,Card,Completed,2.75,0.0,0.0,3.49,6.24
ORD001346,2025-12-24 17:25:31,ST004,CUST00198,In-store,Card,Completed,23.1,0.0,0.0,0.0,23.1
ORD001347,2025-07-16 23:56:14,ST001,,In-store,Cash,Completed,57.9,0.0,0.94,0.0,58.84
ORD001348,2025-09-27 04:57:56,ST004,CUST00712,Online,Card,Completed,8.5,0.0,1.48,3.49,13.47
ORD001349,2025-03-06 02:30:26,ST001,,In-store,Cash,Completed,14.4,0.0,0.0,0.0,14.4
ORD001350,2025-07-06 12:53:45,ST005,,Online,Card,Completed,48.7,0.0,0.36,0.0,49.06
ORD001351,2025-10-17 02:13:06,ST008,CUST00053,In-store,Card,Cancelled,12.45,0.0,0.0,0.0,0.0
ORD001352,2025-11-16 11:58:29,ST005,CUST00593,Online,Card,Completed,19.4,0.0,0.0,3.49,22.89
ORD001353,2025-01-29 00:42:25,ST003,CUST00064,In-store,Card,Completed,25.6,1.5,0.52,0.0,24.62
ORD001354,2025-02-25 02:52:16,ST003,CUST00012,In-store,Cash,Completed,4.7,0.0,0.94,0.0,5.64
ORD001355,2025-08-12 06:23:05,ST003,CUST00048,In-store,Mobile Wallet,Completed,1.6,0.0,0.0,0.0,1.6
ORD001356,2025-05-10 07:50:50,ST007,CUST00523,In-store,Card,Completed,1.1,0.0,0.0,0.0,1.1
ORD001357,2025-11-13 04:40:45,ST001,CUST00248,In-store,Card,Completed,37.25,0.0,2.87,0.0,40.12
ORD001358,2025-09-09 17:30:06,ST007,CUST00279,In-store,Gift Card,Completed,6.0,0.0,0.0,0.0,6.0
ORD001359,2025-02-14 18:01:42,ST001,CUST00666,Online,Gift Card,Completed,3.2,0.0,0.0,3.49,6.69
ORD001360,2025-09-30 13:33:22,ST003,CUST00063,In-store,Card,Completed,9.6,0.0,1.92,0.0,11.52
ORD001361,2025-01-14 21:00:36,ST004,CUST00354,In-store,Card,Completed,6.0,0.0,0.0,0.0,6.0
ORD001362,2025-10-30 12:29:31,ST004,CUST00367,In-store,Cash,Completed,29.8,0.0,0.78,0.0,30.58
ORD001363,2025-12-28 22:32:28,ST008,CUST00495,Online,Cash,Completed,26.05,0.0,1.77,3.49,31.31
ORD001364,2025-12-02 10:02:19,ST002,,In-store,Card,Completed,31.2,0.12,1.58,0.0,32.66
ORD001365,2025-01-08 16:07:30,ST003,CUST00680,Online,Card,Completed,33.0,0.17,0.34,3.49,36.66
ORD001366,2025-01-01 17:49:00,ST007,CUST00446,In-store,Cash,Completed,18.35,0.0,1.28,0.0,19.63
ORD001367,2025-10-07 19:07:43,ST002,CUST00752,Online,Mobile Wallet,Cancelled,22.0,0.0,1.43,3.49,0.0
ORD001368,2025-11-22 14:50:41,ST008,CUST00175,Online,Card,Completed,65.15,0.0,7.27,0.0,72.42
ORD001369,2025-10-14 05:43:07,ST004,CUST00697,In-store,Card,Refunded,16.6,0.0,2.44,0.0,19.04
ORD001370,2025-11-13 06:36:03,ST005,CUST00546,Click & Collect,Mobile Wallet,Completed,5.5,0.0,0.0,0.0,5.5
ORD001371,2025-12-26 00:16:11,ST002,,In-store,Card,Completed,5.5,0.0,0.0,0.0,5.5
ORD001372,2025-10-09 19:42:09,ST007,CUST00550,In-store,Mobile Wallet,Completed,2.0,0.0,0.0,0.0,2.0
ORD001373,2025-10-12 07:00:12,ST002,CUST00188,In-store,Card,Completed,12.0,0.0,1.16,0.0,13.16
ORD001374,2025-09-28 19:01:26,ST006,CUST00681,In-store,Card,Completed,45.25,0.0,3.38,0.0,48.63
ORD001375,2025-04-10 16:43:58,ST001,CUST00738,Click & Collect,Card,Completed,27.5,0.58,2.52,0.0,29.44
ORD001376,2025-03-08 17:58:02,ST007,CUST00200,In-store,Card,Completed,5.5,0.0,0.0,0.0,5.5
ORD001377,2025-04-20 04:51:03,ST004,CUST00445,In-store,Card,Refunded,27.8,0.0,4.74,0.0,32.54
ORD001378,2025-08-28 06:49:17,ST008,,Online,Cash,Completed,2.6,0.0,0.0,3.49,6.09
ORD001379,2025-12-20 01:51:44,ST006,,In-store,Mobile Wallet,Completed,52.4,0.0,2.44,0.0,54.84
ORD001380,2025-07-23 18:30:09,ST006,CUST00020,Click & Collect,Card,Completed,32.1,0.0,3.86,0.0,35.96
ORD001381,2025-05-19 21:36:14,ST006,,In-store,Card,Completed,7.1,0.0,1.16,0.0,8.26
ORD001382,2025-07-05 14:27:52,ST008,CUST00344,Click & Collect,Card,Completed,54.35,1.67,2.44,0.0,55.12
ORD001383,2025-07-11 01:22:26,ST005,CUST00567,Online,Card,Completed,11.1,0.0,0.72,3.49,15.31
ORD001384,2025-01-09 22:44:55,ST005,CUST00367,In-store,Gift Card,Completed,7.05,0.0,1.07,0.0,8.12
ORD001385,2025-04-09 06:32:00,ST001,CUST00549,In-store,Card,Completed,8.0,0.0,1.6,0.0,9.6
ORD001386,2025-01-23 20:40:37,ST006,CUST00784,In-store,Card,Completed,68.1,0.4,1.68,0.0,69.38
ORD001387,2025-06-16 15:01:07,ST005,,In-store,Mobile Wallet,Completed,60.05,0.0,1.72,0.0,61.77
ORD001388,2025-01-26 21:07:18,ST004,CUST00285,In-store,Card,Completed,25.75,0.0,3.65,0.0,29.4
ORD001389,2025-11-24 05:46:09,ST006,,In-store,Card,Completed,26.2,0.0,3.68,0.0,29.88
ORD001390,2025-05-19 21:12:07,ST008,CUST00720,In-store,Card,Completed,15.1,0.0,0.36,0.0,15.46
ORD001391,2025-05-21 19:08:11,ST005,,In-store,Card,Completed,34.4,0.0,3.94,0.0,38.34
ORD001392,2025-09-27 13:30:35,ST002,,Online,Card,Completed,38.0,0.0,0.6,3.49,42.09
ORD001393,2025-03-27 22:20:50,ST006,CUST00407,In-store,Mobile Wallet,Completed,9.6,0.0,1.92,0.0,11.52
ORD001394,2025-06-09 01:39:28,ST003,,In-store,Card,Completed,20.1,0.0,1.5,0.0,21.6
ORD001395,2025-06-17 08:21:16,ST007,CUST00356,In-store,Mobile Wallet,Completed,8.85,0.0,0.0,0.0,8.85
ORD001396,2025-12-22 02:25:37,ST008,CUST00172,Click & Collect,Card,Completed,0.75,0.0,0.0,0.0,0.75
ORD001397,2025-05-07 13:23:53,ST007,CUST00790,In-store,Card,Completed,32.0,0.0,3.36,0.0,35.36
ORD001398,2025-04-29 22:49:50,ST003,,In-store,Cash,Completed,6.6,0.0,1.32,0.0,7.92
ORD001399,2025-05-17 08:06:47,ST007,CUST00686,In-store,Card,Completed,19.05,0.0,2.72,0.0,21.77
ORD001400,2025-03-01 08:14:37,ST007,CUST00399,In-store,Card,Completed,21.0,0.0,2.32,0.0,23.32
ORD001401,2025-12-08 17:54:52,ST005,CUST00144,Online,Mobile Wallet,Completed,8.0,0.0,0.0,3.49,11.49
ORD001402,2025-09-24 13:07:08,ST005,CUST00126,In-store,Card,Completed,43.2,0.3,3.94,0.0,46.84
ORD001403,2025-06-15 15:15:26,ST002,CUST00263,In-store,Card,Completed,34.3,0.92,3.82,0.0,37.2
ORD001404,2025-04-05 20:03:13,ST006,CUST00608,Online,Mobile Wallet,Completed,19.55,0.0,1.84,3.49,24.88
ORD001405,2025-06-06 13:57:42,ST004,CUST00235,In-store,Mobile Wallet,Completed,41.8,1.8,0.96,0.0,40.96
ORD001406,2025-09-14 08:05:07,ST004,CUST00719,In-store,Mobile Wallet,Completed,20.35,0.0,0.0,0.0,20.35
ORD001407,2025-04-05 15:28:01,ST004,CUST00061,In-store,Mobile Wallet,Completed,32.1,0.38,2.2,0.0,33.92
ORD001408,2025-12-18 00:40:32,ST007,CUST00094,In-store,Card,Completed,1.2,0.0,0.0,0.0,1.2
ORD001409,2025-04-26 16:23:04,ST004,,In-store,Card,Completed,41.8,0.0,2.4,0.0,44.2
ORD001410,2025-11-14 21:39:09,ST001,CUST00482,Online,Card,Completed,19.55,0.0,1.42,3.49,24.46
ORD001411,2025-01-18 16:05:09,ST001,CUST00053,Online,Card,Completed,14.8,0.0,1.8,3.49,20.09
ORD001412,2025-05-05 16:09:45,ST004,CUST00614,Online,Card,Completed,19.8,0.0,0.36,3.49,23.65
ORD001413,2025-03-08 18:59:28,ST002,CUST00105,In-store,Cash,Completed,42.3,0.0,1.68,0.0,43.98
ORD001414,2025-02-15 22:08:34,ST005,CUST00582,In-store,Card,Completed,36.0,0.0,3.17,0.0,39.17
ORD001415,2025-02-15 00:53:37,ST003,,Click & Collect,Card,Completed,11.0,0.0,0.38,0.0,11.38
ORD001416,2025-09-23 02:43:28,ST006,CUST00282,In-store,Card,Completed,17.3,0.3,0.94,0.0,17.94
ORD001417,2025-12-16 03:42:15,ST008,CUST00796,Online,Card,Completed,23.35,0.0,2.92,3.49,29.76
ORD001418,2025-05-23 08:42:31,ST005,CUST00217,In-store,Card,Completed,31.15,0.0,3.74,0.0,34.89
ORD001419,2025-12-22 14:48:36,ST007,CUST00528,In-store,Card,Completed,30.75,0.24,2.65,0.0,33.16
ORD001420,2025-04-14 18:04:11,ST007,,In-store,Card,Completed,16.2,0.0,0.44,0.0,16.64
ORD001421,2025-08-27 20:39:25,ST008,CUST00501,Online,Card,Completed,23.05,0.0,2.13,3.49,28.67
ORD001422,2025-05-06 08:51:47,ST004,,In-store,Card,Completed,42.75,0.0,6.8,0.0,49.55
ORD001423,2025-10-23 15:42:41,ST007,CUST00244,In-store,Card,Completed,30.95,0.0,3.78,0.0,34.73
ORD001424,2025-02-06 17:09:26,ST004,,Click & Collect,Mobile Wallet,Completed,3.9,0.0,0.0,0.0,3.9
ORD001425,2025-09-12 08:20:40,ST007,CUST00191,Online,Card,Completed,73.15,0.0,4.46,0.0,77.61
ORD001426,2025-01-21 05:42:25,ST001,CUST00495,Online,Card,Completed,23.0,0.12,1.14,3.49,27.51
ORD001427,2025-11-28 00:16:51,ST006,CUST00432,Online,Card,Completed,13.5,0.0,2.08,3.49,19.07
ORD001428,2025-12-08 16:03:51,ST006,CUST00356,In-store,Card,Completed,33.5,0.0,4.68,0.0,38.18
ORD001429,2025-08-20 05:58:23,ST001,CUST00614,In-store,Card,Completed,31.7,1.24,1.6,0.0,32.06
ORD001430,2025-06-10 15:45:52,ST003,CUST00341,In-store,Card,Completed,38.0,1.22,4.8,0.0,41.58
ORD001431,2025-11-28 08:14:09,ST001,CUST00006,Online,Gift Card,Completed,33.9,0.0,2.6,3.49,39.99
ORD001432,2025-03-26 01:30:55,ST004,CUST00364,In-store,Cash,Completed,12.15,0.0,0.24,0.0,12.39
ORD001433,2025-09-16 02:41:37,ST008,CUST00272,In-store,Cash,Completed,17.1,0.6,1.16,0.0,17.66
ORD001434,2025-05-04 18:23:25,ST001,CUST00229,In-store,Card,Completed,17.3,0.0,1.64,0.0,18.94
ORD001435,2025-04-03 19:51:50,ST008,CUST00443,In-store,Card,Completed,5.1,0.0,0.0,0.0,5.1
ORD001436,2025-12-31 21:55:50,ST002,CUST00171,Click & Collect,Card,Completed,10.6,0.0,0.3,0.0,10.9
ORD001437,2025-07-02 03:57:42,ST001,CUST00677,Online,Cash,Completed,37.9,0.0,4.35,3.49,45.74
ORD001438,2025-10-04 04:28:53,ST008,,In-store,Cash,Completed,4.0,0.0,0.0,0.0,4.0
ORD001439,2025-02-13 11:33:04,ST007,,Online,Card,Completed,11.1,0.66,0.76,3.49,14.69
ORD001440,2025-08-28 17:13:49,ST006,CUST00798,In-store,Card,Completed,12.5,0.0,0.42,0.0,12.92
ORD001441,2025-01-19 00:25:02,ST004,CUST00718,In-store,Card,Completed,3.2,0.0,0.0,0.0,3.2
ORD001442,2025-04-29 14:50:37,ST001,CUST00104,In-store,Card,Completed,19.7,0.0,0.0,0.0,19.7
ORD001443,2025-11-13 16:56:01,ST004,CUST00107,In-store,Mobile Wallet,Completed,44.15,0.0,2.5,0.0,46.65
ORD001444,2025-09-08 21:19:03,ST001,CUST00048,In-store,Card,Completed,3.0,0.0,0.0,0.0,3.0
ORD001445,2025-01-03 17:28:51,ST004,,In-store,Cash,Completed,35.8,0.0,1.62,0.0,37.42
ORD001446,2025-05-24 06:17:53,ST007,,In-store,Cash,Completed,5.5,0.0,0.0,0.0,5.5
ORD001447,2025-02-15 04:50:58,ST004,,In-store,Mobile Wallet,Completed,23.7,0.9,0.24,0.0,23.04
ORD001448,2025-06-11 11:46:33,ST004,CUST00310,Click & Collect,Card,Completed,1.9,0.0,0.0,0.0,1.9
ORD001449,2025-11-26 23:31:06,ST006,CUST00028,In-store,Card,Cancelled,5.55,0.0,0.0,0.0,0.0
ORD001450,2025-12-12 22:06:27,ST004,CUST00329,In-store,Card,Completed,10.3,0.0,1.62,0.0,11.92
ORD001451,2025-05-04 09:28:07,ST007,CUST00285,In-store,Cash,Completed,38.3,0.0,2.84,0.0,41.14
ORD001452,2025-11-25 04:20:39,ST005,CUST00283,Click & Collect,Card,Completed,20.0,0.0,1.96,0.0,21.96
ORD001453,2025-07-26 04:49:03,ST008,CUST00158,In-store,Card,Completed,32.25,0.0,0.74,0.0,32.99
ORD001454,2025-03-16 02:26:14,ST007,CUST00049,In-store,Card,Completed,34.1,0.0,4.12,0.0,38.22
ORD001455,2025-11-16 03:43:59,ST008,CUST00596,In-store,Card,Completed,14.05,0.0,0.0,0.0,14.05
ORD001456,2025-04-17 17:47:49,ST004,,Click & Collect,Card,Completed,22.5,0.77,0.36,0.0,22.09
ORD001457,2025-09-29 21:53:31,ST001,CUST00237,In-store,Card,Completed,30.6,0.0,0.0,0.0,30.6
ORD001458,2025-11-07 18:02:28,ST008,CUST00510,In-store,Card,Completed,14.4,0.0,0.96,0.0,15.36
ORD001459,2025-12-12 07:06:23,ST005,CUST00075,Online,Mobile Wallet,Completed,21.25,0.0,2.08,3.49,26.82
ORD001460,2025-02-21 02:27:08,ST008,CUST00602,In-store,Card,Completed,33.75,0.67,0.75,0.0,33.83
ORD001461,2025-08-23 12:25:36,ST004,CUST00633,In-store,Card,Completed,16.1,0.0,0.44,0.0,16.54
ORD001462,2025-07-21 20:12:48,ST006,CUST00411,Click & Collect,Mobile Wallet,Completed,10.4,0.0,2.08,0.0,12.48
ORD001463,2025-05-07 10:05:58,ST006,,In-store,Card,Completed,11.6,0.0,1.36,0.0,12.96
ORD001464,2025-11-10 15:23:06,ST008,CUST00408,In-store,Card,Completed,20.05,0.0,0.0,0.0,20.05
ORD001465,2025-09-06 20:26:53,ST007,CUST00172,In-store,Mobile Wallet,Completed,6.3,0.3,1.2,0.0,7.2
ORD001466,2025-10-12 13:36:59,ST003,CUST00670,In-store,Cash,Completed,11.0,0.0,0.36,0.0,11.36
ORD001467,2025-11-08 20:53:46,ST007,CUST00455,Online,Card,Completed,56.05,0.0,4.34,0.0,60.39
ORD001468,2025-11-07 12:58:34,ST005,CUST00442,In-store,Card,Completed,20.25,0.0,1.32,0.0,21.57
ORD001469,2025-04-09 21:49:43,ST004,CUST00254,In-store,Mobile Wallet,Completed,13.2,0.14,1.8,0.0,14.86
ORD001470,2025-03-16 18:09:44,ST002,CUST00441,In-store,Cash,Completed,9.2,0.0,0.52,0.0,9.72
ORD001471,2025-11-30 13:11:13,ST003,,Online,Card,Completed,23.2,0.0,1.54,3.49,28.23
ORD001472,2025-05-17 08:39:00,ST008,CUST00347,In-store,Card,Completed,53.9,0.0,0.0,0.0,53.9
ORD001473,2025-06-03 00:36:28,ST003,,Online,Card,Completed,34.9,0.0,4.56,3.49,42.95
ORD001474,2025-01-18 21:18:03,ST007,,Online,Card,Completed,51.4,0.0,4.68,0.0,56.08
ORD001475,2025-11-28 07:09:38,ST007,CUST00067,In-store,Card,Completed,34.5,0.0,0.3,0.0,34.8
ORD001476,2025-05-21 09:42:48,ST008,CUST00327,In-store,Card,Completed,35.7,0.0,2.09,0.0,37.79
ORD001477,2025-10-22 09:34:51,ST002,,In-store,Card,Completed,41.6,0.0,3.24,0.0,44.84
ORD001478,2025-08-07 00:26:24,ST001,CUST00405,In-store,Card,Completed,20.9,0.0,1.3,0.0,22.2
ORD001479,2025-04-28 08:41:51,ST007,,Online,Cash,Completed,14.4,0.0,0.68,3.49,18.57
ORD001480,2025-11-07 08:03:37,ST007,CUST00434,In-store,Cash,Completed,10.6,0.0,0.68,0.0,11.28
ORD001481,2025-12-31 04:15:06,ST002,CUST00722,Online,Card,Completed,14.2,0.0,0.84,3.49,18.53
ORD001482,2025-12-28 13:59:20,ST001,CUST00252,In-store,Card,Completed,50.9,0.0,6.88,0.0,57.78
ORD001483,2025-07-25 20:16:17,ST002,CUST00345,In-store,Card,Completed,7.05,0.0,0.3,0.0,7.35
ORD001484,2025-03-02 07:23:32,ST004,,In-store,Cash,Completed,15.0,0.0,0.0,0.0,15.0
ORD001485,2025-09-24 11:53:31,ST001,CUST00521,In-store,Card,Completed,31.55,0.0,0.6,0.0,32.15
ORD001486,2025-08-17 00:35:22,ST006,CUST00097,In-store,Card,Completed,14.15,0.0,0.96,0.0,15.11
ORD001487,2025-09-08 02:56:27,ST007,CUST00332,In-store,Mobile Wallet,Completed,52.5,0.0,3.6,0.0,56.1
ORD001488,2025-06-22 08:26:18,ST006,CUST00301,In-store,Cash,Completed,65.3,2.76,3.68,0.0,66.22
ORD001489,2025-01-13 01:00:56,ST006,CUST00533,In-store,Cash,Completed,24.85,0.0,0.0,0.0,24.85
ORD001490,2025-10-15 23:05:04,ST004,,In-store,Card,Completed,21.4,0.0,2.6,0.0,24.0
ORD001491,2025-05-14 08:57:49,ST001,CUST00364,Click & Collect,Card,Completed,22.75,0.0,0.0,0.0,22.75
ORD001492,2025-06-23 23:15:44,ST007,,In-store,Card,Completed,6.25,0.0,0.0,0.0,6.25
ORD001493,2025-04-19 21:04:52,ST003,CUST00758,Click & Collect,Card,Completed,11.75,0.23,0.34,0.0,11.86
ORD001494,2025-12-01 05:56:18,ST003,,In-store,Card,Completed,7.9,0.0,0.0,0.0,7.9
ORD001495,2025-10-31 13:59:41,ST007,CUST00153,Online,Card,Completed,60.3,0.0,2.24,0.0,62.54
ORD001496,2025-09-20 00:23:46,ST005,CUST00560,In-store,Card,Completed,29.15,0.0,3.6,0.0,32.75
ORD001497,2025-12-12 10:05:41,ST001,CUST00471,In-store,Card,Completed,4.8,0.38,0.88,0.0,5.3
ORD001498,2025-01-20 02:23:22,ST007,CUST00167,In-store,Card,Completed,33.9,0.96,0.68,0.0,33.62
ORD001499,2025-07-16 11:25:03,ST007,CUST00128,Click & Collect,Card,Completed,22.8,0.0,1.14,0.0,23.94
ORD001500,2025-04-11 14:08:56,ST008,,In-store,Cash,Completed,41.85,0.0,1.9,0.0,43.75
ORD001501,2025-04-24 17:29:47,ST008,,In-store,Card,Completed,51.8,0.0,0.0,0.0,51.8
ORD001502,2025-12-20 20:44:36,ST003,,In-store,Card,Completed,38.2,0.0,0.72,0.0,38.92
ORD001503,2025-06-03 01:23:23,ST004,,In-store,Card,Completed,6.6,0.0,0.3,0.0,6.9
ORD001504,2025-05-14 01:38:23,ST001,CUST00670,In-store,Card,Completed,22.45,0.0,2.24,0.0,24.69
ORD001505,2025-12-13 13:26:06,ST003,CUST00420,In-store,Card,Completed,31.75,0.0,4.7,0.0,36.45
ORD001506,2025-02-14 14:31:38,ST004,CUST00341,In-store,Card,Completed,28.45,0.0,0.0,0.0,28.45
ORD001507,2025-11-12 02:11:44,ST001,CUST00018,In-store,Card,Completed,5.8,0.0,0.72,0.0,6.52
ORD001508,2025-03-18 23:48:10,ST003,,In-store,Card,Completed,10.7,0.0,0.38,0.0,11.08
ORD001509,2025-04-03 16:06:28,ST002,,In-store,Card,Completed,23.4,0.0,0.0,0.0,23.4
ORD001510,2025-09-05 19:52:17,ST002,CUST00694,In-store,Card,Completed,17.8,0.0,1.8,0.0,19.6
ORD001511,2025-01-10 18:19:13,ST003,,Online,Cash,Completed,27.4,0.0,2.6,3.49,33.49
ORD001512,2025-11-29 17:51:34,ST005,CUST00384,In-store,Cash,Completed,19.8,0.0,1.46,0.0,21.26
ORD001513,2025-03-23 10:10:47,ST004,CUST00137,In-store,Card,Completed,11.8,0.0,0.0,0.0,11.8
ORD001514,2025-04-27 19:36:34,ST003,,In-store,Card,Completed,12.6,0.0,0.0,0.0,12.6
ORD001515,2025-02-19 15:51:07,ST004,CUST00380,Click & Collect,Mobile Wallet,Completed,31.2,0.0,3.3,0.0,34.5
ORD001516,2025-05-06 07:46:54,ST007,,Click & Collect,Mobile Wallet,Completed,41.75,0.0,2.01,0.0,43.76
ORD001517,2025-09-11 04:54:15,ST002,,Click & Collect,Cash,Completed,0.95,0.0,0.0,0.0,0.95
ORD001518,2025-04-04 16:09:05,ST005,CUST00389,In-store,Card,Completed,39.45,0.66,2.84,0.0,41.63
ORD001519,2025-07-11 06:56:31,ST002,,In-store,Card,Completed,30.0,0.0,4.8,0.0,34.8
ORD001520,2025-12-30 13:27:19,ST002,,In-store,Card,Completed,15.35,0.0,0.36,0.0,15.71
ORD001521,2025-08-26 05:31:19,ST006,CUST00515,In-store,Card,Completed,21.7,0.0,0.36,0.0,22.06
ORD001522,2025-10-27 20:59:29,ST005,CUST00115,In-store,Card,Completed,40.0,0.0,6.5,0.0,46.5
ORD001523,2025-02-20 03:45:12,ST005,CUST00272,Click & Collect,Card,Completed,34.2,0.49,0.36,0.0,34.06
ORD001524,2025-05-03 00:54:25,ST008,CUST00115,Online,Card,Completed,10.0,0.0,0.36,3.49,13.85
ORD001525,2025-02-10 19:41:44,ST005,,In-store,Cash,Completed,44.55,0.0,8.1,0.0,52.65
ORD001526,2025-08-25 14:56:02,ST005,CUST00751,In-store,Card,Completed,49.8,2.48,4.76,0.0,52.08
ORD001527,2025-06-30 10:25:47,ST005,CUST00526,In-store,Card,Completed,48.1,1.2,3.52,0.0,50.42
ORD001528,2025-10-21 05:32:49,ST004,,In-store,Card,Completed,27.9,0.0,0.0,0.0,27.9
ORD001529,2025-04-05 15:29:33,ST004,CUST00238,In-store,Card,Completed,32.8,0.0,3.68,0.0,36.48
ORD001530,2025-09-01 15:23:16,ST001,CUST00738,In-store,Card,Completed,45.6,0.0,3.6,0.0,49.2
ORD001531,2025-10-28 03:36:37,ST003,CUST00396,In-store,Card,Completed,3.0,0.0,0.0,0.0,3.0
ORD001532,2025-08-07 05:35:56,ST003,CUST00158,In-store,Mobile Wallet,Completed,10.9,0.0,1.14,0.0,12.04
ORD001533,2025-03-11 01:37:33,ST005,,Online,Card,Completed,35.15,0.0,3.76,3.49,42.4
ORD001534,2025-05-02 18:28:23,ST007,CUST00720,In-store,Gift Card,Completed,6.2,0.0,0.0,0.0,6.2
ORD001535,2025-09-10 00:39:04,ST004,CUST00416,Online,Cash,Completed,41.85,0.0,4.82,0.0,46.67
ORD001536,2025-05-04 06:15:39,ST003,CUST00690,In-store,Card,Cancelled,5.5,0.0,0.3,0.0,0.0
ORD001537,2025-08-10 13:33:45,ST006,CUST00635,In-store,Cash,Completed,8.3,0.0,1.66,0.0,9.96
ORD001538,2025-03-01 11:12:49,ST007,,In-store,Card,Refunded,11.4,0.0,2.28,0.0,13.68
ORD001539,2025-02-12 12:25:56,ST007,,In-store,Mobile Wallet,Completed,32.45,0.0,3.68,0.0,36.13
ORD001540,2025-12-27 21:19:55,ST008,CUST00178,In-store,Card,Completed,16.8,0.0,2.12,0.0,18.92
ORD001541,2025-12-23 23:45:13,ST007,CUST00274,In-store,Card,Completed,15.05,0.0,0.9,0.0,15.95
ORD001542,2025-07-25 10:44:34,ST002,CUST00134,In-store,Card,Completed,15.1,0.0,0.52,0.0,15.62
ORD001543,2025-04-22 05:52:16,ST006,CUST00308,In-store,Card,Completed,33.9,0.0,1.92,0.0,35.82
ORD001544,2025-06-29 01:52:01,ST005,CUST00093,In-store,Card,Completed,30.05,1.24,0.91,0.0,29.72
ORD001545,2025-05-25 21:23:50,ST005,,Online,Card,Completed,1.6,0.0,0.0,3.49,5.09
ORD001546,2025-03-25 11:04:55,ST006,CUST00661,In-store,Cash,Completed,31.7,0.0,0.0,0.0,31.7
ORD001547,2025-01-31 06:47:41,ST005,CUST00500,In-store,Mobile Wallet,Completed,16.7,0.11,0.52,0.0,17.11
ORD001548,2025-05-30 10:03:45,ST004,,In-store,Mobile Wallet,Completed,12.9,0.0,0.84,0.0,13.74
ORD001549,2025-06-26 01:03:25,ST007,,In-store,Card,Completed,26.75,0.0,3.95,0.0,30.7
ORD001550,2025-09-27 05:01:10,ST008,CUST00584,In-store,Card,Completed,25.8,0.6,1.18,0.0,26.38
ORD001551,2025-06-21 02:14:10,ST006,CUST00112,Online,Card,Completed,13.4,0.6,0.0,3.49,16.29
ORD001552,2025-04-09 06:34:49,ST007,CUST00612,In-store,Card,Completed,29.0,0.0,1.92,0.0,30.92
ORD001553,2025-10-02 15:49:55,ST003,CUST00740,In-store,Cash,Completed,49.15,0.0,1.96,0.0,51.11
ORD001554,2025-04-19 02:39:49,ST002,,In-store,Card,Completed,10.7,0.0,2.14,0.0,12.84
ORD001555,2025-11-24 08:10:30,ST005,,In-store,Card,Cancelled,3.2,0.0,0.0,0.0,0.0
ORD001556,2025-07-22 07:53:30,ST008,CUST00002,In-store,Card,Completed,2.0,0.0,0.0,0.0,2.0
ORD001557,2025-11-08 09:49:51,ST008,CUST00318,In-store,Card,Completed,35.0,0.0,2.26,0.0,37.26
ORD001558,2025-10-06 10:17:50,ST006,CUST00320,In-store,Card,Completed,54.8,0.0,5.7,0.0,60.5
ORD001559,2025-02-19 16:17:05,ST003,CUST00108,Online,Cash,Completed,12.3,0.0,0.3,3.49,16.09
ORD001560,2025-03-04 07:37:28,ST002,,In-store,Cash,Completed,15.8,0.0,0.48,0.0,16.28
ORD001561,2025-11-16 01:19:37,ST002,CUST00521,Online,Card,Cancelled,22.75,0.0,0.18,3.49,0.0
ORD001562,2025-01-15 06:34:22,ST003,CUST00487,In-store,Mobile Wallet,Completed,73.75,0.0,2.07,0.0,75.82
ORD001563,2025-02-24 08:22:58,ST006,CUST00707,In-store,Card,Completed,34.5,0.0,3.52,0.0,38.02
ORD001564,2025-09-19 04:14:00,ST004,CUST00040,In-store,Card,Completed,23.8,0.0,1.64,0.0,25.44
ORD001565,2025-10-18 17:52:47,ST004,CUST00534,In-store,Card,Completed,22.3,0.0,1.92,0.0,24.22
ORD001566,2025-03-26 23:12:16,ST006,CUST00389,In-store,Gift Card,Completed,70.55,0.0,3.5,0.0,74.05
ORD001567,2025-04-02 15:11:53,ST006,,In-store,Card,Completed,27.05,0.31,1.64,0.0,28.38
ORD001568,2025-12-06 17:01:21,ST008,,In-store,Card,Completed,22.9,0.0,2.82,0.0,25.72
ORD001569,2025-12-28 01:19:23,ST002,CUST00191,In-store,Card,Completed,49.2,0.0,4.56,0.0,53.76
ORD001570,2025-04-10 00:53:22,ST004,CUST00242,Online,Card,Completed,14.7,0.0,0.36,3.49,18.55
ORD001571,2025-10-12 12:28:17,ST006,CUST00788,In-store,Cash,Completed,15.2,0.0,0.72,0.0,15.92
ORD001572,2025-09-09 17:31:58,ST001,CUST00636,In-store,Mobile Wallet,Completed,41.95,0.0,0.74,0.0,42.69
ORD001573,2025-10-18 11:57:38,ST003,CUST00738,In-store,Card,Completed,14.2,0.0,0.76,0.0,14.96
ORD001574,2025-11-25 02:15:42,ST002,CUST00244,In-store,Card,Completed,2.4,0.0,0.0,0.0,2.4
ORD001575,2025-08-28 00:40:51,ST005,,Click & Collect,Card,Completed,39.15,0.0,4.16,0.0,43.31
ORD001576,2025-08-25 17:04:48,ST007,CUST00274,In-store,Mobile Wallet,Completed,11.8,0.0,0.0,0.0,11.8
ORD001577,2025-12-05 21:19:43,ST006,CUST00118,In-store,Cash,Completed,18.8,0.0,0.88,0.0,19.68
ORD001578,2025-09-19 09:22:04,ST001,,In-store,Card,Completed,27.6,0.3,1.06,0.0,28.36
ORD001579,2025-07-27 03:55:47,ST001,,In-store,Card,Completed,17.15,0.0,1.8,0.0,18.95
ORD001580,2025-11-26 10:54:43,ST005,CUST00011,In-store,Card,Completed,33.55,0.0,3.66,0.0,37.21
ORD001581,2025-02-19 05:22:59,ST005,,Online,Card,Completed,15.25,0.0,1.64,3.49,20.38
ORD001582,2025-05-12 21:33:56,ST007,CUST00240,In-store,Cash,Cancelled,5.4,0.0,0.38,0.0,0.0
ORD001583,2025-03-09 20:28:16,ST004,CUST00122,In-store,Gift Card,Completed,7.4,0.0,1.04,0.0,8.44
ORD001584,2025-01-03 21:59:50,ST007,CUST00173,Online,Card,Completed,14.3,0.36,1.32,3.49,18.75
ORD001585,2025-03-29 12:26:40,ST002,CUST00338,Click & Collect,Card,Completed,45.7,0.0,0.0,0.0,45.7
ORD001586,2025-01-18 03:17:26,ST007,,In-store,Card,Completed,12.05,0.09,0.44,0.0,12.4
ORD001587,2025-06-23 17:41:34,ST007,,Online,Mobile Wallet,Completed,42.15,1.66,0.0,0.0,40.49
ORD001588,2025-05-10 11:41:40,ST002,CUST00663,Online,Card,Completed,13.85,0.0,0.0,3.49,17.34
ORD001589,2025-02-26 17:03:23,ST004,CUST00123,In-store,Card,Completed,29.4,0.17,2.0,0.0,31.23
ORD001590,2025-09-10 00:49:36,ST002,CUST00794,In-store,Card,Completed,4.9,0.0,0.98,0.0,5.88
ORD001591,2025-04-15 23:42:28,ST003,,In-store,Mobile Wallet,Completed,6.0,0.0,1.2,0.0,7.2
ORD001592,2025-06-05 07:41:57,ST002,CUST00596,In-store,Cash,Completed,22.8,0.0,0.66,0.0,23.46
ORD001593,2025-04-03 22:06:22,ST004,CUST00640,Online,Card,Completed,6.4,0.77,0.0,3.49,9.12
ORD001594,2025-08-08 02:53:32,ST006,CUST00022,In-store,Card,Completed,44.2,0.0,8.4,0.0,52.6
ORD001595,2025-02-02 09:18:51,ST006,CUST00551,In-store,Card,Completed,14.75,0.0,0.0,0.0,14.75
ORD001596,2025-02-28 12:08:11,ST007,CUST00160,In-store,Cash,Completed,38.8,0.0,6.8,0.0,45.6
ORD001597,2025-07-31 06:18:45,ST004,CUST00613,In-store,Card,Completed,37.5,0.0,2.76,0.0,40.26
ORD001598,2025-03-14 08:36:46,ST001,CUST00285,In-store,Card,Completed,27.05,0.0,1.13,0.0,28.18
ORD001599,2025-09-19 18:19:36,ST005,,Online,Mobile Wallet,Completed,12.5,0.0,0.96,3.49,16.95
ORD001600,2025-11-26 19:08:19,ST004,,In-store,Card,Completed,18.0,0.0,1.48,0.0,19.48
ORD001601,2025-10-25 16:37:33,ST002,CUST00154,Online,Mobile Wallet,Completed,9.95,0.0,0.84,3.49,14.28
ORD001602,2025-02-25 01:02:14,ST008,CUST00046,In-store,Cash,Completed,18.55,0.63,0.84,0.0,18.76
ORD001603,2025-09-20 10:37:53,ST006,CUST00283,In-store,Card,Completed,10.15,1.2,1.24,0.0,10.19
ORD001604,2025-02-27 00:44:03,ST006,,In-store,Gift Card,Completed,4.1,0.32,0.4,0.0,4.18
ORD001605,2025-08-27 15:24:32,ST004,CUST00278,In-store,Card,Completed,31.8,0.85,0.0,0.0,30.95
ORD001606,2025-11-27 10:35:32,ST004,,In-store,Cash,Completed,3.2,0.0,0.64,0.0,3.84
ORD001607,2025-03-25 23:15:46,ST004,,Online,Card,Completed,8.15,0.0,1.12,3.49,12.76
ORD001608,2025-08-09 09:56:59,ST007,CUST00547,In-store,Card,Completed,22.2,0.0,1.8,0.0,24.0
ORD001609,2025-06-02 12:40:56,ST006,CUST00295,In-store,Card,Completed,23.4,0.0,0.0,0.0,23.4
ORD001610,2025-07-16 09:05:53,ST004,CUST00222,In-store,Card,Completed,6.4,0.0,1.28,0.0,7.68
ORD001611,2025-06-24 19:14:13,ST007,CUST00144,Online,Gift Card,Completed,36.9,0.96,0.0,3.49,39.43
ORD001612,2025-09-28 22:07:48,ST006,,Online,Card,Completed,23.6,0.0,0.0,3.49,27.09
ORD001613,2025-05-28 15:52:05,ST007,CUST00285,In-store,Card,Refunded,2.6,0.0,0.52,0.0,3.12
ORD001614,2025-01-27 13:42:54,ST008,CUST00543,In-store,Card,Completed,22.25,0.0,0.0,0.0,22.25
ORD001615,2025-07-23 14:56:25,ST003,CUST00311,In-store,Card,Completed,18.35,0.0,1.78,0.0,20.13
ORD001616,2025-04-03 15:17:30,ST007,CUST00251,In-store,Card,Completed,4.5,0.0,0.9,0.0,5.4
ORD001617,2025-09-29 12:21:13,ST006,CUST00598,Click & Collect,Gift Card,Completed,47.15,0.0,0.96,0.0,48.11
ORD001618,2025-08-23 09:26:27,ST004,CUST00276,In-store,Cash,Completed,17.2,0.0,2.0,0.0,19.2
ORD001619,2025-11-12 03:54:53,ST005,,In-store,Card,Completed,28.5,0.0,0.52,0.0,29.02
ORD001620,2025-06-02 16:09:27,ST006,,Online,Cash,Completed,28.4,0.0,0.88,3.49,32.77
ORD001621,2025-11-26 07:39:56,ST008,CUST00343,In-store,Mobile Wallet,Completed,54.3,0.0,7.88,0.0,62.18
ORD001622,2025-04-03 22:26:47,ST005,CUST00524,Online,Cash,Completed,15.95,0.0,0.76,3.49,20.2
ORD001623,2025-10-30 17:25:31,ST002,CUST00767,In-store,Card,Completed,6.75,0.0,0.8,0.0,7.55
ORD001624,2025-05-19 23:53:22,ST001,,In-store,Cash,Completed,7.8,0.0,1.56,0.0,9.36
ORD001625,2025-07-07 02:33:14,ST005,CUST00118,In-store,Cash,Completed,22.6,0.0,2.62,0.0,25.22
ORD001626,2025-01-16 03:25:55,ST008,CUST00469,In-store,Card,Completed,4.8,0.0,0.0,0.0,4.8
ORD001627,2025-07-08 05:25:31,ST002,CUST00208,In-store,Mobile Wallet,Completed,12.0,0.0,0.0,0.0,12.0
ORD001628,2025-06-07 08:19:19,ST007,,In-store,Card,Completed,40.1,0.0,2.88,0.0,42.98
ORD001629,2025-08-28 10:13:24,ST002,CUST00580,In-store,Card,Completed,25.15,0.0,1.64,0.0,26.79
ORD001630,2025-02-22 05:01:25,ST008,CUST00707,In-store,Card,Completed,22.2,0.17,2.16,0.0,24.2
ORD001631,2025-11-29 14:47:00,ST008,CUST00770,Online,Card,Completed,21.75,0.0,0.37,3.49,25.61
ORD001632,2025-07-13 22:54:01,ST004,CUST00338,In-store,Card,Completed,28.9,0.96,0.38,0.0,28.32
ORD001633,2025-11-09 03:54:14,ST008,CUST00532,In-store,Mobile Wallet,Completed,23.8,0.0,1.72,0.0,25.52
ORD001634,2025-07-02 00:34:48,ST003,,In-store,Cash,Completed,25.35,0.0,1.04,0.0,26.39
ORD001635,2025-07-02 02:27:57,ST003,CUST00287,In-store,Mobile Wallet,Completed,25.4,0.0,0.36,0.0,25.76
ORD001636,2025-03-23 08:32:50,ST002,,In-store,Card,Completed,42.9,0.0,0.0,0.0,42.9
ORD001637,2025-09-27 09:22:00,ST006,CUST00795,Online,Mobile Wallet,Completed,31.7,0.3,3.58,3.49,38.47
ORD001638,2025-02-15 10:30:11,ST004,,In-store,Card,Completed,10.5,0.0,0.9,0.0,11.4
ORD001639,2025-11-07 19:35:11,ST008,CUST00344,In-store,Card,Completed,40.0,0.0,1.9,0.0,41.9
ORD001640,2025-08-10 08:29:32,ST005,CUST00232,Click & Collect,Card,Completed,44.3,0.6,4.24,0.0,47.94
ORD001641,2025-07-18 12:52:39,ST008,CUST00133,Click & Collect,Card,Completed,10.1,0.0,0.6,0.0,10.7
ORD001642,2025-10-27 09:22:39,ST008,CUST00719,In-store,Card,Completed,17.95,0.0,0.6,0.0,18.55
ORD001643,2025-05-25 13:03:30,ST002,,Online,Mobile Wallet,Completed,14.5,0.0,2.3,3.49,20.29
ORD001644,2025-03-28 05:36:29,ST004,,In-store,Card,Completed,14.4,0.0,2.56,0.0,16.96
ORD001645,2025-06-03 10:34:14,ST001,CUST00760,In-store,Card,Completed,48.1,0.46,4.58,0.0,52.22
ORD001646,2025-07-20 17:20:43,ST004,CUST00570,Click & Collect,Card,Refunded,47.1,1.86,3.9,0.0,49.14
ORD001647,2025-03-03 16:11:58,ST001,,In-store,Card,Completed,37.9,0.0,5.64,0.0,43.54
ORD001648,2025-05-21 15:59:54,ST004,,Click & Collect,Card,Completed,28.9,0.0,0.18,0.0,29.08
ORD001649,2025-12-01 15:30:05,ST003,CUST00284,In-store,Card,Completed,26.4,0.0,0.8,0.0,27.2
ORD001650,2025-01-31 05:33:55,ST003,,In-store,Card,Completed,10.4,0.0,0.34,0.0,10.74
ORD001651,2025-06-16 19:08:45,ST001,CUST00259,Online,Card,Completed,26.3,0.0,0.34,3.49,30.13
ORD001652,2025-11-18 15:35:02,ST007,CUST00033,Click & Collect,Card,Completed,20.1,0.0,1.14,0.0,21.24
ORD001653,2025-01-25 01:21:37,ST007,,In-store,Card,Completed,25.95,0.23,2.84,0.0,28.56
ORD001654,2025-11-27 21:51:59,ST008,,In-store,Mobile Wallet,Completed,32.0,0.0,1.68,0.0,33.68
ORD001655,2025-03-04 05:42:01,ST006,CUST00636,Click & Collect,Gift Card,Completed,15.2,0.0,2.08,0.0,17.28
ORD001656,2025-07-23 01:18:42,ST003,CUST00001,Online,Card,Completed,31.2,0.0,5.8,3.49,40.49
ORD001657,2025-10-27 20:16:48,ST004,CUST00322,In-store,Card,Completed,25.85,0.0,2.69,0.0,28.54
ORD001658,2025-11-18 04:22:18,ST003,CUST00101,In-store,Card,Refunded,35.7,0.0,4.9,0.0,40.6
ORD001659,2025-11-28 20:41:45,ST008,CUST00413,In-store,Mobile Wallet,Completed,18.0,0.0,2.88,0.0,20.88
ORD001660,2025-11-22 21:37:59,ST003,CUST00043,In-store,Card,Completed,14.7,0.0,1.32,0.0,16.02
ORD001661,2025-03-10 17:05:16,ST003,,In-store,Card,Completed,18.7,0.0,1.48,0.0,20.18
ORD001662,2025-04-02 10:00:53,ST003,,In-store,Card,Completed,6.2,0.0,0.0,0.0,6.2
ORD001663,2025-11-15 05:47:20,ST005,CUST00162,In-store,Mobile Wallet,Completed,8.1,0.0,1.62,0.0,9.72
ORD001664,2025-07-24 16:03:05,ST004,,In-store,Card,Completed,7.75,0.0,1.04,0.0,8.79
ORD001665,2025-03-06 10:19:38,ST001,,In-store,Card,Completed,10.1,0.0,0.0,0.0,10.1
ORD001666,2025-03-04 11:36:05,ST006,CUST00006,In-store,Cash,Completed,33.8,0.0,3.71,0.0,37.51
ORD001667,2025-09-23 15:54:09,ST002,CUST00731,In-store,Card,Refunded,43.95,0.0,0.0,0.0,43.95
ORD001668,2025-10-25 17:38:17,ST008,,In-store,Card,Completed,7.95,0.0,1.0,0.0,8.95
ORD001669,2025-11-13 15:53:06,ST007,CUST00090,In-store,Card,Completed,55.1,0.0,6.56,0.0,61.66
ORD001670,2025-10-17 17:18:56,ST007,CUST00636,In-store,Cash,Completed,4.8,0.0,0.0,0.0,4.8
ORD001671,2025-06-06 08:49:03,ST002,CUST00034,In-store,Mobile Wallet,Completed,14.2,0.0,2.84,0.0,17.04
ORD001672,2025-05-24 08:14:34,ST001,,Online,Card,Refunded,24.3,0.0,1.4,3.49,29.19
ORD001673,2025-08-18 16:01:47,ST007,CUST00554,In-store,Card,Completed,1.5,0.0,0.3,0.0,1.8
ORD001674,2025-06-13 09:36:03,ST006,,In-store,Mobile Wallet,Completed,16.7,0.0,2.38,0.0,19.08
ORD001675,2025-10-27 05:08:42,ST006,CUST00634,In-store,Mobile Wallet,Completed,36.55,0.0,3.24,0.0,39.79
ORD001676,2025-10-04 11:32:51,ST006,CUST00306,In-store,Card,Completed,19.2,0.0,0.0,0.0,19.2
ORD001677,2025-11-08 21:58:08,ST006,CUST00149,In-store,Card,Completed,21.5,0.0,2.0,0.0,23.5
ORD001678,2025-01-28 23:38:17,ST007,CUST00096,In-store,Card,Completed,14.25,0.48,1.3,0.0,15.07
ORD001679,2025-09-05 20:19:40,ST007,,In-store,Mobile Wallet,Completed,19.0,0.0,0.0,0.0,19.0
ORD001680,2025-01-02 03:24:27,ST002,CUST00794,In-store,Cash,Completed,11.35,0.0,1.15,0.0,12.5
ORD001681,2025-06-29 19:39:37,ST002,CUST00076,In-store,Card,Cancelled,12.1,0.0,0.34,0.0,0.0
ORD001682,2025-10-28 18:57:47,ST007,CUST00481,Click & Collect,Card,Completed,53.5,0.0,2.66,0.0,56.16
ORD001683,2025-10-06 02:30:27,ST007,CUST00792,In-store,Mobile Wallet,Completed,21.25,0.0,3.27,0.0,24.52
ORD001684,2025-01-04 09:04:08,ST002,,In-store,Card,Completed,32.1,0.3,3.4,0.0,35.2
ORD001685,2025-12-14 17:31:14,ST007,,In-store,Mobile Wallet,Completed,18.95,0.0,0.88,0.0,19.83
ORD001686,2025-08-24 04:06:34,ST005,,In-store,Card,Refunded,34.2,0.0,1.98,0.0,36.18
ORD001687,2025-07-29 01:33:09,ST006,,In-store,Card,Completed,3.0,0.0,0.0,0.0,3.0
ORD001688,2025-09-26 05:37:33,ST001,CUST00667,In-store,Card,Completed,32.1,1.5,1.74,0.0,32.34
ORD001689,2025-11-30 15:19:14,ST004,,In-store,Card,Completed,1.2,0.0,0.0,0.0,1.2
ORD001690,2025-09-11 18:32:24,ST003,CUST00238,In-store,Mobile Wallet,Completed,1.8,0.0,0.0,0.0,1.8
ORD001691,2025-06-24 19:11:48,ST003,CUST00594,Click & Collect,Card,Completed,22.7,0.0,0.8,0.0,23.5
ORD001692,2025-09-05 03:23:38,ST002,CUST00046,Online,Card,Cancelled,33.0,0.0,2.82,3.49,0.0
ORD001693,2025-08-30 04:39:22,ST001,CUST00007,In-store,Card,Completed,8.5,0.0,0.18,0.0,8.68
ORD001694,2025-08-02 20:08:19,ST003,CUST00419,In-store,Card,Completed,52.75,1.2,2.4,0.0,53.95
ORD001695,2025-07-28 19:10:20,ST004,CUST00180,In-store,Mobile Wallet,Refunded,34.2,1.24,1.56,0.0,34.52
ORD001696,2025-04-12 02:51:11,ST003,,Online,Cash,Completed,41.7,0.19,2.8,0.0,44.31
ORD001697,2025-05-07 23:11:46,ST008,,In-store,Card,Completed,58.3,0.0,0.38,0.0,58.68
ORD001698,2025-07-19 06:51:35,ST005,,In-store,Card,Completed,18.0,0.0,0.0,0.0,18.0
ORD001699,2025-02-11 02:36:52,ST008,,In-store,Mobile Wallet,Completed,36.95,0.0,4.8,0.0,41.75
ORD001700,2025-03-27 18:28:11,ST005,CUST00726,In-store,Card,Completed,1.9,0.0,0.38,0.0,2.28
ORD001701,2025-03-07 07:58:17,ST005,CUST00720,In-store,Cash,Completed,5.8,0.0,0.82,0.0,6.62
ORD001702,2025-01-08 10:00:46,ST005,,In-store,Cash,Completed,15.6,0.0,1.04,0.0,16.64
ORD001703,2025-07-27 16:59:58,ST007,CUST00728,Click & Collect,Gift Card,Completed,30.5,0.6,1.18,0.0,31.08
ORD001704,2025-12-20 07:13:26,ST004,CUST00381,Click & Collect,Card,Completed,4.4,0.0,0.0,0.0,4.4
ORD001705,2025-11-22 22:11:07,ST003,CUST00265,In-store,Card,Completed,18.0,0.0,3.6,0.0,21.6
ORD001706,2025-03-24 09:38:54,ST001,CUST00730,In-store,Card,Completed,14.55,0.0,2.34,0.0,16.89
ORD001707,2025-06-15 05:37:10,ST002,CUST00504,In-store,Card,Completed,68.5,1.44,3.76,0.0,70.82
ORD001708,2025-04-01 23:55:58,ST004,CUST00687,Click & Collect,Card,Completed,45.3,0.31,4.2,0.0,49.19
ORD001709,2025-03-08 03:08:03,ST008,CUST00268,Online,Cash,Completed,62.4,0.0,7.66,0.0,70.06
ORD001710,2025-04-08 18:20:57,ST002,CUST00030,In-store,Mobile Wallet,Completed,31.55,0.0,1.32,0.0,32.87
ORD001711,2025-08-15 14:09:19,ST006,CUST00247,Click & Collect,Card,Completed,30.5,0.96,0.0,0.0,29.54
ORD001712,2025-01-13 00:40:09,ST004,,In-store,Card,Completed,27.35,0.0,1.48,0.0,28.83
ORD001713,2025-01-21 04:23:55,ST008,CUST00105,Click & Collect,Mobile Wallet,Completed,2.4,0.24,0.0,0.0,2.16
ORD001714,2025-07-27 23:25:38,ST005,,In-store,Card,Completed,35.1,0.46,3.15,0.0,37.79
ORD001715,2025-02-27 20:14:51,ST001,,In-store,Cash,Completed,37.3,0.0,0.88,0.0,38.18
ORD001716,2025-04-14 06:23:39,ST001,,In-store,Card,Completed,11.75,0.0,0.0,0.0,11.75
ORD001717,2025-11-17 04:01:38,ST008,CUST00243,In-store,Card,Completed,13.8,0.0,0.78,0.0,14.58
ORD001718,2025-10-16 12:41:15,ST007,,In-store,Card,Completed,19.65,0.0,2.28,0.0,21.93
ORD001719,2025-05-29 14:45:27,ST002,,In-store,Card,Completed,18.4,0.0,2.08,0.0,20.48
ORD001720,2025-11-22 02:20:13,ST005,CUST00585,Online,Card,Completed,34.2,0.0,3.04,3.49,40.73
ORD001721,2025-01-28 18:45:06,ST003,CUST00080,In-store,Card,Completed,12.05,0.0,0.77,0.0,12.82
ORD001722,2025-02-18 18:52:00,ST006,,In-store,Card,Completed,6.4,0.0,0.0,0.0,6.4
ORD001723,2025-03-09 07:43:43,ST007,,In-store,Card,Completed,26.0,0.0,2.0,0.0,28.0
ORD001724,2025-11-05 05:48:22,ST004,CUST00684,Click & Collect,Card,Completed,6.6,0.0,0.0,0.0,6.6
ORD001725,2025-11-28 12:39:13,ST006,CUST00172,In-store,Card,Completed,33.2,0.0,3.94,0.0,37.14
ORD001726,2025-03-06 01:45:52,ST005,,Online,Card,Completed,23.85,0.0,0.0,3.49,27.34
ORD001727,2025-06-29 16:10:44,ST002,,In-store,Card,Refunded,44.35,1.44,1.9,0.0,44.81
ORD001728,2025-02-11 17:38:38,ST002,,In-store,Card,Completed,18.4,0.0,1.28,0.0,19.68
ORD001729,2025-01-10 10:06:24,ST006,,In-store,Card,Completed,20.85,0.09,2.4,0.0,23.16
ORD001730,2025-01-21 00:08:40,ST003,CUST00308,In-store,Mobile Wallet,Completed,43.6,0.24,1.68,0.0,45.04
ORD001731,2025-02-21 19:34:50,ST006,CUST00522,Click & Collect,Card,Completed,7.25,0.22,0.24,0.0,7.27
ORD001732,2025-08-11 00:50:04,ST004,CUST00648,In-store,Mobile Wallet,Completed,14.2,0.0,1.28,0.0,15.48
ORD001733,2025-06-11 08:06:20,ST008,CUST00441,In-store,Card,Completed,31.0,0.0,2.18,0.0,33.18
ORD001734,2025-10-23 06:51:30,ST008,CUST00044,In-store,Gift Card,Completed,21.85,0.0,0.3,0.0,22.15
ORD001735,2025-02-05 20:46:18,ST008,CUST00797,In-store,Card,Completed,14.6,0.0,0.52,0.0,15.12
ORD001736,2025-09-10 11:54:54,ST003,CUST00586,In-store,Card,Completed,19.6,0.0,0.0,0.0,19.6
ORD001737,2025-11-08 15:36:27,ST004,CUST00096,Online,Mobile Wallet,Completed,41.9,0.0,1.98,0.0,43.88
ORD001738,2025-10-25 12:36:19,ST008,CUST00050,Click & Collect,Card,Completed,27.1,0.0,0.88,0.0,27.98
ORD001739,2025-05-17 21:14:06,ST002,CUST00475,In-store,Cash,Completed,24.65,0.0,0.36,0.0,25.01
ORD001740,2025-02-20 13:41:11,ST007,CUST00513,In-store,Card,Completed,23.8,0.0,2.16,0.0,25.96
ORD001741,2025-08-25 16:03:29,ST005,CUST00349,In-store,Card,Completed,25.2,0.0,0.52,0.0,25.72
ORD001742,2025-09-19 13:39:53,ST005,CUST00146,In-store,Card,Completed,21.5,0.0,2.22,0.0,23.72
ORD001743,2025-09-07 09:14:44,ST004,CUST00146,In-store,Card,Completed,27.25,0.3,4.28,0.0,31.23
ORD001744,2025-11-30 16:36:14,ST007,CUST00666,Click & Collect,Card,Completed,8.4,0.0,1.28,0.0,9.68
ORD001745,2025-03-14 07:41:04,ST007,,In-store,Cash,Completed,42.55,0.0,5.62,0.0,48.17
ORD001746,2025-10-02 04:19:24,ST006,CUST00629,Online,Card,Completed,20.5,0.0,2.32,3.49,26.31
ORD001747,2025-07-26 08:43:20,ST008,CUST00753,In-store,Card,Completed,21.7,0.0,2.1,0.0,23.8
ORD001748,2025-01-20 10:56:44,ST001,,In-store,Card,Completed,16.6,0.6,1.56,0.0,17.56
ORD001749,2025-02-28 09:02:22,ST001,CUST00330,In-store,Card,Completed,15.7,0.0,2.26,0.0,17.96
ORD001750,2025-09-09 12:04:08,ST002,CUST00077,In-store,Card,Completed,8.3,0.3,0.48,0.0,8.48
ORD001751,2025-09-14 17:39:08,ST003,,In-store,Mobile Wallet,Completed,20.5,0.0,0.88,0.0,21.38
ORD001752,2025-04-16 14:27:30,ST008,,Click & Collect,Card,Completed,7.6,0.0,0.0,0.0,7.6
ORD001753,2025-04-09 21:35:12,ST006,CUST00770,Online,Mobile Wallet,Completed,13.2,0.0,1.08,3.49,17.77
ORD001754,2025-04-27 15:46:51,ST001,,Click & Collect,Gift Card,Completed,40.4,0.0,2.6,0.0,43.0
ORD001755,2025-09-04 13:20:49,ST008,CUST00293,In-store,Mobile Wallet,Completed,19.35,0.0,2.3,0.0,21.65
ORD001756,2025-03-08 08:16:38,ST003,CUST00701,In-store,Mobile Wallet,Completed,4.0,0.0,0.8,0.0,4.8
ORD001757,2025-10-12 09:30:57,ST003,,In-store,Card,Completed,11.55,0.0,0.0,0.0,11.55
ORD001758,2025-03-28 15:57:20,ST004,CUST00066,In-store,Card,Completed,13.0,0.0,2.6,0.0,15.6
ORD001759,2025-04-22 06:26:37,ST001,CUST00492,Click & Collect,Card,Completed,11.9,0.0,0.0,0.0,11.9
ORD001760,2025-12-23 17:11:01,ST003,CUST00100,Click & Collect,Cash,Completed,20.35,0.0,3.08,0.0,23.43
ORD001761,2025-04-26 07:36:04,ST005,CUST00615,In-store,Card,Completed,28.4,0.0,3.38,0.0,31.78
ORD001762,2025-01-11 10:03:22,ST007,,In-store,Card,Completed,36.5,0.0,3.72,0.0,40.22
ORD001763,2025-04-29 15:14:55,ST004,,In-store,Card,Completed,22.6,0.0,0.0,0.0,22.6
ORD001764,2025-05-08 07:50:50,ST008,CUST00791,In-store,Cash,Completed,14.8,0.0,2.6,0.0,17.4
ORD001765,2025-03-24 06:22:38,ST005,CUST00393,Click & Collect,Card,Completed,43.2,0.0,6.68,0.0,49.88
ORD001766,2025-11-21 07:45:14,ST006,CUST00116,Online,Cash,Completed,1.5,0.0,0.0,3.49,4.99
ORD001767,2025-10-30 23:33:38,ST006,,Click & Collect,Card,Completed,22.75,0.0,1.88,0.0,24.63
ORD001768,2025-06-09 00:44:07,ST008,CUST00564,Click & Collect,Card,Completed,56.2,0.6,1.56,0.0,57.16
ORD001769,2025-10-20 05:10:32,ST001,CUST00311,In-store,Card,Completed,35.2,0.0,2.96,0.0,38.16
ORD001770,2025-07-03 06:48:39,ST004,CUST00279,In-store,Cash,Completed,7.8,0.0,0.72,0.0,8.52
ORD001771,2025-01-27 03:15:08,ST008,CUST00145,Online,Card,Completed,23.2,0.0,0.0,3.49,26.69
ORD001772,2025-09-04 14:45:43,ST003,CUST00334,In-store,Card,Completed,47.2,0.0,4.62,0.0,51.82
ORD001773,2025-02-19 23:24:54,ST007,CUST00120,In-store,Card,Completed,16.1,0.0,0.72,0.0,16.82
ORD001774,2025-07-21 17:19:06,ST006,CUST00301,In-store,Cash,Completed,28.2,0.0,2.6,0.0,30.8
ORD001775,2025-03-17 12:34:46,ST005,CUST00503,In-store,Card,Completed,51.85,0.0,5.7,0.0,57.55
ORD001776,2025-05-15 22:43:03,ST002,CUST00530,In-store,Gift Card,Completed,22.0,0.0,1.16,0.0,23.16
ORD001777,2025-07-09 21:56:30,ST008,CUST00736,In-store,Mobile Wallet,Completed,34.6,0.0,0.84,0.0,35.44
ORD001778,2025-02-03 01:32:46,ST001,CUST00776,In-store,Card,Completed,12.3,0.0,0.36,0.0,12.66
ORD001779,2025-05-01 15:43:00,ST005,,In-store,Card,Completed,39.35,0.0,0.42,0.0,39.77
ORD001780,2025-02-05 12:15:36,ST003,CUST00100,Online,Mobile Wallet,Completed,29.0,0.0,3.48,3.49,35.97
ORD001781,2025-09-02 15:17:28,ST008,CUST00506,In-store,Card,Completed,14.15,0.0,1.04,0.0,15.19
ORD001782,2025-09-03 12:46:51,ST001,CUST00300,In-store,Card,Completed,6.95,0.9,0.54,0.0,6.59
ORD001783,2025-06-08 21:23:32,ST004,CUST00259,In-store,Cash,Completed,8.1,0.0,0.18,0.0,8.28
ORD001784,2025-05-28 04:08:46,ST008,CUST00396,Online,Card,Completed,23.9,0.0,3.28,3.49,30.67
ORD001785,2025-08-21 09:25:28,ST003,CUST00123,In-store,Card,Completed,25.1,0.0,3.26,0.0,28.36
ORD001786,2025-10-09 21:39:54,ST001,CUST00317,In-store,Cash,Completed,4.2,0.0,0.0,0.0,4.2
ORD001787,2025-07-18 19:26:41,ST001,,In-store,Card,Completed,19.5,0.0,0.64,0.0,20.14
ORD001788,2025-06-13 16:08:35,ST006,CUST00729,In-store,Card,Completed,19.3,0.0,0.96,0.0,20.26
ORD001789,2025-12-21 18:14:51,ST007,CUST00359,Online,Card,Completed,30.1,0.0,3.12,3.49,36.71
ORD001790,2025-01-28 10:49:42,ST002,CUST00055,In-store,Card,Completed,35.05,0.0,4.81,0.0,39.86
ORD001791,2025-11-10 05:26:53,ST007,,In-store,Card,Completed,16.6,0.0,0.0,0.0,16.6
ORD001792,2025-08-14 14:58:57,ST005,CUST00214,Online,Card,Completed,16.05,0.0,0.96,3.49,20.5
ORD001793,2025-02-09 12:30:39,ST004,CUST00486,In-store,Cash,Completed,22.85,0.0,2.36,0.0,25.21
ORD001794,2025-03-18 14:40:49,ST003,CUST00544,In-store,Card,Completed,25.4,0.0,3.5,0.0,28.9
ORD001795,2025-03-07 22:05:52,ST008,,Online,Card,Completed,41.0,0.0,4.36,0.0,45.36
ORD001796,2025-12-21 09:41:23,ST003,CUST00670,Click & Collect,Cash,Completed,48.3,0.0,8.22,0.0,56.52
ORD001797,2025-10-27 21:06:39,ST007,,In-store,Card,Completed,35.0,0.0,1.6,0.0,36.6
ORD001798,2025-01-07 23:04:16,ST004,CUST00141,In-store,Mobile Wallet,Completed,18.15,0.0,0.0,0.0,18.15
ORD001799,2025-05-28 15:07:50,ST004,CUST00571,In-store,Card,Completed,20.75,0.0,3.42,0.0,24.17
ORD001800,2025-03-18 01:09:47,ST003,CUST00467,In-store,Card,Completed,29.7,0.0,4.24,0.0,33.94
ORD001801,2025-06-26 21:37:42,ST003,CUST00509,Online,Card,Refunded,13.1,0.0,1.26,3.49,17.85
ORD001802,2025-11-18 23:54:50,ST006,CUST00045,In-store,Mobile Wallet,Completed,34.4,0.0,1.28,0.0,35.68
ORD001803,2025-04-29 08:30:55,ST007,CUST00528,Click & Collect,Mobile Wallet,Completed,15.7,0.0,0.0,0.0,15.7
ORD001804,2025-11-29 15:45:26,ST003,CUST00250,Online,Cash,Completed,50.5,0.0,3.14,0.0,53.64
ORD001805,2025-03-07 04:14:30,ST006,,Online,Card,Completed,10.6,0.0,0.3,3.49,14.39
ORD001806,2025-05-31 16:53:55,ST005,CUST00668,Online,Card,Completed,30.9,0.0,2.34,3.49,36.73
ORD001807,2025-04-29 02:08:10,ST006,CUST00402,Click & Collect,Card,Completed,42.6,0.0,0.36,0.0,42.96
ORD001808,2025-04-04 10:20:45,ST006,,In-store,Mobile Wallet,Completed,18.7,1.54,0.0,0.0,17.16
ORD001809,2025-02-21 03:36:18,ST007,CUST00123,Online,Card,Completed,2.0,0.0,0.0,3.49,5.49
ORD001810,2025-03-27 16:12:11,ST001,CUST00539,Online,Cash,Completed,20.1,0.0,3.22,3.49,26.81
ORD001811,2025-12-16 16:53:28,ST003,CUST00781,In-store,Card,Completed,20.8,0.0,1.68,0.0,22.48
ORD001812,2025-10-16 06:47:40,ST006,CUST00073,Online,Mobile Wallet,Completed,23.2,0.0,2.36,3.49,29.05
ORD001813,2025-06-07 16:04:06,ST003,,In-store,Card,Completed,20.8,0.48,0.0,0.0,20.32
ORD001814,2025-03-30 22:58:44,ST006,,In-store,Card,Completed,35.8,0.0,3.06,0.0,38.86
ORD001815,2025-04-10 12:26:21,ST003,CUST00546,In-store,Card,Completed,2.9,0.0,0.0,0.0,2.9
ORD001816,2025-07-14 13:11:25,ST004,CUST00069,In-store,Card,Completed,1.85,0.0,0.37,0.0,2.22
ORD001817,2025-04-28 20:16:41,ST007,,In-store,Cash,Completed,6.9,0.0,0.6,0.0,7.5
ORD001818,2025-07-05 18:21:59,ST008,,In-store,Cash,Completed,11.05,0.0,0.76,0.0,11.81
ORD001819,2025-09-05 13:13:41,ST004,,In-store,Mobile Wallet,Completed,33.5,0.3,3.66,0.0,36.86
ORD001820,2025-08-09 00:46:44,ST001,,In-store,Card,Completed,35.15,0.0,1.64,0.0,36.79
ORD001821,2025-02-14 05:27:37,ST005,CUST00443,In-store,Card,Completed,80.15,0.0,2.61,0.0,82.76
ORD001822,2025-03-03 13:30:54,ST001,CUST00368,In-store,Cash,Completed,23.0,0.0,0.64,0.0,23.64
ORD001823,2025-01-20 17:15:02,ST004,CUST00196,Click & Collect,Card,Completed,27.9,0.17,1.68,0.0,29.41
ORD001824,2025-04-13 06:01:01,ST002,CUST00552,In-store,Card,Completed,45.65,0.91,2.52,0.0,47.26
ORD001825,2025-05-31 10:01:07,ST005,CUST00770,In-store,Card,Completed,11.0,0.0,0.0,0.0,11.0
ORD001826,2025-05-17 04:46:33,ST001,,Click & Collect,Card,Completed,21.85,0.0,0.0,0.0,21.85
ORD001827,2025-12-23 14:05:44,ST001,,In-store,Card,Completed,48.3,0.0,1.7,0.0,50.0
ORD001828,2025-07-27 03:10:23,ST008,,In-store,Card,Completed,54.85,1.44,4.32,0.0,57.73
ORD001829,2025-04-28 13:45:49,ST002,CUST00539,In-store,Cash,Completed,20.6,0.0,2.08,0.0,22.68
ORD001830,2025-05-09 08:51:29,ST004,CUST00419,In-store,Cash,Completed,12.2,0.0,1.02,0.0,13.22
ORD001831,2025-04-28 04:10:28,ST006,,Online,Card,Completed,21.3,0.0,1.32,3.49,26.11
ORD001832,2025-07-27 15:13:32,ST008,CUST00324,In-store,Mobile Wallet,Cancelled,18.3,0.0,3.26,0.0,0.0
ORD001833,2025-07-01 12:38:09,ST007,CUST00183,In-store,Mobile Wallet,Completed,23.7,0.0,2.72,0.0,26.42
ORD001834,2025-12-01 01:38:00,ST001,CUST00697,In-store,Card,Completed,34.1,0.0,0.72,0.0,34.82
ORD001835,2025-05-08 09:23:49,ST008,CUST00002,In-store,Card,Completed,1.1,0.0,0.0,0.0,1.1
ORD001836,2025-08-25 16:21:05,ST004,CUST00796,In-store,Mobile Wallet,Completed,13.6,0.48,0.48,0.0,13.6
ORD001837,2025-04-01 06:55:50,ST006,CUST00002,In-store,Cash,Completed,6.4,0.77,0.0,0.0,5.63
ORD001838,2025-03-20 07:09:22,ST004,,Click & Collect,Card,Completed,16.55,0.0,0.34,0.0,16.89
ORD001839,2025-12-16 21:28:04,ST002,CUST00741,In-store,Cash,Completed,29.5,0.6,2.74,0.0,31.64
ORD001840,2025-03-29 20:26:43,ST004,CUST00646,In-store,Card,Completed,38.9,0.0,4.54,0.0,43.44
ORD001841,2025-06-08 07:51:27,ST002,CUST00333,Click & Collect,Card,Completed,40.0,0.0,2.72,0.0,42.72
ORD001842,2025-05-19 07:20:43,ST008,,In-store,Mobile Wallet,Completed,10.0,0.0,0.6,0.0,10.6
ORD001843,2025-02-08 01:03:43,ST001,CUST00641,Online,Mobile Wallet,Cancelled,2.1,0.32,0.0,3.49,0.0
ORD001844,2025-09-09 02:19:18,ST004,,In-store,Card,Completed,13.1,0.9,0.72,0.0,12.92
ORD001845,2025-12-09 12:31:48,ST003,CUST00261,In-store,Card,Completed,27.15,0.0,3.16,0.0,30.31
ORD001846,2025-03-13 06:03:53,ST003,,In-store,Card,Completed,21.6,0.0,0.0,0.0,21.6
ORD001847,2025-06-23 08:40:07,ST005,CUST00094,In-store,Card,Cancelled,1.1,0.0,0.0,0.0,0.0
ORD001848,2025-10-14 14:33:23,ST007,CUST00734,Click & Collect,Card,Completed,17.6,0.0,2.28,0.0,19.88
ORD001849,2025-11-13 08:30:55,ST001,CUST00783,In-store,Card,Completed,4.8,0.0,0.96,0.0,5.76
ORD001850,2025-04-22 08:34:37,ST003,CUST00613,In-store,Card,Completed,13.0,0.0,2.6,0.0,15.6
ORD001851,2025-03-20 00:23:27,ST005,,In-store,Card,Completed,7.7,0.0,0.74,0.0,8.44
ORD001852,2025-01-18 05:00:12,ST005,CUST00078,In-store,Card,Completed,21.0,0.0,1.32,0.0,22.32
ORD001853,2025-12-04 21:32:57,ST008,CUST00630,In-store,Card,Cancelled,23.8,0.89,2.04,0.0,0.0
ORD001854,2025-11-09 19:41:42,ST003,CUST00712,Online,Cash,Completed,35.1,0.0,1.48,3.49,40.07
ORD001855,2025-03-23 02:31:42,ST003,CUST00659,In-store,Card,Completed,2.1,0.0,0.42,0.0,2.52
ORD001856,2025-06-28 11:13:27,ST005,,In-store,Card,Completed,31.9,1.44,0.82,0.0,31.28
ORD001857,2025-10-23 04:35:58,ST006,CUST00578,In-store,Card,Completed,33.7,0.0,2.32,0.0,36.02
ORD001858,2025-02-17 16:52:38,ST001,CUST00457,In-store,Card,Completed,9.6,0.0,1.92,0.0,11.52
ORD001859,2025-03-25 09:22:36,ST002,,In-store,Card,Completed,27.3,0.0,2.4,0.0,29.7
ORD001860,2025-11-01 09:59:46,ST008,CUST00150,In-store,Gift Card,Completed,26.2,0.0,3.56,0.0,29.76
ORD001861,2025-05-12 16:55:24,ST002,CUST00449,In-store,Cash,Completed,31.15,0.0,1.28,0.0,32.43
ORD001862,2025-10-15 08:41:26,ST005,,In-store,Card,Completed,40.2,0.0,1.47,0.0,41.67
ORD001863,2025-01-18 05:15:18,ST003,CUST00020,In-store,Card,Completed,21.2,0.22,3.04,0.0,24.02
ORD001864,2025-04-05 06:06:50,ST002,CUST00754,Online,Card,Completed,61.75,0.0,0.42,0.0,62.17
ORD001865,2025-04-28 02:20:41,ST003,CUST00533,In-store,Card,Completed,7.9,0.0,0.0,0.0,7.9
ORD001866,2025-04-24 22:51:41,ST005,CUST00446,In-store,Card,Refunded,18.2,0.0,2.08,0.0,20.28
ORD001867,2025-06-18 14:56:19,ST002,,Online,Card,Completed,20.4,0.0,1.28,3.49,25.17
ORD001868,2025-07-20 10:40:14,ST004,CUST00084,Online,Card,Completed,20.3,0.23,0.34,3.49,23.9
ORD001869,2025-10-27 11:05:34,ST002,,Online,Card,Completed,9.0,0.0,0.0,3.49,12.49
ORD001870,2025-05-12 16:07:55,ST001,CUST00176,Online,Card,Refunded,9.6,0.0,0.0,3.49,13.09
ORD001871,2025-02-20 09:05:05,ST003,CUST00752,In-store,Card,Completed,6.7,0.0,0.0,0.0,6.7
ORD001872,2025-11-17 21:27:00,ST006,,In-store,Card,Completed,18.4,0.0,0.0,0.0,18.4
ORD001873,2025-09-27 20:34:55,ST008,CUST00523,In-store,Card,Completed,33.05,0.0,1.86,0.0,34.91
ORD001874,2025-11-02 21:59:43,ST005,CUST00587,In-store,Mobile Wallet,Completed,4.8,0.0,0.0,0.0,4.8
ORD001875,2025-09-07 01:00:32,ST005,CUST00348,In-store,Card,Completed,24.1,0.6,0.48,0.0,23.98
ORD001876,2025-02-12 21:43:27,ST008,CUST00099,In-store,Card,Completed,83.8,0.49,0.0,0.0,83.3
ORD001877,2025-05-08 12:37:05,ST005,CUST00719,In-store,Card,Completed,12.65,0.0,0.37,0.0,13.02
ORD001878,2025-04-08 22:02:59,ST003,,Click & Collect,Mobile Wallet,Completed,15.8,0.0,0.3,0.0,16.1
ORD001879,2025-10-11 10:48:28,ST004,CUST00733,In-store,Card,Completed,17.45,0.0,0.4,0.0,17.85
ORD001880,2025-09-29 15:57:01,ST007,,Online,Card,Completed,25.8,0.0,1.92,3.49,31.21
ORD001881,2025-12-09 06:30:34,ST006,CUST00741,In-store,Card,Completed,32.4,0.0,0.0,0.0,32.4
ORD001882,2025-12-06 08:20:24,ST007,CUST00469,In-store,Cash,Completed,5.7,0.0,0.0,0.0,5.7
ORD001883,2025-01-31 05:25:10,ST005,CUST00520,In-store,Card,Completed,31.3,0.0,2.26,0.0,33.56
ORD001884,2025-06-23 18:02:09,ST002,,In-store,Card,Completed,48.55,0.0,5.86,0.0,54.41
ORD001885,2025-08-11 04:24:21,ST004,,In-store,Gift Card,Completed,26.5,0.72,0.36,0.0,26.14
ORD001886,2025-07-16 09:23:15,ST006,CUST00386,In-store,Card,Completed,27.45,1.15,1.77,0.0,28.07
ORD001887,2025-06-09 00:13:41,ST008,CUST00222,Click & Collect,Mobile Wallet,Completed,29.15,1.8,0.9,0.0,28.25
ORD001888,2025-03-27 09:09:12,ST007,CUST00480,In-store,Card,Completed,7.5,0.0,0.0,0.0,7.5
ORD001889,2025-01-17 23:47:21,ST007,CUST00519,In-store,Cash,Completed,41.3,1.8,1.92,0.0,41.42
ORD001890,2025-06-30 10:52:05,ST005,,In-store,Card,Completed,24.2,0.0,2.38,0.0,26.58
ORD001891,2025-10-17 10:48:59,ST007,CUST00186,Click & Collect,Card,Completed,32.3,0.0,1.18,0.0,33.48
ORD001892,2025-02-01 14:54:27,ST007,CUST00030,In-store,Mobile Wallet,Completed,10.8,0.0,1.34,0.0,12.14
ORD001893,2025-01-05 19:58:31,ST002,CUST00101,In-store,Cash,Completed,31.0,1.15,0.0,0.0,29.85
ORD001894,2025-05-16 02:54:01,ST006,CUST00665,Click & Collect,Cash,Completed,15.0,0.0,2.68,0.0,17.68
ORD001895,2025-09-03 13:50:54,ST007,CUST00453,Online,Card,Completed,3.6,0.0,0.0,3.49,7.09
ORD001896,2025-04-14 14:22:46,ST008,,In-store,Cash,Completed,4.7,0.0,0.64,0.0,5.34
ORD001897,2025-10-02 05:12:15,ST001,,In-store,Card,Completed,25.15,0.0,2.56,0.0,27.71
ORD001898,2025-10-29 00:42:36,ST008,CUST00339,In-store,Card,Completed,29.95,0.0,1.48,0.0,31.43
ORD001899,2025-03-18 16:35:23,ST008,CUST00090,In-store,Cash,Completed,18.6,0.0,3.2,0.0,21.8
ORD001900,2025-12-14 20:07:41,ST006,CUST00470,Click & Collect,Card,Completed,1.9,0.0,0.38,0.0,2.28
ORD001901,2025-09-09 06:29:22,ST003,,Click & Collect,Gift Card,Completed,52.95,0.3,2.54,0.0,55.19
ORD001902,2025-03-10 12:02:28,ST007,CUST00247,In-store,Card,Completed,18.95,0.0,1.0,0.0,19.95
ORD001903,2025-08-24 12:07:29,ST001,CUST00256,In-store,Card,Completed,35.4,1.67,1.34,0.0,35.07
ORD001904,2025-04-01 18:33:28,ST005,CUST00161,In-store,Card,Completed,11.05,0.0,1.38,0.0,12.43
ORD001905,2025-06-24 04:49:53,ST007,CUST00244,In-store,Cash,Completed,36.6,1.44,3.34,0.0,38.5
ORD001906,2025-06-07 09:47:38,ST002,CUST00283,Click & Collect,Card,Completed,29.8,0.0,3.38,0.0,33.18
ORD001907,2025-11-03 18:53:50,ST004,CUST00052,In-store,Card,Completed,22.3,0.0,0.82,0.0,23.12
ORD001908,2025-09-09 07:53:40,ST004,,In-store,Mobile Wallet,Completed,16.1,0.0,1.3,0.0,17.4
ORD001909,2025-07-10 18:03:52,ST006,CUST00335,In-store,Card,Completed,21.25,0.72,0.4,0.0,20.93
ORD001910,2025-06-30 10:53:15,ST004,CUST00486,Click & Collect,Cash,Completed,38.25,0.0,3.52,0.0,41.77
ORD001911,2025-04-27 03:58:46,ST004,CUST00481,In-store,Cash,Completed,9.35,0.0,0.9,0.0,10.25
ORD001912,2025-08-22 02:28:44,ST008,,In-store,Mobile Wallet,Completed,14.6,0.0,0.0,0.0,14.6
ORD001913,2025-03-14 09:07:10,ST008,CUST00673,In-store,Card,Completed,16.45,0.0,0.6,0.0,17.05
ORD001914,2025-05-26 09:03:40,ST006,CUST00250,Online,Mobile Wallet,Completed,16.15,0.0,0.0,3.49,19.64
ORD001915,2025-01-17 04:14:18,ST002,CUST00522,Click & Collect,Card,Completed,17.75,0.18,0.36,0.0,17.93
ORD001916,2025-12-15 18:27:49,ST003,CUST00753,In-store,Card,Completed,34.55,0.0,0.0,0.0,34.55
ORD001917,2025-03-08 21:29:45,ST003,,In-store,Card,Completed,40.8,0.0,1.8,0.0,42.6
ORD001918,2025-12-09 08:54:42,ST007,CUST00643,In-store,Mobile Wallet,Completed,20.85,0.0,0.0,0.0,20.85
ORD001919,2025-04-04 18:03:21,ST003,CUST00539,In-store,Card,Completed,31.65,0.0,5.33,0.0,36.98
ORD001920,2025-01-28 16:28:15,ST006,CUST00242,Online,Cash,Completed,6.8,0.2,0.0,3.49,10.09
ORD001921,2025-12-02 03:25:00,ST002,CUST00722,In-store,Card,Completed,17.05,0.0,1.74,0.0,18.79
ORD001922,2025-04-27 06:23:47,ST004,CUST00467,Online,Gift Card,Completed,42.55,0.0,3.64,0.0,46.19
ORD001923,2025-08-13 17:03:57,ST002,,In-store,Gift Card,Completed,33.0,0.0,2.74,0.0,35.74
ORD001924,2025-04-03 06:17:09,ST002,CUST00164,In-store,Card,Completed,21.2,0.0,0.0,0.0,21.2
ORD001925,2025-09-13 21:30:43,ST003,CUST00501,Online,Card,Completed,29.95,0.0,0.36,3.49,33.8
ORD001926,2025-05-28 14:23:26,ST008,CUST00247,Click & Collect,Mobile Wallet,Completed,29.6,0.0,5.48,0.0,35.08
ORD001927,2025-06-05 23:03:32,ST002,CUST00358,Online,Cash,Completed,30.65,0.0,1.64,3.49,35.78
ORD001928,2025-01-10 12:23:36,ST008,,Online,Card,Completed,31.15,0.0,4.72,3.49,39.36
ORD001929,2025-04-13 09:31:12,ST003,,In-store,Mobile Wallet,Completed,4.8,0.0,0.0,0.0,4.8
ORD001930,2025-11-08 11:19:09,ST001,CUST00333,In-store,Card,Completed,10.75,0.0,1.04,0.0,11.79
ORD001931,2025-06-22 15:15:51,ST003,CUST00227,Online,Card,Completed,39.05,0.0,1.94,3.49,44.48
ORD001932,2025-07-14 21:18:18,ST005,,In-store,Card,Completed,7.0,0.0,0.68,0.0,7.68
ORD001933,2025-08-13 16:44:07,ST003,,In-store,Mobile Wallet,Completed,30.95,0.0,2.52,0.0,33.47
ORD001934,2025-02-24 08:51:06,ST005,CUST00415,In-store,Mobile Wallet,Completed,7.6,0.0,0.82,0.0,8.42
ORD001935,2025-05-07 09:37:38,ST004,CUST00199,In-store,Card,Completed,18.55,0.0,2.0,0.0,20.55
ORD001936,2025-05-25 03:52:04,ST005,CUST00138,In-store,Cash,Completed,33.8,0.0,1.44,0.0,35.24
ORD001937,2025-03-06 12:54:56,ST006,,In-store,Mobile Wallet,Completed,40.0,0.0,1.92,0.0,41.92
ORD001938,2025-05-13 13:51:38,ST002,CUST00777,In-store,Card,Completed,8.0,0.0,0.0,0.0,8.0
ORD001939,2025-05-09 02:27:40,ST008,CUST00478,In-store,Card,Completed,7.8,0.0,0.0,0.0,7.8
ORD001940,2025-06-01 03:54:38,ST004,CUST00259,Click & Collect,Mobile Wallet,Completed,3.6,0.0,0.0,0.0,3.6
ORD001941,2025-03-03 01:20:02,ST007,CUST00779,In-store,Mobile Wallet,Completed,33.3,0.0,2.28,0.0,35.58
ORD001942,2025-08-29 02:06:38,ST007,,In-store,Card,Completed,14.0,0.0,0.92,0.0,14.92
ORD001943,2025-06-11 03:19:28,ST004,CUST00285,Online,Card,Completed,2.4,0.0,0.0,3.49,5.89
ORD001944,2025-12-14 15:00:14,ST007,CUST00258,In-store,Cash,Completed,16.4,0.0,0.0,0.0,16.4
ORD001945,2025-11-30 10:27:36,ST006,CUST00764,In-store,Card,Completed,22.7,0.0,1.48,0.0,24.18
ORD001946,2025-12-23 08:33:13,ST005,CUST00629,In-store,Card,Completed,13.6,0.0,1.8,0.0,15.4
ORD001947,2025-06-24 04:09:43,ST005,,In-store,Mobile Wallet,Completed,2.0,0.0,0.0,0.0,2.0
ORD001948,2025-08-02 06:19:31,ST007,CUST00193,In-store,Card,Completed,22.3,0.0,1.28,0.0,23.58
ORD001949,2025-09-12 20:59:08,ST007,,In-store,Cash,Completed,57.15,0.0,0.0,0.0,57.15
ORD001950,2025-06-25 01:31:07,ST005,,Click & Collect,Card,Completed,26.1,0.96,3.3,0.0,28.44
ORD001951,2025-07-20 05:22:19,ST006,CUST00246,Online,Card,Completed,31.8,0.62,2.14,3.49,36.81
ORD001952,2025-12-25 15:44:43,ST007,CUST00377,Online,Cash,Completed,16.5,0.0,2.4,3.49,22.39
ORD001953,2025-07-25 01:20:54,ST001,CUST00691,In-store,Card,Completed,9.2,0.0,1.84,0.0,11.04
ORD001954,2025-10-23 08:36:32,ST002,,In-store,Mobile Wallet,Completed,17.7,0.0,1.44,0.0,19.14
ORD001955,2025-11-25 09:04:58,ST001,,In-store,Mobile Wallet,Completed,54.0,0.0,2.72,0.0,56.72
ORD001956,2025-03-29 06:07:23,ST003,,In-store,Card,Completed,13.5,0.0,0.0,0.0,13.5
ORD001957,2025-06-14 08:13:33,ST003,CUST00169,In-store,Gift Card,Completed,20.0,0.0,2.09,0.0,22.09
ORD001958,2025-10-20 13:23:24,ST004,CUST00552,Online,Mobile Wallet,Completed,9.7,0.0,1.1,3.49,14.29
ORD001959,2025-08-31 11:31:18,ST008,CUST00195,In-store,Mobile Wallet,Completed,13.95,0.0,1.88,0.0,15.83
ORD001960,2025-05-25 23:38:15,ST002,,In-store,Card,Completed,14.0,0.0,1.68,0.0,15.68
ORD001961,2025-09-27 21:06:24,ST005,,In-store,Card,Completed,41.8,1.5,4.46,0.0,44.76
ORD001962,2025-11-19 13:15:44,ST004,CUST00149,In-store,Cash,Completed,27.1,0.0,0.0,0.0,27.1
ORD001963,2025-10-09 08:52:27,ST003,CUST00304,In-store,Card,Completed,42.2,0.0,2.7,0.0,44.9
ORD001964,2025-07-14 01:25:01,ST004,CUST00701,In-store,Card,Completed,17.0,0.72,1.3,0.0,17.58
ORD001965,2025-12-30 01:57:26,ST006,CUST00174,Online,Card,Completed,30.85,0.0,0.64,3.49,34.98
ORD001966,2025-04-30 22:35:44,ST002,CUST00124,In-store,Card,Completed,18.55,0.0,0.0,0.0,18.55
ORD001967,2025-03-13 20:29:21,ST003,,In-store,Card,Completed,13.3,0.0,0.44,0.0,13.74
ORD001968,2025-05-01 04:44:31,ST004,CUST00528,In-store,Card,Completed,9.5,0.0,0.0,0.0,9.5
ORD001969,2025-06-12 06:27:35,ST001,,Online,Cash,Completed,8.8,0.69,0.0,3.49,11.6
ORD001970,2025-05-15 04:00:58,ST001,CUST00290,In-store,Card,Completed,23.6,0.0,3.4,0.0,27.0
ORD001971,2025-01-23 20:28:13,ST002,CUST00071,In-store,Card,Completed,24.4,0.6,2.48,0.0,26.28
ORD001972,2025-08-26 19:44:50,ST001,CUST00475,In-store,Card,Completed,12.5,0.0,0.44,0.0,12.94
ORD001973,2025-04-07 23:35:00,ST001,CUST00554,In-store,Card,Completed,12.2,0.0,0.76,0.0,12.96
ORD001974,2025-08-16 01:24:05,ST003,CUST00774,In-store,Cash,Completed,50.6,0.0,7.0,0.0,57.6
ORD001975,2025-06-14 02:04:34,ST006,CUST00625,In-store,Card,Completed,15.8,0.0,1.48,0.0,17.28
ORD001976,2025-07-11 05:23:04,ST001,CUST00789,Online,Card,Completed,1.5,0.0,0.3,3.49,5.29
ORD001977,2025-07-09 06:09:30,ST005,CUST00738,In-store,Card,Completed,13.5,0.62,1.2,0.0,14.08
ORD001978,2025-09-13 16:12:17,ST007,CUST00353,In-store,Card,Completed,12.7,0.9,1.94,0.0,13.74
ORD001979,2025-11-09 16:19:37,ST006,CUST00118,In-store,Mobile Wallet,Completed,30.6,0.0,5.24,0.0,35.84
ORD001980,2025-05-05 21:55:43,ST003,CUST00446,Click & Collect,Card,Completed,15.85,0.0,1.0,0.0,16.85
ORD001981,2025-01-20 22:34:49,ST004,,In-store,Card,Completed,9.6,0.0,0.8,0.0,10.4
ORD001982,2025-12-25 10:00:29,ST006,CUST00361,In-store,Card,Completed,20.1,0.0,0.96,0.0,21.06
ORD001983,2025-01-27 03:51:48,ST002,,Online,Card,Completed,23.4,0.15,0.98,3.49,27.72
ORD001984,2025-06-23 03:58:11,ST003,CUST00317,Click & Collect,Card,Completed,31.0,3.1,0.0,0.0,27.9
ORD001985,2025-04-19 21:25:50,ST006,CUST00251,In-store,Card,Completed,26.15,0.0,2.32,0.0,28.47
ORD001986,2025-07-10 14:46:11,ST003,CUST00527,In-store,Card,Completed,59.25,0.0,5.5,0.0,64.75
ORD001987,2025-01-24 06:03:46,ST007,CUST00701,In-store,Card,Completed,43.2,0.0,1.2,0.0,44.4
ORD001988,2025-04-27 21:56:07,ST003,CUST00691,In-store,Card,Completed,13.7,0.0,0.36,0.0,14.06
ORD001989,2025-01-10 15:31:23,ST007,,Online,Card,Completed,23.3,0.26,0.96,3.49,27.5
ORD001990,2025-04-22 12:48:18,ST007,CUST00038,In-store,Card,Completed,7.0,0.0,0.0,0.0,7.0
ORD001991,2025-01-30 01:38:24,ST008,,In-store,Card,Completed,13.3,0.6,1.46,0.0,14.16
ORD001992,2025-08-21 23:56:44,ST003,,In-store,Cash,Completed,36.1,0.6,0.9,0.0,36.4
ORD001993,2025-01-22 14:30:59,ST005,CUST00134,In-store,Card,Completed,21.2,0.0,2.04,0.0,23.24
ORD001994,2025-12-06 02:35:45,ST006,CUST00167,Online,Cash,Completed,16.3,0.0,2.56,3.49,22.35
ORD001995,2025-05-12 10:54:02,ST008,CUST00031,In-store,Card,Completed,35.0,0.0,0.38,0.0,35.38
ORD001996,2025-10-08 11:23:32,ST008,,In-store,Card,Completed,54.3,0.0,4.94,0.0,59.24
ORD001997,2025-03-25 19:11:05,ST005,CUST00070,Click & Collect,Card,Completed,13.05,0.0,0.0,0.0,13.05
ORD001998,2025-12-30 13:19:39,ST004,CUST00589,In-store,Card,Completed,16.85,0.0,0.9,0.0,17.75
ORD001999,2025-10-28 08:29:37,ST008,CUST00427,In-store,Mobile Wallet,Completed,45.0,0.0,2.18,0.0,47.18
ORD002000,2025-04-26 16:29:50,ST002,CUST00445,In-store,Cash,Completed,4.0,0.0,0.8,0.0,4.8
ORD002001,2025-02-03 13:49:24,ST006,CUST00611,Click & Collect,Gift Card,Completed,36.15,1.35,3.39,0.0,38.19
ORD002002,2025-01-12 08:31:11,ST006,CUST00443,Click & Collect,Card,Completed,33.85,0.0,1.6,0.0,35.45
ORD002003,2025-01-06 22:32:03,ST007,CUST00135,In-store,Card,Completed,22.3,0.0,2.6,0.0,24.9
ORD002004,2025-02-10 12:35:30,ST002,CUST00528,In-store,Card,Completed,9.7,0.0,0.68,0.0,10.38
ORD002005,2025-01-17 16:08:08,ST006,,In-store,Cash,Completed,11.2,0.4,0.0,0.0,10.8
ORD002006,2025-08-21 11:54:53,ST003,CUST00776,Online,Mobile Wallet,Completed,20.9,1.15,1.3,3.49,24.54
ORD002007,2025-03-15 20:32:40,ST004,CUST00611,In-store,Card,Completed,2.85,0.0,0.0,0.0,2.85
ORD002008,2025-10-09 00:06:58,ST005,CUST00125,Online,Card,Completed,31.0,0.0,5.36,3.49,39.85
ORD002009,2025-08-26 11:55:53,ST005,CUST00165,Online,Card,Completed,15.1,0.48,2.06,3.49,20.17
ORD002010,2025-11-23 14:23:21,ST008,,Click & Collect,Card,Completed,20.3,0.0,0.0,0.0,20.3
ORD002011,2025-09-06 19:14:37,ST003,CUST00672,In-store,Card,Completed,56.55,1.2,5.96,0.0,61.31
ORD002012,2025-12-23 22:00:41,ST005,,In-store,Card,Completed,23.15,0.0,2.34,0.0,25.49
ORD002013,2025-12-16 03:08:29,ST007,,In-store,Mobile Wallet,Completed,1.1,0.0,0.0,0.0,1.1
ORD002014,2025-08-21 17:01:50,ST002,,Click & Collect,Card,Completed,37.8,0.62,1.68,0.0,38.86
ORD002015,2025-09-09 06:18:18,ST002,CUST00601,Online,Card,Completed,10.1,0.3,0.76,3.49,14.05
ORD002016,2025-04-19 04:52:35,ST007,CUST00495,In-store,Card,Completed,20.6,0.0,3.17,0.0,23.77
ORD002017,2025-12-31 13:51:11,ST001,CUST00609,In-store,Card,Completed,18.1,0.0,0.0,0.0,18.1
ORD002018,2025-04-22 10:40:37,ST003,CUST00364,In-store,Cash,Completed,43.8,0.0,7.76,0.0,51.56
ORD002019,2025-09-26 14:10:58,ST002,CUST00675,Click & Collect,Card,Completed,33.85,1.8,3.36,0.0,35.41
ORD002020,2025-03-12 02:03:12,ST005,CUST00754,In-store,Card,Completed,95.0,0.0,7.4,0.0,102.4
ORD002021,2025-12-29 04:50:00,ST004,,Online,Mobile Wallet,Completed,29.4,0.0,0.52,3.49,33.41
ORD002022,2025-08-01 14:21:47,ST004,CUST00506,Online,Mobile Wallet,Completed,15.4,1.24,0.0,3.49,17.65
ORD002023,2025-04-15 16:12:12,ST005,,Click & Collect,Card,Completed,15.6,0.0,0.52,0.0,16.12
ORD002024,2025-12-17 01:01:16,ST004,CUST00730,Online,Card,Completed,51.85,0.24,9.39,0.0,61.0
ORD002025,2025-11-06 03:45:22,ST002,CUST00640,In-store,Card,Completed,8.6,0.0,0.0,0.0,8.6
ORD002026,2025-01-26 09:54:00,ST002,,In-store,Card,Completed,4.5,0.0,0.42,0.0,4.92
ORD002027,2025-08-28 13:46:05,ST004,,In-store,Cash,Completed,32.7,0.0,2.08,0.0,34.78
ORD002028,2025-12-28 08:53:46,ST001,,In-store,Mobile Wallet,Completed,70.8,0.0,6.68,0.0,77.48
ORD002029,2025-09-14 05:41:08,ST001,CUST00351,Online,Card,Completed,20.75,0.0,1.44,3.49,25.68
ORD002030,2025-09-18 20:48:53,ST001,CUST00093,In-store,Cash,Completed,25.35,0.0,1.56,0.0,26.91
ORD002031,2025-11-05 10:34:38,ST006,,In-store,Card,Completed,8.65,0.0,0.9,0.0,9.55
ORD002032,2025-12-21 19:31:02,ST007,,Online,Mobile Wallet,Refunded,21.4,0.0,3.64,3.49,28.53
ORD002033,2025-04-03 09:57:02,ST001,,In-store,Mobile Wallet,Completed,12.3,0.0,1.2,0.0,13.5
ORD002034,2025-12-11 07:07:17,ST002,,In-store,Card,Completed,2.8,0.0,0.0,0.0,2.8
ORD002035,2025-04-26 02:39:23,ST002,CUST00675,Click & Collect,Cash,Completed,19.95,0.0,0.0,0.0,19.95
ORD002036,2025-08-27 00:08:49,ST003,CUST00509,In-store,Card,Completed,43.8,1.24,0.6,0.0,43.16
ORD002037,2025-03-13 02:10:14,ST007,CUST00343,In-store,Card,Completed,55.25,0.0,2.73,0.0,57.98
ORD002038,2025-10-04 21:16:52,ST003,CUST00622,Online,Card,Completed,17.6,0.0,3.08,3.49,24.17
ORD002039,2025-03-28 02:38:57,ST006,CUST00734,Online,Card,Completed,8.8,0.0,0.96,3.49,13.25
ORD002040,2025-07-16 17:34:53,ST005,,In-store,Mobile Wallet,Refunded,17.3,0.0,1.86,0.0,19.16
ORD002041,2025-02-01 22:06:50,ST002,,In-store,Card,Completed,32.8,0.0,1.92,0.0,34.72
ORD002042,2025-07-01 08:15:37,ST003,CUST00278,In-store,Card,Completed,5.9,0.0,0.0,0.0,5.9
ORD002043,2025-10-28 03:21:57,ST002,CUST00004,Click & Collect,Gift Card,Completed,4.5,0.0,0.9,0.0,5.4
ORD002044,2025-12-16 09:03:56,ST004,CUST00515,Click & Collect,Card,Completed,37.85,0.0,2.32,0.0,40.17
ORD002045,2025-12-23 10:27:00,ST008,CUST00338,Online,Cash,Completed,49.7,0.38,4.78,0.0,54.1
ORD002046,2025-10-29 06:12:31,ST002,CUST00259,In-store,Card,Completed,17.4,0.0,0.54,0.0,17.94
ORD002047,2025-08-27 05:51:59,ST001,,Online,Card,Completed,0.75,0.0,0.0,3.49,4.24
ORD002048,2025-10-17 20:50:14,ST003,CUST00221,In-store,Cash,Completed,27.1,0.0,1.28,0.0,28.38
ORD002049,2025-02-09 04:04:44,ST008,CUST00627,In-store,Card,Completed,16.2,0.0,0.72,0.0,16.92
ORD002050,2025-08-22 17:40:29,ST001,CUST00456,In-store,Mobile Wallet,Completed,21.7,0.0,0.3,0.0,22.0
ORD002051,2025-06-05 08:43:16,ST005,CUST00523,In-store,Card,Completed,18.8,0.0,1.56,0.0,20.36
ORD002052,2025-02-25 05:26:56,ST007,,Online,Card,Completed,10.8,0.0,0.0,3.49,14.29
ORD002053,2025-10-25 01:12:14,ST003,CUST00758,Click & Collect,Mobile Wallet,Completed,70.4,0.0,9.12,0.0,79.52
ORD002054,2025-04-05 16:08:26,ST001,CUST00143,Online,Mobile Wallet,Completed,44.8,0.77,6.4,0.0,50.43
ORD002055,2025-07-09 02:13:14,ST006,CUST00732,Online,Card,Completed,6.6,0.0,0.0,3.49,10.09
ORD002056,2025-10-24 13:07:44,ST003,CUST00163,In-store,Card,Completed,6.0,0.0,0.0,0.0,6.0
ORD002057,2025-05-26 18:57:25,ST004,CUST00348,In-store,Mobile Wallet,Completed,4.2,0.0,0.84,0.0,5.04
ORD002058,2025-08-30 20:26:38,ST007,CUST00653,In-store,Cash,Completed,18.3,0.0,0.0,0.0,18.3
ORD002059,2025-10-11 04:08:57,ST003,CUST00382,In-store,Card,Completed,31.4,0.0,0.3,0.0,31.7
ORD002060,2025-01-22 01:15:25,ST005,CUST00207,In-store,Mobile Wallet,Completed,22.6,0.0,2.6,0.0,25.2
ORD002061,2025-06-17 02:53:40,ST006,CUST00073,In-store,Cash,Completed,34.4,1.44,2.58,0.0,35.54
ORD002062,2025-12-27 00:54:52,ST006,,Online,Card,Completed,2.6,0.0,0.52,3.49,6.61
ORD002063,2025-02-18 09:31:03,ST005,CUST00408,In-store,Card,Cancelled,12.2,0.0,1.01,0.0,0.0
ORD002064,2025-09-27 13:40:36,ST007,CUST00762,In-store,Card,Refunded,14.9,0.0,0.24,0.0,15.14
ORD002065,2025-12-20 17:29:07,ST007,CUST00504,In-store,Mobile Wallet,Completed,9.45,0.0,0.0,0.0,9.45
ORD002066,2025-07-01 00:14:30,ST005,CUST00298,In-store,Mobile Wallet,Completed,4.9,0.0,0.3,0.0,5.2
ORD002067,2025-09-09 03:10:44,ST005,CUST00634,In-store,Card,Completed,20.6,0.0,0.0,0.0,20.6
ORD002068,2025-02-27 23:37:44,ST008,,In-store,Card,Completed,16.65,0.0,2.15,0.0,18.8
ORD002069,2025-10-13 07:12:12,ST008,CUST00158,In-store,Mobile Wallet,Completed,44.05,0.0,6.13,0.0,50.18
ORD002070,2025-10-16 22:20:54,ST002,CUST00511,In-store,Card,Completed,7.0,0.0,1.4,0.0,8.4
ORD002071,2025-04-19 20:17:45,ST003,CUST00093,In-store,Card,Completed,8.25,0.0,0.0,0.0,8.25
ORD002072,2025-02-05 15:12:56,ST004,CUST00566,In-store,Card,Completed,26.6,0.0,2.5,0.0,29.1
ORD002073,2025-11-13 09:02:04,ST008,CUST00338,In-store,Card,Completed,26.1,0.0,1.08,0.0,27.18
ORD002074,2025-07-27 01:47:17,ST008,CUST00459,In-store,Card,Completed,17.7,0.0,0.0,0.0,17.7
ORD002075,2025-09-27 02:38:16,ST006,,In-store,Card,Completed,17.85,0.0,3.1,0.0,20.95
ORD002076,2025-05-01 16:00:24,ST003,,In-store,Card,Completed,40.9,0.0,3.32,0.0,44.22
ORD002077,2025-08-04 21:47:52,ST006,CUST00346,In-store,Card,Completed,35.35,0.0,0.34,0.0,35.69
ORD002078,2025-11-27 23:24:19,ST008,CUST00377,In-store,Card,Completed,7.7,0.0,0.0,0.0,7.7
ORD002079,2025-06-10 02:58:00,ST006,CUST00623,In-store,Card,Completed,17.0,0.0,1.72,0.0,18.72
ORD002080,2025-12-04 05:43:15,ST006,,In-store,Card,Completed,41.75,0.0,1.11,0.0,42.86
ORD002081,2025-06-29 10:11:48,ST001,,In-store,Card,Completed,27.15,0.0,0.3,0.0,27.45
ORD002082,2025-05-30 05:02:56,ST006,,In-store,Card,Completed,39.9,0.0,2.0,0.0,41.9
ORD002083,2025-02-11 04:03:26,ST001,CUST00687,In-store,Card,Refunded,32.35,0.0,2.6,0.0,34.95
ORD002084,2025-03-11 03:00:56,ST007,CUST00048,Click & Collect,Card,Cancelled,51.65,0.0,5.16,0.0,0.0
ORD002085,2025-07-22 12:51:12,ST004,CUST00362,Click & Collect,Card,Completed,17.0,0.0,2.2,0.0,19.2
ORD002086,2025-11-14 21:09:55,ST003,CUST00499,Online,Cash,Completed,8.6,0.0,0.97,3.49,13.06
ORD002087,2025-11-22 10:57:55,ST008,CUST00697,Click & Collect,Card,Completed,27.8,0.0,2.96,0.0,30.76
ORD002088,2025-05-16 04:40:56,ST006,CUST00757,In-store,Card,Completed,23.9,0.0,3.0,0.0,26.9
ORD002089,2025-08-21 21:26:18,ST007,CUST00187,In-store,Card,Completed,22.1,0.0,1.2,0.0,23.3
ORD002090,2025-09-30 21:15:01,ST007,,In-store,Mobile Wallet,Completed,31.1,0.0,0.9,0.0,32.0
ORD002091,2025-03-29 12:41:18,ST007,CUST00365,In-store,Cash,Completed,46.75,0.0,4.14,0.0,50.89
ORD002092,2025-01-02 19:00:35,ST002,CUST00045,In-store,Card,Completed,29.8,0.22,1.64,0.0,31.22
ORD002093,2025-10-13 19:19:00,ST006,CUST00575,In-store,Card,Completed,28.85,0.0,3.36,0.0,32.21
ORD002094,2025-04-04 12:08:00,ST003,CUST00799,Online,Card,Completed,21.4,0.0,1.32,3.49,26.21
ORD002095,2025-04-23 08:41:19,ST004,CUST00242,In-store,Card,Completed,10.4,0.0,0.0,0.0,10.4
ORD002096,2025-07-24 21:07:10,ST008,,In-store,Card,Completed,4.25,0.0,0.3,0.0,4.55
ORD002097,2025-08-21 15:26:51,ST005,CUST00544,In-store,Gift Card,Completed,12.7,0.62,1.3,0.0,13.38
ORD002098,2025-09-27 10:38:03,ST007,CUST00552,In-store,Card,Completed,2.4,0.0,0.0,0.0,2.4
ORD002099,2025-12-18 14:03:45,ST002,,In-store,Card,Cancelled,12.6,0.0,1.3,0.0,0.0
ORD002100,2025-11-19 11:10:13,ST006,CUST00650,In-store,Card,Completed,5.8,0.0,0.0,0.0,5.8
ORD002101,2025-10-17 01:39:00,ST008,CUST00452,Online,Card,Completed,28.05,0.0,0.0,3.49,31.54
ORD002102,2025-12-18 03:11:06,ST002,CUST00462,In-store,Cash,Completed,31.2,0.0,0.24,0.0,31.44
ORD002103,2025-02-07 19:12:25,ST007,CUST00726,Online,Mobile Wallet,Completed,36.7,0.0,7.34,3.49,47.53
ORD002104,2025-06-05 12:45:06,ST006,CUST00174,Online,Gift Card,Completed,26.2,0.0,1.56,3.49,31.25
ORD002105,2025-10-17 09:43:36,ST005,,Online,Card,Completed,7.4,0.0,0.0,3.49,10.89
ORD002106,2025-04-23 14:16:45,ST007,,In-store,Mobile Wallet,Completed,32.3,0.0,1.64,0.0,33.94
ORD002107,2025-02-20 20:11:28,ST003,,Online,Card,Completed,38.1,0.0,2.34,3.49,43.93
ORD002108,2025-01-29 01:17:28,ST002,,In-store,Mobile Wallet,Completed,10.6,0.0,0.0,0.0,10.6
ORD002109,2025-07-06 04:05:13,ST004,CUST00416,In-store,Card,Completed,25.7,0.0,0.74,0.0,26.44
ORD002110,2025-08-13 14:44:59,ST007,,In-store,Cash,Completed,21.6,2.16,0.0,0.0,19.44
ORD002111,2025-09-17 20:33:28,ST005,CUST00730,In-store,Card,Completed,27.1,1.2,1.72,0.0,27.62
ORD002112,2025-04-26 19:33:17,ST002,CUST00748,Online,Card,Completed,32.7,0.0,0.0,3.49,36.19
ORD002113,2025-11-30 13:06:42,ST001,CUST00039,Online,Card,Completed,39.4,0.0,2.46,3.49,45.35
ORD002114,2025-07-30 23:43:55,ST002,CUST00539,In-store,Mobile Wallet,Completed,31.45,0.0,0.0,0.0,31.45
ORD002115,2025-03-04 23:56:13,ST003,CUST00084,Online,Card,Completed,44.7,0.0,1.26,0.0,45.96
ORD002116,2025-07-19 22:43:56,ST005,CUST00119,In-store,Card,Completed,12.8,0.0,1.28,0.0,14.08
ORD002117,2025-10-15 00:42:41,ST003,CUST00528,In-store,Card,Completed,42.3,0.0,6.74,0.0,49.04
ORD002118,2025-02-14 17:53:16,ST006,,In-store,Card,Completed,5.6,0.0,0.8,0.0,6.4
ORD002119,2025-11-27 17:47:21,ST003,CUST00762,In-store,Card,Completed,17.5,0.0,0.18,0.0,17.68
ORD002120,2025-09-22 00:35:20,ST007,CUST00605,In-store,Card,Completed,12.15,0.0,0.44,0.0,12.59
ORD002121,2025-07-02 14:16:23,ST001,,Click & Collect,Card,Completed,10.1,0.0,0.42,0.0,10.52
ORD002122,2025-02-05 11:15:23,ST001,CUST00195,In-store,Card,Completed,2.2,0.0,0.0,0.0,2.2
ORD002123,2025-09-05 10:35:16,ST005,CUST00090,In-store,Mobile Wallet,Completed,3.45,0.0,0.0,0.0,3.45
ORD002124,2025-12-09 17:35:55,ST005,CUST00666,In-store,Card,Completed,42.15,0.61,1.4,0.0,42.94
ORD002125,2025-04-22 05:05:44,ST004,CUST00126,In-store,Card,Completed,30.05,0.0,3.18,0.0,33.23
ORD002126,2025-11-10 17:55:36,ST005,,Online,Card,Completed,5.4,0.0,0.0,3.49,8.89
ORD002127,2025-03-06 18:35:39,ST001,CUST00506,Online,Mobile Wallet,Completed,4.5,0.0,0.3,3.49,8.29
ORD002128,2025-08-10 03:21:52,ST006,CUST00674,In-store,Card,Completed,33.0,1.2,0.0,0.0,31.8
ORD002129,2025-07-11 03:04:18,ST001,,In-store,Gift Card,Completed,40.6,0.0,7.9,0.0,48.5
ORD002130,2025-07-27 07:01:25,ST008,,Online,Mobile Wallet,Completed,29.3,0.62,3.96,3.49,36.13
ORD002131,2025-04-13 09:17:11,ST002,CUST00277,In-store,Card,Completed,34.9,0.0,1.66,0.0,36.56
ORD002132,2025-07-08 17:22:38,ST007,CUST00321,Online,Card,Completed,29.25,0.6,3.12,3.49,35.26
ORD002133,2025-02-10 20:12:36,ST005,CUST00715,In-store,Card,Completed,23.15,0.45,0.6,0.0,23.3
ORD002134,2025-12-16 06:52:17,ST002,CUST00661,In-store,Card,Completed,35.9,0.0,1.0,0.0,36.9
ORD002135,2025-06-26 15:43:15,ST003,,In-store,Card,Completed,21.6,0.0,3.84,0.0,25.44
ORD002136,2025-12-29 07:53:06,ST005,CUST00330,In-store,Card,Completed,22.4,0.0,0.0,0.0,22.4
ORD002137,2025-02-19 21:38:15,ST007,CUST00377,In-store,Mobile Wallet,Completed,12.5,0.0,1.26,0.0,13.76
ORD002138,2025-05-01 15:33:36,ST005,CUST00109,In-store,Card,Completed,8.2,0.0,0.0,0.0,8.2
ORD002139,2025-09-24 13:23:56,ST008,CUST00368,Online,Card,Completed,24.5,0.0,4.9,3.49,32.89
ORD002140,2025-04-21 09:22:10,ST005,CUST00075,In-store,Gift Card,Completed,19.45,0.68,2.6,0.0,21.37
ORD002141,2025-02-27 12:27:21,ST004,CUST00797,In-store,Card,Completed,39.1,0.45,0.42,0.0,39.07
ORD002142,2025-06-21 19:36:09,ST006,,Click & Collect,Card,Completed,39.55,0.0,1.6,0.0,41.15
ORD002143,2025-11-03 18:55:09,ST007,CUST00556,Online,Card,Completed,24.2,0.0,1.36,3.49,29.05
ORD002144,2025-12-31 07:42:16,ST008,,In-store,Card,Completed,48.0,0.0,8.0,0.0,56.0
ORD002145,2025-05-28 06:20:32,ST007,,In-store,Cash,Completed,16.25,0.0,0.0,0.0,16.25
ORD002146,2025-04-24 08:48:32,ST004,,In-store,Card,Completed,13.4,0.0,1.42,0.0,14.82
ORD002147,2025-06-07 00:45:03,ST008,CUST00776,In-store,Card,Completed,49.1,0.0,4.26,0.0,53.36
ORD002148,2025-07-05 03:52:22,ST004,,In-store,Card,Completed,32.05,0.0,1.96,0.0,34.01
ORD002149,2025-05-09 15:02:37,ST001,CUST00582,In-store,Mobile Wallet,Completed,16.5,0.0,0.0,0.0,16.5
ORD002150,2025-05-12 08:21:35,ST004,CUST00553,In-store,Card,Completed,9.4,0.0,0.0,0.0,9.4
ORD002151,2025-09-06 00:01:46,ST006,CUST00647,In-store,Card,Completed,17.5,0.0,1.04,0.0,18.54
ORD002152,2025-05-05 17:26:10,ST004,,Online,Mobile Wallet,Completed,27.5,0.0,1.86,3.49,32.85
ORD002153,2025-05-15 05:21:53,ST004,,In-store,Mobile Wallet,Completed,13.05,0.0,0.96,0.0,14.01
ORD002154,2025-03-22 23:38:22,ST006,CUST00345,In-store,Card,Refunded,19.4,0.0,0.72,0.0,20.12
ORD002155,2025-07-23 05:54:31,ST006,CUST00323,Online,Cash,Completed,8.25,0.0,0.0,3.49,11.74
ORD002156,2025-02-21 09:17:55,ST003,CUST00188,In-store,Card,Completed,12.05,0.14,1.42,0.0,13.33
ORD002157,2025-11-28 10:47:47,ST005,,In-store,Card,Completed,14.5,0.0,2.9,0.0,17.4
ORD002158,2025-04-01 05:12:36,ST004,CUST00127,Online,Card,Completed,2.4,0.0,0.0,3.49,5.89
ORD002159,2025-02-04 09:57:43,ST005,,Online,Cash,Completed,37.3,0.0,0.0,3.49,40.79
ORD002160,2025-03-26 12:46:48,ST005,CUST00106,In-store,Card,Completed,23.05,0.0,0.88,0.0,23.93
ORD002161,2025-08-27 18:04:46,ST006,CUST00794,In-store,Card,Completed,3.7,0.0,0.0,0.0,3.7
ORD002162,2025-10-13 23:44:38,ST002,,In-store,Mobile Wallet,Completed,11.3,0.0,0.6,0.0,11.9
ORD002163,2025-11-08 09:07:54,ST002,CUST00676,In-store,Card,Completed,22.45,0.0,1.93,0.0,24.38
ORD002164,2025-11-30 00:45:36,ST008,CUST00253,Online,Card,Completed,24.0,0.0,1.04,3.49,28.53
ORD002165,2025-05-30 04:12:06,ST005,CUST00264,In-store,Card,Completed,17.8,0.0,2.44,0.0,20.24
ORD002166,2025-12-29 14:22:17,ST007,CUST00685,In-store,Cash,Completed,23.2,0.0,3.42,0.0,26.62
ORD002167,2025-11-30 07:29:02,ST006,CUST00484,In-store,Cash,Completed,50.6,0.0,4.96,0.0,55.56
ORD002168,2025-04-09 08:53:05,ST006,CUST00517,In-store,Card,Completed,21.15,0.33,3.38,0.0,24.2
ORD002169,2025-09-13 05:55:41,ST006,CUST00776,Online,Card,Completed,38.6,0.9,4.5,3.49,45.69
ORD002170,2025-06-14 04:14:58,ST003,,In-store,Card,Completed,24.6,0.0,2.16,0.0,26.76
ORD002171,2025-03-26 10:19:23,ST005,CUST00269,In-store,Card,Completed,25.0,0.0,0.0,0.0,25.0
ORD002172,2025-12-03 21:48:24,ST007,CUST00640,In-store,Card,Completed,23.5,0.36,1.43,0.0,24.57
ORD002173,2025-07-09 16:24:08,ST007,CUST00412,In-store,Card,Completed,37.3,0.0,2.16,0.0,39.46
ORD002174,2025-07-13 07:49:54,ST007,CUST00697,In-store,Card,Completed,3.15,0.0,0.0,0.0,3.15
ORD002175,2025-02-03 04:20:46,ST002,CUST00097,In-store,Card,Completed,55.2,0.0,1.04,0.0,56.24
ORD002176,2025-09-03 07:34:34,ST004,CUST00068,In-store,Card,Completed,1.8,0.0,0.0,0.0,1.8
ORD002177,2025-04-28 10:30:31,ST003,CUST00742,In-store,Card,Completed,21.4,0.0,3.84,0.0,25.24
ORD002178,2025-10-08 06:42:20,ST007,CUST00258,In-store,Card,Completed,1.5,0.0,0.0,0.0,1.5
ORD002179,2025-12-03 09:29:16,ST001,,In-store,Card,Completed,9.6,0.0,1.92,0.0,11.52
ORD002180,2025-01-27 19:19:25,ST004,CUST00102,In-store,Card,Completed,31.0,0.0,5.16,0.0,36.16
ORD002181,2025-09-20 04:28:21,ST006,,In-store,Cash,Completed,51.75,0.0,4.57,0.0,56.32
ORD002182,2025-09-17 20:12:18,ST005,CUST00283,In-store,Cash,Completed,36.8,0.0,2.22,0.0,39.02
ORD002183,2025-04-04 09:55:24,ST003,,In-store,Card,Completed,13.15,0.0,0.0,0.0,13.15
ORD002184,2025-11-25 08:27:12,ST004,,Online,Cash,Completed,9.6,0.0,1.44,3.49,14.53
ORD002185,2025-03-09 07:37:33,ST001,CUST00472,Click & Collect,Mobile Wallet,Completed,28.9,0.0,0.0,0.0,28.9
ORD002186,2025-07-04 21:17:34,ST007,CUST00574,Click & Collect,Mobile Wallet,Completed,28.45,0.0,0.72,0.0,29.17
ORD002187,2025-03-22 02:30:29,ST008,,In-store,Cash,Completed,24.7,0.0,2.56,0.0,27.26
ORD002188,2025-09-20 13:38:36,ST005,,In-store,Cash,Completed,1.85,0.0,0.37,0.0,2.22
ORD002189,2025-05-18 09:25:22,ST006,,Online,Mobile Wallet,Refunded,50.75,0.0,5.8,0.0,56.55
ORD002190,2025-06-16 05:31:03,ST005,CUST00603,In-store,Card,Completed,47.95,1.44,0.64,0.0,47.15
ORD002191,2025-08-27 01:25:43,ST003,CUST00313,In-store,Cash,Completed,30.8,0.0,5.3,0.0,36.1
ORD002192,2025-08-31 01:58:06,ST005,CUST00135,In-store,Cash,Completed,19.4,0.0,2.7,0.0,22.1
ORD002193,2025-01-31 19:55:22,ST008,,In-store,Card,Completed,22.4,0.0,0.64,0.0,23.04
ORD002194,2025-11-30 16:01:54,ST004,CUST00652,In-store,Card,Completed,22.4,0.0,0.96,0.0,23.36
ORD002195,2025-09-18 01:57:13,ST003,,In-store,Card,Completed,11.2,0.0,1.56,0.0,12.76
ORD002196,2025-06-06 22:21:40,ST002,,In-store,Card,Completed,32.25,0.48,0.0,0.0,31.77
ORD002197,2025-03-28 00:39:33,ST006,,In-store,Mobile Wallet,Completed,5.7,0.0,0.0,0.0,5.7
ORD002198,2025-05-26 01:13:54,ST002,CUST00599,In-store,Gift Card,Completed,27.5,0.0,1.36,0.0,28.86
ORD002199,2025-05-30 08:21:54,ST008,CUST00252,In-store,Card,Completed,25.6,0.0,2.8,0.0,28.4
ORD002200,2025-06-04 10:31:04,ST005,,Online,Card,Completed,27.15,0.0,0.86,3.49,31.5
ORD002201,2025-03-30 00:57:10,ST008,CUST00151,In-store,Card,Completed,3.8,0.0,0.0,0.0,3.8
ORD002202,2025-07-05 02:26:45,ST005,CUST00326,In-store,Card,Completed,3.3,0.0,0.0,0.0,3.3
ORD002203,2025-04-23 06:50:06,ST003,CUST00527,In-store,Card,Completed,34.15,0.0,6.18,0.0,40.33
ORD002204,2025-06-08 07:44:51,ST006,CUST00732,In-store,Cash,Completed,21.6,2.16,0.0,0.0,19.44
ORD002205,2025-08-25 06:33:40,ST008,CUST00695,In-store,Mobile Wallet,Completed,30.55,0.0,1.35,0.0,31.9
ORD002206,2025-06-25 21:16:53,ST001,CUST00053,In-store,Card,Completed,36.95,0.48,4.44,0.0,40.91
ORD002207,2025-04-19 22:44:28,ST001,,In-store,Card,Completed,24.2,0.0,2.84,0.0,27.04
ORD002208,2025-01-21 23:46:27,ST005,,In-store,Mobile Wallet,Completed,9.0,0.0,0.0,0.0,9.0
ORD002209,2025-08-16 08:48:16,ST008,CUST00785,In-store,Card,Completed,70.8,2.88,2.58,0.0,70.5
ORD002210,2025-11-08 10:04:26,ST006,CUST00743,In-store,Card,Refunded,26.45,0.0,3.42,0.0,29.87
ORD002211,2025-05-26 18:24:23,ST005,CUST00057,In-store,Cash,Completed,20.8,0.0,1.52,0.0,22.32
ORD002212,2025-06-14 17:04:15,ST004,,In-store,Card,Completed,31.6,0.0,2.44,0.0,34.04
ORD002213,2025-07-27 15:22:36,ST003,,In-store,Cash,Completed,89.55,0.0,11.2,0.0,100.75
ORD002214,2025-04-26 00:12:19,ST006,CUST00429,In-store,Card,Completed,55.5,0.0,1.72,0.0,57.22
ORD002215,2025-10-08 14:32:02,ST006,,In-store,Mobile Wallet,Completed,15.5,0.0,1.2,0.0,16.7
ORD002216,2025-04-30 11:18:34,ST007,CUST00029,Online,Gift Card,Completed,11.95,0.0,1.5,3.49,16.94
ORD002217,2025-10-17 03:48:13,ST005,CUST00557,In-store,Mobile Wallet,Completed,21.75,0.0,1.28,0.0,23.03
ORD002218,2025-01-16 11:32:55,ST003,CUST00205,In-store,Cash,Completed,32.0,0.0,2.08,0.0,34.08
ORD002219,2025-06-06 04:28:02,ST003,CUST00063,In-store,Card,Completed,46.25,2.4,4.28,0.0,48.13
ORD002220,2025-05-23 22:14:17,ST003,CUST00137,In-store,Mobile Wallet,Completed,20.15,0.0,0.0,0.0,20.15
ORD002221,2025-02-10 01:06:56,ST001,,In-store,Card,Completed,30.6,0.67,0.36,0.0,30.29
ORD002222,2025-08-08 10:20:29,ST002,CUST00211,In-store,Cash,Completed,50.1,2.4,2.3,0.0,50.0
ORD002223,2025-09-07 08:29:03,ST007,CUST00122,In-store,Card,Completed,8.75,0.0,0.0,0.0,8.75
ORD002224,2025-02-15 09:06:49,ST005,CUST00131,In-store,Cash,Completed,20.9,0.0,0.42,0.0,21.32
ORD002225,2025-01-10 09:59:21,ST004,,In-store,Card,Completed,10.2,0.0,0.64,0.0,10.84
ORD002226,2025-09-03 07:28:21,ST008,CUST00132,In-store,Mobile Wallet,Completed,70.6,0.0,5.2,0.0,75.8
ORD002227,2025-04-17 07:36:10,ST001,CUST00701,In-store,Mobile Wallet,Completed,11.2,0.0,1.76,0.0,12.96
ORD002228,2025-05-12 10:14:21,ST004,CUST00222,In-store,Card,Completed,33.6,0.0,0.72,0.0,34.32
ORD002229,2025-08-15 09:11:09,ST001,CUST00427,In-store,Card,Completed,73.0,2.16,2.24,0.0,73.08
ORD002230,2025-01-24 00:58:10,ST006,CUST00415,In-store,Card,Completed,11.25,0.0,0.0,0.0,11.25
ORD002231,2025-09-30 23:36:21,ST005,CUST00062,In-store,Card,Completed,17.7,0.3,1.34,0.0,18.74
ORD002232,2025-10-27 13:24:56,ST008,CUST00153,Online,Card,Refunded,42.45,0.0,0.85,0.0,43.3
ORD002233,2025-12-10 23:47:04,ST007,CUST00136,In-store,Mobile Wallet,Completed,21.6,0.0,0.0,0.0,21.6
ORD002234,2025-01-10 05:29:08,ST002,CUST00676,In-store,Card,Completed,10.8,0.0,0.24,0.0,11.04
ORD002235,2025-03-08 23:09:17,ST007,CUST00201,Click & Collect,Card,Completed,76.4,0.0,9.18,0.0,85.58
ORD002236,2025-05-16 18:02:30,ST007,CUST00032,Online,Card,Completed,28.9,0.0,0.36,3.49,32.75
ORD002237,2025-07-01 11:25:55,ST005,CUST00178,In-store,Mobile Wallet,Completed,41.4,3.6,0.0,0.0,37.8
ORD002238,2025-10-18 17:26:02,ST008,,Online,Cash,Completed,10.0,0.0,0.0,3.49,13.49
ORD002239,2025-04-01 13:14:59,ST008,,Online,Mobile Wallet,Completed,12.55,0.23,0.0,3.49,15.81
ORD002240,2025-07-07 17:55:12,ST005,,Online,Card,Completed,41.2,1.2,3.0,0.0,43.0
ORD002241,2025-03-31 10:10:05,ST002,CUST00260,In-store,Card,Completed,43.5,0.0,0.0,0.0,43.5
ORD002242,2025-04-11 11:48:06,ST006,CUST00006,Click & Collect,Card,Completed,21.8,0.0,0.64,0.0,22.44
ORD002243,2025-01-21 00:43:30,ST001,CUST00783,Click & Collect,Cash,Completed,7.7,0.0,0.44,0.0,8.14
ORD002244,2025-06-19 21:40:44,ST006,,In-store,Card,Completed,13.7,0.0,0.94,0.0,14.64
ORD002245,2025-05-17 10:31:22,ST004,CUST00326,In-store,Card,Completed,50.6,0.0,7.32,0.0,57.92
ORD002246,2025-10-10 07:26:49,ST006,CUST00104,In-store,Mobile Wallet,Completed,22.3,0.0,0.0,0.0,22.3
ORD002247,2025-06-18 10:08:31,ST006,CUST00047,In-store,Card,Completed,10.4,0.0,0.0,0.0,10.4
ORD002248,2025-04-12 11:56:46,ST005,,In-store,Card,Completed,13.2,0.0,0.98,0.0,14.18
ORD002249,2025-07-06 14:25:09,ST003,,Click & Collect,Card,Completed,85.8,0.0,5.2,0.0,91.0
ORD002250,2025-11-10 18:01:28,ST002,CUST00265,In-store,Cash,Completed,62.4,0.0,5.06,0.0,67.46
ORD002251,2025-03-17 23:51:09,ST005,CUST00238,Online,Mobile Wallet,Completed,1.8,0.0,0.0,3.49,5.29
ORD002252,2025-01-04 20:22:35,ST008,,In-store,Card,Completed,43.3,0.0,0.98,0.0,44.28
ORD002253,2025-09-24 14:46:49,ST003,CUST00348,In-store,Card,Completed,42.3,2.1,2.86,0.0,43.06
ORD002254,2025-01-29 15:18:45,ST004,CUST00394,Online,Mobile Wallet,Refunded,45.45,0.0,0.38,0.0,45.83
ORD002255,2025-12-15 05:09:54,ST004,,In-store,Card,Completed,18.75,0.0,1.3,0.0,20.05
ORD002256,2025-02-10 10:28:50,ST004,CUST00648,Online,Cash,Completed,37.8,0.45,4.32,3.49,45.16
ORD002257,2025-03-05 18:05:38,ST004,CUST00137,In-store,Card,Completed,1.2,0.0,0.24,0.0,1.44
ORD002258,2025-04-17 13:59:24,ST008,CUST00129,In-store,Cash,Completed,3.2,0.0,0.64,0.0,3.84
ORD002259,2025-10-28 06:01:46,ST006,CUST00295,Click & Collect,Card,Completed,25.35,0.0,3.96,0.0,29.31
ORD002260,2025-05-08 19:21:27,ST008,CUST00653,In-store,Card,Completed,20.0,0.0,2.88,0.0,22.88
ORD002261,2025-12-13 13:08:13,ST005,,In-store,Card,Completed,7.5,0.0,0.0,0.0,7.5
ORD002262,2025-11-02 00:13:36,ST008,CUST00566,In-store,Cash,Completed,29.75,0.0,3.12,0.0,32.87
ORD002263,2025-11-15 18:23:33,ST003,CUST00125,In-store,Card,Completed,22.1,0.0,2.42,0.0,24.52
ORD002264,2025-09-12 18:23:33,ST004,CUST00523,Online,Card,Completed,26.75,0.0,1.78,3.49,32.02
ORD002265,2025-02-10 04:29:26,ST007,CUST00486,Click & Collect,Card,Completed,5.05,0.14,0.18,0.0,5.09
ORD002266,2025-11-01 02:48:14,ST007,CUST00647,Online,Card,Completed,16.2,0.0,0.0,3.49,19.69
ORD002267,2025-11-01 12:27:12,ST005,CUST00181,In-store,Card,Completed,38.3,0.0,5.2,0.0,43.5
ORD002268,2025-05-05 22:04:22,ST008,CUST00674,Click & Collect,Mobile Wallet,Completed,1.5,0.0,0.0,0.0,1.5
ORD002269,2025-11-16 14:14:29,ST008,CUST00098,In-store,Card,Completed,21.2,0.0,0.78,0.0,21.98
ORD002270,2025-10-29 23:24:35,ST006,CUST00222,In-store,Card,Completed,16.35,0.0,0.37,0.0,16.72
ORD002271,2025-01-22 09:03:56,ST007,,Online,Card,Completed,40.0,0.0,4.5,0.0,44.5
ORD002272,2025-06-22 16:20:46,ST007,,Online,Card,Completed,23.85,0.0,3.6,3.49,30.94
ORD002273,2025-06-04 22:38:46,ST006,CUST00093,Online,Card,Completed,13.7,1.15,0.0,3.49,16.04
ORD002274,2025-07-18 01:11:31,ST002,CUST00577,In-store,Cash,Completed,39.8,0.0,3.78,0.0,43.58
ORD002275,2025-08-31 22:14:50,ST001,CUST00005,Online,Card,Completed,28.15,0.0,0.0,3.49,31.64
ORD002276,2025-10-21 08:52:26,ST008,,In-store,Card,Completed,13.1,0.0,0.38,0.0,13.48
ORD002277,2025-12-08 05:08:42,ST002,CUST00766,Online,Card,Completed,25.15,0.15,0.34,3.49,28.83
ORD002278,2025-11-11 23:38:28,ST008,CUST00498,In-store,Card,Completed,36.7,0.0,1.66,0.0,38.36
ORD002279,2025-06-24 23:48:17,ST002,CUST00759,In-store,Card,Completed,30.9,0.0,2.46,0.0,33.36
ORD002280,2025-06-04 16:24:21,ST005,CUST00577,In-store,Card,Completed,49.0,0.0,0.0,0.0,49.0
ORD002281,2025-04-04 06:36:48,ST002,CUST00708,In-store,Card,Completed,26.35,0.0,2.68,0.0,29.03
ORD002282,2025-12-26 08:52:39,ST003,CUST00379,In-store,Card,Completed,18.0,0.0,1.14,0.0,19.14
ORD002283,2025-07-21 15:08:07,ST001,CUST00201,In-store,Gift Card,Completed,18.8,0.0,1.04,0.0,19.84
ORD002284,2025-09-22 22:01:08,ST006,CUST00713,In-store,Card,Completed,9.0,0.0,1.04,0.0,10.04
ORD002285,2025-07-14 08:52:10,ST006,CUST00598,In-store,Card,Completed,15.6,0.6,0.42,0.0,15.42
ORD002286,2025-09-08 13:26:12,ST007,CUST00653,In-store,Card,Completed,2.2,0.0,0.0,0.0,2.2
ORD002287,2025-10-18 19:55:23,ST006,CUST00034,In-store,Cash,Completed,7.6,0.0,0.64,0.0,8.24
ORD002288,2025-11-13 17:35:23,ST007,CUST00583,In-store,Mobile Wallet,Completed,33.9,0.0,1.34,0.0,35.24
ORD002289,2025-08-03 21:00:36,ST008,CUST00483,In-store,Card,Completed,53.0,2.16,3.6,0.0,54.44
ORD002290,2025-02-03 03:22:17,ST005,CUST00151,Online,Card,Completed,72.4,0.0,3.5,0.0,75.9
ORD002291,2025-09-08 21:20:10,ST008,,Online,Card,Completed,14.0,0.6,1.26,3.49,18.15
ORD002292,2025-07-01 02:01:48,ST004,CUST00698,In-store,Mobile Wallet,Completed,19.45,0.0,3.04,0.0,22.49
ORD002293,2025-06-16 16:57:34,ST005,,Online,Mobile Wallet,Completed,3.05,0.0,0.37,3.49,6.91
ORD002294,2025-02-19 00:31:00,ST007,CUST00274,Online,Card,Completed,1.7,0.0,0.34,3.49,5.53
ORD002295,2025-08-01 18:25:55,ST005,,In-store,Mobile Wallet,Completed,48.8,2.48,1.32,0.0,47.64
ORD002296,2025-06-29 10:56:22,ST005,CUST00582,In-store,Card,Completed,15.7,0.0,1.76,0.0,17.46
ORD002297,2025-10-26 23:18:03,ST008,,In-store,Card,Completed,17.2,0.0,0.0,0.0,17.2
ORD002298,2025-08-01 18:15:21,ST007,,In-store,Card,Completed,14.3,1.24,0.38,0.0,13.44
ORD002299,2025-01-24 19:52:06,ST006,CUST00642,In-store,Cash,Completed,12.1,0.0,0.0,0.0,12.1
ORD002300,2025-12-17 10:57:51,ST003,,In-store,Mobile Wallet,Completed,26.1,0.0,0.6,0.0,26.7
ORD002301,2025-11-27 12:07:49,ST004,,Online,Mobile Wallet,Completed,10.7,0.0,0.8,3.49,14.99
ORD002302,2025-11-12 15:20:33,ST003,,Click & Collect,Card,Completed,7.2,0.0,0.42,0.0,7.62
ORD002303,2025-02-14 22:14:28,ST002,CUST00754,In-store,Card,Completed,11.3,0.3,0.4,0.0,11.4
ORD002304,2025-09-26 02:15:20,ST004,CUST00637,In-store,Card,Completed,15.55,0.3,1.32,0.0,16.57
ORD002305,2025-10-15 07:00:49,ST002,CUST00097,In-store,Mobile Wallet,Completed,16.8,0.0,3.36,0.0,20.16
ORD002306,2025-06-26 21:22:50,ST001,CUST00176,In-store,Card,Completed,27.8,0.0,2.64,0.0,30.44
ORD002307,2025-08-09 10:18:36,ST008,CUST00748,In-store,Mobile Wallet,Refunded,19.8,0.0,2.9,0.0,22.7
ORD002308,2025-06-06 12:25:52,ST001,CUST00375,In-store,Card,Completed,9.7,0.0,0.52,0.0,10.22
ORD002309,2025-04-01 13:26:47,ST001,CUST00722,In-store,Card,Completed,34.7,0.0,2.88,0.0,37.58
ORD002310,2025-08-23 04:28:02,ST008,CUST00437,In-store,Card,Completed,4.0,0.0,0.0,0.0,4.0
ORD002311,2025-06-02 12:07:26,ST001,CUST00161,In-store,Card,Completed,37.85,0.0,2.75,0.0,40.6
ORD002312,2025-12-17 20:05:21,ST005,CUST00448,In-store,Card,Completed,12.4,0.0,0.0,0.0,12.4
ORD002313,2025-01-19 06:36:31,ST005,CUST00186,In-store,Mobile Wallet,Completed,62.4,2.31,4.74,0.0,64.83
ORD002314,2025-07-16 19:05:00,ST005,CUST00442,Online,Mobile Wallet,Completed,7.6,0.0,0.0,3.49,11.09
ORD002315,2025-03-26 05:55:03,ST004,CUST00169,In-store,Card,Completed,16.0,0.0,0.0,0.0,16.0
ORD002316,2025-01-30 01:21:52,ST007,CUST00093,In-store,Card,Completed,22.4,0.0,0.0,0.0,22.4
ORD002317,2025-12-03 17:59:12,ST005,CUST00668,Online,Card,Completed,10.3,0.0,0.0,3.49,13.79
ORD002318,2025-02-26 19:42:36,ST006,CUST00016,In-store,Cash,Completed,15.4,0.0,0.0,0.0,15.4
ORD002319,2025-12-23 07:54:52,ST001,,In-store,Mobile Wallet,Completed,30.75,0.0,3.84,0.0,34.59
ORD002320,2025-06-24 00:40:34,ST008,CUST00122,In-store,Card,Completed,35.5,0.0,2.96,0.0,38.46
ORD002321,2025-03-16 07:02:23,ST006,CUST00704,Online,Card,Completed,27.9,0.0,3.64,3.49,35.03
ORD002322,2025-01-04 11:09:11,ST005,,In-store,Card,Completed,19.3,0.0,1.64,0.0,20.94
ORD002323,2025-02-24 23:28:32,ST007,,In-store,Mobile Wallet,Completed,16.75,0.49,0.96,0.0,17.21
ORD002324,2025-12-02 07:14:03,ST006,CUST00429,In-store,Card,Completed,16.3,0.0,0.0,0.0,16.3
ORD002325,2025-09-27 18:44:11,ST007,,In-store,Card,Completed,19.5,0.0,2.3,0.0,21.8
ORD002326,2025-03-18 01:48:42,ST004,CUST00175,In-store,Gift Card,Completed,30.95,0.0,1.06,0.0,32.01
ORD002327,2025-06-10 06:41:49,ST002,CUST00231,Online,Card,Completed,22.95,0.0,0.36,3.49,26.8
ORD002328,2025-03-21 00:30:25,ST002,CUST00603,In-store,Card,Completed,16.8,0.0,0.94,0.0,17.74
ORD002329,2025-12-17 01:47:19,ST006,,Click & Collect,Card,Completed,20.5,0.0,0.0,0.0,20.5
ORD002330,2025-02-22 23:30:49,ST005,,In-store,Card,Completed,9.1,0.0,1.82,0.0,10.92
ORD002331,2025-05-14 07:26:58,ST008,CUST00381,In-store,Card,Completed,22.8,0.0,0.36,0.0,23.16
ORD002332,2025-02-05 18:28:11,ST006,CUST00329,Click & Collect,Card,Completed,22.9,0.22,2.08,0.0,24.75
ORD002333,2025-03-25 23:04:58,ST001,CUST00428,In-store,Mobile Wallet,Completed,24.9,0.0,3.28,0.0,28.18
ORD002334,2025-08-26 20:37:27,ST004,CUST00190,In-store,Card,Completed,31.1,0.0,1.44,0.0,32.54
ORD002335,2025-10-06 06:02:25,ST003,CUST00536,In-store,Cash,Completed,40.5,0.0,2.72,0.0,43.22
ORD002336,2025-06-19 03:55:27,ST005,,Online,Cash,Completed,16.3,1.2,0.86,3.49,19.45
ORD002337,2025-08-15 02:04:24,ST002,,In-store,Card,Completed,30.9,0.23,1.2,0.0,31.87
ORD002338,2025-04-26 18:54:42,ST004,CUST00499,Online,Cash,Completed,9.0,0.0,0.0,3.49,12.49
ORD002339,2025-07-03 02:26:11,ST002,,In-store,Card,Completed,5.8,0.0,0.3,0.0,6.1
ORD002340,2025-07-08 22:58:23,ST007,CUST00217,In-store,Mobile Wallet,Completed,41.1,0.6,5.36,0.0,45.86
ORD002341,2025-12-30 07:14:08,ST004,CUST00609,Online,Mobile Wallet,Completed,32.8,0.0,0.0,3.49,36.29
ORD002342,2025-11-20 05:12:44,ST004,CUST00357,In-store,Card,Completed,35.1,0.0,2.4,0.0,37.5
ORD002343,2025-06-03 00:29:02,ST008,CUST00155,Online,Card,Completed,20.4,0.0,1.62,3.49,25.51
ORD002344,2025-10-19 11:44:58,ST005,CUST00476,Online,Card,Completed,14.3,0.0,1.7,3.49,19.49
ORD002345,2025-02-27 21:59:47,ST007,,Online,Gift Card,Completed,19.1,0.0,2.34,3.49,24.93
ORD002346,2025-11-09 12:32:48,ST002,CUST00244,Click & Collect,Card,Completed,20.3,0.0,1.08,0.0,21.38
ORD002347,2025-06-13 13:57:07,ST005,CUST00118,In-store,Card,Completed,16.6,0.46,1.2,0.0,17.34
ORD002348,2025-05-18 12:35:46,ST001,CUST00094,In-store,Card,Completed,7.2,0.0,0.0,0.0,7.2
ORD002349,2025-11-09 02:11:37,ST005,CUST00008,In-store,Mobile Wallet,Completed,43.65,0.0,2.6,0.0,46.25
ORD002350,2025-01-25 15:24:35,ST006,,Click & Collect,Card,Completed,34.6,0.44,2.52,0.0,36.68
ORD002351,2025-10-02 19:21:00,ST002,CUST00690,In-store,Cash,Completed,28.45,0.0,0.82,0.0,29.27
ORD002352,2025-12-02 17:28:52,ST004,CUST00114,In-store,Card,Completed,24.8,0.7,3.06,0.0,27.16
ORD002353,2025-01-20 01:06:52,ST005,CUST00441,In-store,Card,Completed,22.75,0.11,0.68,0.0,23.32
ORD002354,2025-07-13 12:03:29,ST003,CUST00434,In-store,Card,Completed,3.7,0.0,0.44,0.0,4.14
ORD002355,2025-08-05 03:46:26,ST003,CUST00647,In-store,Card,Completed,33.2,0.0,0.37,0.0,33.57
ORD002356,2025-08-09 08:09:33,ST006,,In-store,Card,Completed,15.3,0.0,0.24,0.0,15.54
ORD002357,2025-02-24 17:49:12,ST006,CUST00411,In-store,Card,Completed,11.3,0.0,1.82,0.0,13.12
ORD002358,2025-08-17 04:31:08,ST001,CUST00046,In-store,Card,Completed,29.95,0.0,4.2,0.0,34.15
ORD002359,2025-12-27 20:31:04,ST003,CUST00563,Online,Mobile Wallet,Completed,13.4,0.0,0.38,3.49,17.27
ORD002360,2025-12-03 13:08:53,ST007,,In-store,Card,Completed,12.0,0.0,0.0,0.0,12.0
ORD002361,2025-02-06 08:01:33,ST004,CUST00491,In-store,Card,Completed,27.85,1.06,1.24,0.0,28.02
ORD002362,2025-12-19 08:50:59,ST007,CUST00324,Click & Collect,Card,Completed,27.0,0.0,2.16,0.0,29.16
ORD002363,2025-04-14 16:32:01,ST006,CUST00622,In-store,Card,Completed,32.5,0.0,5.46,0.0,37.96
ORD002364,2025-08-12 10:40:45,ST003,CUST00356,In-store,Card,Completed,11.45,0.0,1.7,0.0,13.15
ORD002365,2025-11-29 01:23:03,ST001,CUST00550,In-store,Mobile Wallet,Completed,11.4,0.0,1.32,0.0,12.72
ORD002366,2025-04-29 05:01:55,ST008,,In-store,Card,Completed,65.9,0.0,1.86,0.0,67.76
ORD002367,2025-05-15 12:14:23,ST007,,In-store,Card,Completed,32.1,0.0,3.5,0.0,35.6
ORD002368,2025-07-29 23:14:20,ST004,CUST00719,In-store,Card,Completed,6.6,0.0,0.36,0.0,6.96
ORD002369,2025-02-20 22:18:34,ST003,CUST00770,In-store,Card,Completed,3.5,0.0,0.7,0.0,4.2
ORD002370,2025-09-02 01:14:38,ST001,CUST00098,Online,Card,Completed,37.7,0.0,0.0,3.49,41.19
ORD002371,2025-03-30 19:50:29,ST007,CUST00128,Online,Card,Completed,44.25,0.0,2.84,0.0,47.09
ORD002372,2025-09-20 20:24:41,ST005,,In-store,Card,Completed,29.4,1.5,1.8,0.0,29.7
ORD002373,2025-10-16 07:37:52,ST008,CUST00156,In-store,Card,Completed,34.0,0.0,0.0,0.0,34.0
ORD002374,2025-01-15 10:45:49,ST002,,In-store,Card,Completed,28.3,0.85,2.8,0.0,30.25
ORD002375,2025-03-26 04:09:18,ST006,,In-store,Card,Completed,12.0,0.0,0.0,0.0,12.0
ORD002376,2025-02-16 08:18:22,ST008,,In-store,Card,Completed,1.8,0.0,0.0,0.0,1.8
ORD002377,2025-08-05 01:46:13,ST001,CUST00032,In-store,Mobile Wallet,Completed,5.55,0.0,0.0,0.0,5.55
ORD002378,2025-05-02 22:05:33,ST006,CUST00244,Click & Collect,Card,Completed,31.3,0.0,1.44,0.0,32.74
ORD002379,2025-07-01 23:45:47,ST002,,Click & Collect,Card,Completed,14.2,0.69,0.36,0.0,13.87
ORD002380,2025-06-29 21:13:32,ST004,CUST00678,Online,Card,Completed,30.3,0.48,0.0,3.49,33.31
ORD002381,2025-11-18 00:47:19,ST006,,In-store,Card,Completed,49.15,0.0,5.16,0.0,54.31
ORD002382,2025-11-26 04:33:20,ST008,CUST00501,Online,Card,Completed,4.0,0.0,0.36,3.49,7.85
ORD002383,2025-10-31 01:23:34,ST002,CUST00358,In-store,Card,Completed,15.35,0.0,1.56,0.0,16.91
ORD002384,2025-09-29 17:05:20,ST005,CUST00422,Online,Card,Completed,10.5,0.0,0.0,3.49,13.99
ORD002385,2025-03-03 05:31:16,ST006,,In-store,Mobile Wallet,Completed,22.75,0.0,1.56,0.0,24.31
ORD002386,2025-06-22 18:05:00,ST007,,In-store,Card,Completed,15.0,0.0,1.04,0.0,16.04
ORD002387,2025-10-31 09:32:26,ST004,CUST00592,In-store,Cash,Completed,27.55,0.0,4.16,0.0,31.71
ORD002388,2025-06-26 11:13:07,ST001,CUST00253,In-store,Card,Completed,20.2,0.0,0.4,0.0,20.6
ORD002389,2025-10-11 16:27:32,ST005,CUST00119,In-store,Cash,Completed,15.85,0.0,0.64,0.0,16.49
ORD002390,2025-02-15 20:05:38,ST004,,In-store,Mobile Wallet,Completed,50.5,0.0,2.98,0.0,53.48
ORD002391,2025-03-12 04:56:47,ST003,CUST00368,In-store,Cash,Completed,7.2,0.0,0.0,0.0,7.2
ORD002392,2025-07-23 15:49:30,ST006,,In-store,Card,Completed,13.95,0.0,1.82,0.0,15.77
ORD002393,2025-03-22 00:56:18,ST007,CUST00643,In-store,Card,Completed,27.0,0.0,1.56,0.0,28.56
ORD002394,2025-09-15 14:21:54,ST002,CUST00337,In-store,Card,Completed,21.5,0.3,0.18,0.0,21.38
ORD002395,2025-03-15 05:30:42,ST006,CUST00082,Click & Collect,Mobile Wallet,Completed,5.7,0.0,1.14,0.0,6.84
ORD002396,2025-08-16 06:54:09,ST008,CUST00799,In-store,Card,Completed,29.1,0.0,0.0,0.0,29.1
ORD002397,2025-02-25 21:56:38,ST002,CUST00719,In-store,Card,Completed,1.2,0.0,0.0,0.0,1.2
ORD002398,2025-10-10 13:19:51,ST001,CUST00205,Online,Card,Completed,19.4,0.0,2.48,3.49,25.37
ORD002399,2025-01-16 12:30:19,ST001,CUST00237,In-store,Cash,Completed,50.0,0.17,4.36,0.0,54.19
ORD002400,2025-05-26 04:48:51,ST004,CUST00580,Online,Gift Card,Completed,15.8,0.0,1.2,3.49,20.49
ORD002401,2025-07-22 03:53:26,ST003,,Online,Card,Completed,66.9,0.0,4.8,0.0,71.7
ORD002402,2025-03-09 03:14:47,ST003,CUST00759,Online,Cash,Completed,73.45,0.0,2.6,0.0,76.05
ORD002403,2025-11-23 14:18:00,ST005,CUST00123,In-store,Card,Completed,8.4,0.0,1.04,0.0,9.44
ORD002404,2025-05-21 10:32:05,ST002,CUST00780,In-store,Card,Refunded,19.15,0.0,0.4,0.0,19.55
ORD002405,2025-01-27 22:00:37,ST003,CUST00414,Online,Card,Completed,36.7,0.6,2.24,3.49,41.83
ORD002406,2025-09-20 07:33:50,ST005,CUST00053,In-store,Card,Completed,25.8,0.0,0.76,0.0,26.56
ORD002407,2025-11-12 19:36:27,ST008,CUST00633,In-store,Card,Completed,40.55,0.0,5.84,0.0,46.39
ORD002408,2025-04-15 15:14:05,ST001,CUST00487,In-store,Cash,Completed,4.8,0.0,0.96,0.0,5.76
ORD002409,2025-08-14 02:38:16,ST002,CUST00785,In-store,Card,Completed,6.95,0.0,0.8,0.0,7.75
ORD002410,2025-05-16 05:22:02,ST003,,In-store,Card,Completed,14.5,0.0,1.82,0.0,16.32
ORD002411,2025-12-05 12:57:38,ST003,,Online,Card,Completed,18.0,0.0,0.0,3.49,21.49
ORD002412,2025-01-16 23:50:25,ST008,,In-store,Card,Completed,23.8,0.0,0.0,0.0,23.8
ORD002413,2025-08-18 02:15:40,ST002,,Online,Card,Completed,44.4,0.0,1.92,0.0,46.32
ORD002414,2025-12-04 15:14:10,ST001,,In-store,Card,Completed,15.6,0.0,0.0,0.0,15.6
ORD002415,2025-03-28 05:32:26,ST001,CUST00735,In-store,Mobile Wallet,Completed,53.85,0.0,3.5,0.0,57.35
ORD002416,2025-06-18 20:16:08,ST007,CUST00414,Online,Mobile Wallet,Completed,27.0,0.0,1.66,3.49,32.15
ORD002417,2025-01-25 18:59:13,ST007,,In-store,Card,Completed,14.9,0.32,0.0,0.0,14.58
ORD002418,2025-05-23 04:12:46,ST007,CUST00375,In-store,Card,Completed,12.8,0.0,0.72,0.0,13.52
ORD002419,2025-08-10 19:10:14,ST001,CUST00733,In-store,Cash,Completed,2.2,0.0,0.44,0.0,2.64
ORD002420,2025-09-26 17:37:39,ST003,CUST00539,In-store,Cash,Completed,22.45,0.6,1.68,0.0,23.53
ORD002421,2025-11-03 14:00:37,ST004,,In-store,Mobile Wallet,Completed,11.3,0.0,1.12,0.0,12.42
ORD002422,2025-04-28 19:02:04,ST006,CUST00516,Click & Collect,Card,Completed,23.25,0.0,2.87,0.0,26.12
ORD002423,2025-05-06 06:46:56,ST004,,Click & Collect,Card,Completed,17.2,0.0,1.98,0.0,19.18
ORD002424,2025-06-19 22:56:11,ST001,CUST00187,In-store,Card,Completed,22.1,0.0,0.0,0.0,22.1
ORD002425,2025-08-23 05:42:23,ST002,CUST00131,In-store,Cash,Completed,9.9,0.0,0.54,0.0,10.44
ORD002426,2025-08-17 16:35:44,ST005,CUST00585,In-store,Card,Completed,56.5,3.0,3.9,0.0,57.4
ORD002427,2025-12-05 16:50:26,ST007,CUST00464,Click & Collect,Card,Completed,22.55,0.0,0.36,0.0,22.91
ORD002428,2025-02-17 23:43:42,ST002,CUST00701,In-store,Mobile Wallet,Completed,9.9,0.0,1.6,0.0,11.5
ORD002429,2025-11-16 03:41:56,ST007,CUST00696,In-store,Card,Completed,24.5,0.0,1.8,0.0,26.3
ORD002430,2025-09-12 10:39:17,ST008,CUST00597,In-store,Card,Completed,2.1,0.0,0.0,0.0,2.1
ORD002431,2025-05-16 06:37:58,ST005,CUST00677,In-store,Card,Completed,34.0,0.0,0.0,0.0,34.0
ORD002432,2025-04-03 01:12:05,ST003,CUST00518,Click & Collect,Mobile Wallet,Completed,13.35,0.62,0.76,0.0,13.49
ORD002433,2025-09-02 21:27:43,ST002,,In-store,Gift Card,Completed,20.75,0.9,1.21,0.0,21.06
ORD002434,2025-06-06 11:37:12,ST006,CUST00579,In-store,Card,Completed,36.0,0.72,2.78,0.0,38.06
ORD002435,2025-12-21 07:31:34,ST003,CUST00779,In-store,Mobile Wallet,Completed,23.4,0.0,1.04,0.0,24.44
ORD002436,2025-09-08 20:15:04,ST004,,In-store,Card,Completed,15.4,0.0,0.0,0.0,15.4
ORD002437,2025-10-06 04:02:14,ST007,,In-store,Card,Completed,25.15,0.0,0.3,0.0,25.45
ORD002438,2025-04-13 10:53:36,ST001,,In-store,Card,Completed,16.8,0.0,0.0,0.0,16.8
ORD002439,2025-06-29 08:28:50,ST008,CUST00108,In-store,Card,Completed,33.4,0.0,0.82,0.0,34.22
ORD002440,2025-02-04 21:03:38,ST006,CUST00190,In-store,Card,Completed,47.1,0.17,2.78,0.0,49.72
ORD002441,2025-07-12 00:24:41,ST008,CUST00209,In-store,Mobile Wallet,Completed,24.1,0.0,1.02,0.0,25.12
ORD002442,2025-03-11 21:35:50,ST007,CUST00451,In-store,Mobile Wallet,Completed,23.4,0.0,0.0,0.0,23.4
ORD002443,2025-02-09 08:53:40,ST002,CUST00346,In-store,Cash,Completed,18.4,0.0,2.36,0.0,20.76
ORD002444,2025-09-09 11:32:21,ST002,CUST00144,In-store,Card,Completed,45.7,0.0,1.3,0.0,47.0
ORD002445,2025-02-03 02:24:31,ST008,CUST00286,Online,Card,Completed,17.95,0.0,0.6,3.49,22.04
ORD002446,2025-02-28 00:59:22,ST001,CUST00400,In-store,Cash,Completed,30.1,0.0,0.4,0.0,30.5
ORD002447,2025-04-10 09:13:21,ST003,CUST00221,In-store,Mobile Wallet,Completed,19.2,0.0,0.0,0.0,19.2
ORD002448,2025-07-29 18:28:49,ST002,CUST00345,In-store,Mobile Wallet,Completed,3.5,0.0,0.0,0.0,3.5
ORD002449,2025-03-24 06:36:51,ST004,,In-store,Card,Completed,29.4,0.0,0.96,0.0,30.36
ORD002450,2025-01-16 08:28:09,ST005,CUST00498,In-store,Card,Completed,9.6,0.96,0.0,0.0,8.64
ORD002451,2025-07-24 10:07:53,ST001,CUST00213,In-store,Card,Completed,29.8,0.0,5.64,0.0,35.44
ORD002452,2025-05-28 06:33:38,ST005,CUST00214,Online,Mobile Wallet,Completed,14.85,0.0,2.4,3.49,20.74
ORD002453,2025-02-05 00:53:07,ST004,,In-store,Card,Completed,14.45,0.0,0.0,0.0,14.45
ORD002454,2025-05-05 14:08:39,ST004,CUST00290,In-store,Card,Completed,49.5,0.0,1.28,0.0,50.78
ORD002455,2025-04-08 20:19:32,ST008,CUST00153,In-store,Cash,Completed,15.4,0.0,2.76,0.0,18.16
ORD002456,2025-06-28 18:48:33,ST002,CUST00768,In-store,Card,Completed,34.8,3.0,0.0,0.0,31.8
ORD002457,2025-10-30 01:34:50,ST007,CUST00435,In-store,Cash,Completed,1.2,0.0,0.0,0.0,1.2
ORD002458,2025-10-31 18:12:08,ST004,CUST00115,In-store,Card,Completed,44.3,0.0,2.58,0.0,46.88
ORD002459,2025-05-29 02:52:18,ST001,,In-store,Card,Completed,27.5,0.0,2.52,0.0,30.02
ORD002460,2025-09-11 09:55:23,ST002,CUST00425,In-store,Card,Completed,32.3,0.0,1.68,0.0,33.98
ORD002461,2025-08-31 08:23:37,ST007,CUST00186,In-store,Card,Completed,23.1,0.0,0.68,0.0,23.78
ORD002462,2025-11-18 19:49:21,ST001,CUST00487,Online,Card,Completed,26.7,0.0,1.96,3.49,32.15
ORD002463,2025-01-30 11:31:07,ST003,,In-store,Card,Completed,12.55,0.0,0.0,0.0,12.55
ORD002464,2025-12-08 14:08:57,ST005,,In-store,Card,Completed,2.6,0.0,0.52,0.0,3.12
ORD002465,2025-12-23 01:17:57,ST008,CUST00065,In-store,Mobile Wallet,Completed,9.6,0.0,0.96,0.0,10.56
ORD002466,2025-06-03 07:25:02,ST001,,In-store,Card,Completed,36.5,0.0,1.32,0.0,37.82
ORD002467,2025-01-03 07:32:08,ST002,CUST00437,In-store,Mobile Wallet,Completed,4.6,0.0,0.0,0.0,4.6
ORD002468,2025-08-23 19:23:02,ST001,,In-store,Card,Completed,16.0,0.0,0.0,0.0,16.0
ORD002469,2025-02-24 05:58:33,ST004,CUST00244,In-store,Card,Completed,34.0,0.0,1.56,0.0,35.56
ORD002470,2025-11-19 03:49:57,ST004,CUST00797,In-store,Card,Completed,9.85,0.0,0.0,0.0,9.85
ORD002471,2025-10-31 15:00:27,ST005,CUST00333,In-store,Cash,Completed,20.8,0.0,0.6,0.0,21.4
ORD002472,2025-05-15 13:16:09,ST003,CUST00240,In-store,Card,Completed,12.2,0.0,0.8,0.0,13.0
ORD002473,2025-07-24 02:29:38,ST002,CUST00153,In-store,Cash,Completed,2.0,0.0,0.0,0.0,2.0
ORD002474,2025-01-04 12:16:30,ST003,,In-store,Cash,Completed,29.75,0.08,1.98,0.0,31.66
ORD002475,2025-01-16 17:35:04,ST006,CUST00031,In-store,Card,Completed,22.85,0.21,4.16,0.0,26.8
ORD002476,2025-10-29 10:01:26,ST001,CUST00312,In-store,Card,Completed,37.1,0.0,1.2,0.0,38.3
ORD002477,2025-04-08 02:19:01,ST004,CUST00531,In-store,Card,Completed,10.5,0.0,0.0,0.0,10.5
ORD002478,2025-11-22 15:18:30,ST001,CUST00697,In-store,Mobile Wallet,Completed,47.3,0.0,6.48,0.0,53.78
ORD002479,2025-01-19 17:47:11,ST004,CUST00100,In-store,Card,Completed,15.6,0.0,1.68,0.0,17.28
ORD002480,2025-03-31 16:23:00,ST002,CUST00015,In-store,Card,Completed,19.05,0.0,1.31,0.0,20.36
ORD002481,2025-10-25 16:16:12,ST005,CUST00349,In-store,Card,Completed,3.6,0.0,0.72,0.0,4.32
ORD002482,2025-05-11 23:10:14,ST008,CUST00625,Online,Mobile Wallet,Completed,9.9,0.0,0.38,3.49,13.77
ORD002483,2025-07-08 10:14:44,ST001,CUST00341,Online,Card,Completed,21.1,0.6,0.34,3.49,24.33
ORD002484,2025-10-13 07:01:23,ST008,CUST00286,In-store,Card,Completed,48.8,0.0,6.96,0.0,55.76
ORD002485,2025-01-26 08:42:34,ST001,CUST00159,Online,Card,Completed,61.4,0.0,2.62,0.0,64.02
ORD002486,2025-06-08 09:41:34,ST002,CUST00756,In-store,Card,Refunded,7.6,0.0,0.0,0.0,7.6
ORD002487,2025-08-12 15:17:30,ST001,CUST00484,In-store,Card,Completed,34.7,0.48,2.32,0.0,36.54
ORD002488,2025-08-18 16:18:26,ST007,,In-store,Card,Completed,24.0,0.0,0.0,0.0,24.0
ORD002489,2025-02-05 00:14:43,ST004,CUST00749,Online,Card,Completed,7.05,0.0,0.37,3.49,10.91
ORD002490,2025-04-30 17:58:57,ST005,CUST00252,In-store,Card,Completed,30.3,0.0,1.78,0.0,32.08
ORD002491,2025-11-02 05:08:40,ST002,CUST00711,In-store,Mobile Wallet,Cancelled,16.0,0.0,1.4,0.0,0.0
ORD002492,2025-05-13 15:18:37,ST001,CUST00230,Online,Mobile Wallet,Completed,9.9,0.0,0.0,3.49,13.39
ORD002493,2025-01-20 01:00:36,ST004,,In-store,Mobile Wallet,Completed,13.4,0.44,1.36,0.0,14.32
ORD002494,2025-05-17 16:49:09,ST008,CUST00730,Online,Cash,Completed,61.7,0.0,5.04,0.0,66.74
ORD002495,2025-01-13 20:00:49,ST007,,Online,Card,Completed,3.6,0.0,0.72,3.49,7.81
ORD002496,2025-06-06 00:52:03,ST006,CUST00626,In-store,Card,Completed,17.95,0.0,1.56,0.0,19.51
ORD002497,2025-08-03 10:57:32,ST001,CUST00559,In-store,Mobile Wallet,Completed,2.9,0.0,0.0,0.0,2.9
ORD002498,2025-09-08 06:44:43,ST008,,In-store,Card,Completed,19.0,0.0,2.48,0.0,21.48
ORD002499,2025-05-09 19:21:20,ST004,CUST00727,In-store,Card,Completed,14.7,0.0,1.24,0.0,15.94
ORD002500,2025-11-24 22:45:24,ST004,CUST00504,Online,Cash,Completed,29.6,0.0,2.1,3.49,35.19
ORD002501,2025-01-01 05:01:58,ST008,CUST00251,In-store,Card,Completed,39.1,0.0,4.22,0.0,43.32
ORD002502,2025-12-11 13:04:17,ST007,CUST00689,In-store,Card,Completed,15.4,0.0,0.0,0.0,15.4
ORD002503,2025-11-17 16:07:59,ST005,CUST00770,In-store,Card,Completed,28.7,0.0,2.4,0.0,31.1
ORD002504,2025-09-20 12:48:13,ST007,CUST00795,In-store,Card,Completed,9.0,0.0,1.8,0.0,10.8
ORD002505,2025-11-10 16:26:40,ST005,CUST00323,In-store,Card,Completed,4.3,0.0,0.0,0.0,4.3
ORD002506,2025-09-22 22:31:52,ST002,,In-store,Card,Completed,33.4,0.0,3.84,0.0,37.24
ORD002507,2025-05-27 06:23:11,ST002,,In-store,Cash,Completed,29.5,0.0,1.12,0.0,30.62
ORD002508,2025-05-18 11:09:09,ST002,CUST00412,In-store,Card,Completed,55.85,0.0,5.48,0.0,61.33
ORD002509,2025-10-22 22:25:23,ST007,,In-store,Card,Completed,97.7,0.0,5.04,0.0,102.74
ORD002510,2025-04-28 00:18:19,ST004,CUST00713,Online,Cash,Completed,20.7,0.0,2.8,3.49,26.99
ORD002511,2025-08-01 07:16:00,ST001,CUST00022,Online,Cash,Completed,28.5,0.0,0.0,3.49,31.99
ORD002512,2025-06-04 14:01:27,ST001,CUST00779,Online,Card,Completed,14.8,0.0,0.42,3.49,18.71
ORD002513,2025-06-07 06:30:24,ST002,CUST00742,In-store,Card,Refunded,23.6,0.0,0.52,0.0,24.12
ORD002514,2025-07-11 20:24:59,ST004,CUST00215,Click & Collect,Card,Completed,2.2,0.0,0.0,0.0,2.2
ORD002515,2025-07-10 16:27:48,ST006,CUST00515,In-store,Mobile Wallet,Completed,11.3,0.69,0.64,0.0,11.25
ORD002516,2025-05-05 19:37:19,ST006,CUST00600,Click & Collect,Card,Completed,45.7,0.0,0.18,0.0,45.88
ORD002517,2025-05-15 22:18:23,ST002,CUST00097,In-store,Card,Completed,39.5,0.0,6.48,0.0,45.98
ORD002518,2025-06-21 12:34:38,ST003,CUST00067,In-store,Card,Completed,25.7,0.0,3.2,0.0,28.9
ORD002519,2025-05-21 09:00:02,ST004,CUST00745,Online,Card,Completed,46.7,0.0,1.3,0.0,48.0
ORD002520,2025-04-11 13:51:11,ST004,CUST00490,In-store,Card,Completed,3.4,0.0,0.0,0.0,3.4
ORD002521,2025-05-02 15:55:40,ST001,CUST00235,In-store,Card,Completed,17.4,0.0,0.96,0.0,18.36
ORD002522,2025-05-18 18:21:29,ST004,CUST00473,In-store,Cash,Completed,2.2,0.0,0.0,0.0,2.2
ORD002523,2025-03-16 09:06:31,ST003,CUST00488,In-store,Card,Completed,21.3,0.0,0.3,0.0,21.6
ORD002524,2025-08-27 07:11:08,ST007,CUST00230,In-store,Card,Completed,29.5,0.0,3.48,0.0,32.98
ORD002525,2025-07-09 08:53:40,ST007,CUST00656,Click & Collect,Mobile Wallet,Completed,20.7,1.18,1.08,0.0,20.6
ORD002526,2025-09-17 05:50:19,ST003,CUST00703,Click & Collect,Card,Completed,32.7,0.0,0.0,0.0,32.7
ORD002527,2025-11-23 18:34:04,ST003,CUST00711,In-store,Card,Completed,20.25,0.0,0.96,0.0,21.21
ORD002528,2025-01-19 19:25:54,ST004,,Online,Card,Completed,41.2,1.1,0.0,0.0,40.1
ORD002529,2025-02-05 21:51:22,ST002,CUST00146,In-store,Card,Completed,18.8,0.0,2.98,0.0,21.78
ORD002530,2025-01-27 06:53:18,ST008,CUST00588,In-store,Mobile Wallet,Completed,35.2,0.0,6.1,0.0,41.3
ORD002531,2025-10-10 15:45:51,ST003,CUST00710,In-store,Card,Completed,16.05,0.0,0.37,0.0,16.42
ORD002532,2025-09-26 05:57:05,ST003,CUST00660,In-store,Card,Completed,36.0,0.6,0.54,0.0,35.94
ORD002533,2025-09-09 22:00:58,ST004,CUST00154,In-store,Gift Card,Completed,17.15,0.0,1.92,0.0,19.07
ORD002534,2025-02-12 03:59:25,ST007,CUST00690,In-store,Card,Completed,24.9,0.0,2.46,0.0,27.36
ORD002535,2025-08-28 10:46:34,ST004,CUST00286,In-store,Cash,Completed,18.4,0.0,1.26,0.0,19.66
ORD002536,2025-04-29 23:50:07,ST004,,Click & Collect,Card,Completed,8.65,0.0,1.02,0.0,9.67
ORD002537,2025-01-29 04:42:07,ST005,CUST00601,In-store,Card,Completed,12.65,0.64,0.6,0.0,12.62
ORD002538,2025-10-08 04:32:30,ST008,CUST00084,In-store,Card,Completed,17.45,0.0,1.11,0.0,18.56
ORD002539,2025-02-13 00:36:32,ST001,CUST00001,In-store,Card,Completed,28.0,1.2,0.9,0.0,27.7
ORD002540,2025-04-28 06:58:14,ST005,CUST00537,In-store,Card,Cancelled,20.05,0.0,2.45,0.0,0.0
ORD002541,2025-09-16 21:51:07,ST001,CUST00462,In-store,Card,Completed,43.2,0.0,4.68,0.0,47.88
ORD002542,2025-06-12 23:28:50,ST002,CUST00505,In-store,Mobile Wallet,Refunded,61.55,1.8,4.36,0.0,64.11
ORD002543,2025-03-15 01:44:57,ST003,CUST00434,In-store,Card,Completed,13.0,0.0,1.3,0.0,14.3
ORD002544,2025-05-04 09:07:52,ST002,,In-store,Card,Refunded,21.6,0.0,0.96,0.0,22.56
ORD002545,2025-05-26 11:24:31,ST007,CUST00501,In-store,Card,Completed,14.9,0.0,1.28,0.0,16.18
ORD002546,2025-11-13 10:58:39,ST007,CUST00025,In-store,Card,Completed,26.35,0.0,3.76,0.0,30.11
ORD002547,2025-03-23 11:51:05,ST005,CUST00197,In-store,Card,Completed,16.05,0.0,1.92,0.0,17.97
ORD002548,2025-05-21 04:14:03,ST007,CUST00225,Click & Collect,Card,Completed,44.6,0.0,4.44,0.0,49.04
ORD002549,2025-11-03 04:13:01,ST005,CUST00190,In-store,Mobile Wallet,Completed,25.8,0.0,2.56,0.0,28.36
ORD002550,2025-01-03 01:19:28,ST001,,Click & Collect,Card,Completed,41.7,0.0,2.5,0.0,44.2
ORD002551,2025-07-03 15:58:12,ST003,CUST00438,Online,Cash,Completed,6.0,0.0,0.0,3.49,9.49
ORD002552,2025-05-23 14:33:02,ST003,CUST00616,In-store,Mobile Wallet,Completed,36.35,0.0,3.74,0.0,40.09
ORD002553,2025-10-30 19:13:08,ST002,CUST00346,In-store,Card,Completed,23.9,0.0,4.78,0.0,28.68
ORD002554,2025-05-01 07:43:16,ST005,CUST00172,In-store,Card,Completed,22.7,0.0,2.16,0.0,24.86
ORD002555,2025-02-09 03:06:42,ST004,,In-store,Cash,Completed,5.6,0.0,1.12,0.0,6.72
ORD002556,2025-06-08 19:11:44,ST003,CUST00117,In-store,Card,Refunded,11.4,0.0,1.64,0.0,13.04
ORD002557,2025-08-28 00:53:43,ST005,CUST00566,In-store,Mobile Wallet,Completed,8.2,0.6,0.0,0.0,7.6
ORD002558,2025-01-06 10:31:21,ST004,CUST00413,In-store,Cash,Completed,22.0,0.38,2.12,0.0,23.74
ORD002559,2025-03-13 22:17:21,ST003,CUST00620,In-store,Mobile Wallet,Completed,28.45,0.0,0.72,0.0,29.17
ORD002560,2025-01-06 18:51:45,ST005,CUST00276,In-store,Mobile Wallet,Completed,9.8,0.0,1.44,0.0,11.24
ORD002561,2025-02-11 09:48:13,ST006,CUST00117,In-store,Mobile Wallet,Completed,14.95,0.0,0.0,0.0,14.95
ORD002562,2025-07-02 19:18:36,ST008,,In-store,Card,Completed,2.0,0.0,0.0,0.0,2.0
ORD002563,2025-12-12 15:58:45,ST002,CUST00642,In-store,Card,Completed,43.6,0.24,0.93,0.0,44.29
ORD002564,2025-09-07 16:57:19,ST003,CUST00247,In-store,Card,Completed,8.1,0.0,0.0,0.0,8.1
ORD002565,2025-04-24 13:21:09,ST007,CUST00252,In-store,Cash,Completed,5.7,0.0,0.0,0.0,5.7
ORD002566,2025-06-20 06:05:19,ST002,CUST00721,In-store,Cash,Completed,17.1,0.0,0.6,0.0,17.7
ORD002567,2025-04-26 17:38:15,ST003,CUST00716,In-store,Card,Completed,41.4,0.0,4.84,0.0,46.24
ORD002568,2025-05-04 19:00:15,ST001,CUST00626,In-store,Mobile Wallet,Completed,10.6,0.0,1.64,0.0,12.24
ORD002569,2025-10-12 11:37:44,ST004,CUST00370,In-store,Gift Card,Completed,21.1,0.0,2.74,0.0,23.84
ORD002570,2025-08-22 12:59:00,ST005,CUST00487,In-store,Card,Completed,67.55,0.0,6.88,0.0,74.43
ORD002571,2025-11-02 15:28:20,ST008,,Online,Cash,Completed,9.75,0.0,0.96,3.49,14.2
ORD002572,2025-08-02 14:34:59,ST002,CUST00516,Click & Collect,Card,Completed,4.9,0.0,0.0,0.0,4.9
ORD002573,2025-01-13 07:40:17,ST005,CUST00548,In-store,Card,Completed,23.2,0.08,2.17,0.0,25.3
ORD002574,2025-03-22 00:35:11,ST005,CUST00775,In-store,Mobile Wallet,Completed,19.55,0.0,2.04,0.0,21.59
ORD002575,2025-12-04 22:34:02,ST006,CUST00175,In-store,Card,Completed,18.2,0.24,0.55,0.0,18.51
ORD002576,2025-10-01 13:31:00,ST008,CUST00221,In-store,Card,Completed,14.75,0.0,0.0,0.0,14.75
ORD002577,2025-08-27 03:39:41,ST004,CUST00106,Click & Collect,Cash,Completed,16.9,0.69,0.0,0.0,16.21
ORD002578,2025-01-12 16:58:30,ST006,CUST00579,In-store,Card,Completed,25.0,0.0,1.2,0.0,26.2
ORD002579,2025-11-15 13:58:21,ST008,CUST00649,In-store,Card,Completed,24.25,0.0,1.02,0.0,25.27
ORD002580,2025-03-14 13:40:12,ST005,,Online,Card,Completed,25.0,0.0,0.24,3.49,28.73
ORD002581,2025-11-15 23:04:44,ST008,CUST00619,Online,Card,Completed,80.9,0.0,2.72,0.0,83.62
ORD002582,2025-11-14 09:28:59,ST001,CUST00107,In-store,Card,Completed,12.25,0.0,1.5,0.0,13.75
ORD002583,2025-10-08 05:43:51,ST006,CUST00337,Online,Card,Completed,2.6,0.0,0.52,3.49,6.61
ORD002584,2025-08-27 19:53:22,ST007,,In-store,Gift Card,Completed,19.85,0.23,1.56,0.0,21.18
ORD002585,2025-10-03 23:29:21,ST004,,In-store,Cash,Completed,22.8,0.0,1.64,0.0,24.44
ORD002586,2025-10-09 20:42:08,ST004,,Online,Gift Card,Completed,37.8,0.0,4.72,3.49,46.01
ORD002587,2025-07-25 10:34:11,ST005,CUST00444,In-store,Card,Completed,1.5,0.0,0.3,0.0,1.8
ORD002588,2025-10-03 14:02:56,ST004,,In-store,Card,Completed,63.2,0.0,7.96,0.0,71.16
ORD002589,2025-04-04 05:20:20,ST003,CUST00460,In-store,Mobile Wallet,Completed,11.8,0.0,1.32,0.0,13.12
ORD002590,2025-01-19 22:47:46,ST003,CUST00719,Online,Mobile Wallet,Completed,33.0,0.3,1.32,3.49,37.51
ORD002591,2025-05-07 02:09:41,ST008,CUST00189,In-store,Card,Completed,30.35,0.0,0.18,0.0,30.53
ORD002592,2025-05-06 11:23:35,ST007,CUST00532,Click & Collect,Card,Completed,12.4,0.0,1.46,0.0,13.86
ORD002593,2025-02-01 13:33:03,ST008,CUST00237,In-store,Card,Completed,21.2,0.9,0.0,0.0,20.3
ORD002594,2025-09-01 13:43:06,ST006,CUST00758,In-store,Card,Completed,40.2,0.0,1.76,0.0,41.96
ORD002595,2025-01-28 23:05:22,ST003,,Online,Gift Card,Completed,21.45,0.1,3.12,3.49,27.97
ORD002596,2025-06-13 01:37:38,ST008,,Online,Card,Completed,9.5,0.0,0.0,3.49,12.99
ORD002597,2025-01-21 06:40:45,ST006,CUST00286,In-store,Card,Completed,20.6,0.55,2.58,0.0,22.63
ORD002598,2025-09-20 00:46:32,ST001,CUST00632,In-store,Card,Completed,9.6,0.0,0.96,0.0,10.56
ORD002599,2025-03-01 09:03:01,ST008,CUST00576,In-store,Card,Completed,6.8,0.0,0.0,0.0,6.8
ORD002600,2025-10-25 19:57:44,ST008,CUST00088,In-store,Mobile Wallet,Completed,38.1,0.0,3.4,0.0,41.5
ORD002601,2025-01-10 20:47:34,ST007,CUST00249,In-store,Card,Completed,26.5,0.0,0.74,0.0,27.24
ORD002602,2025-07-29 12:41:53,ST002,CUST00667,In-store,Card,Completed,30.6,0.0,0.6,0.0,31.2
ORD002603,2025-10-11 08:08:30,ST008,CUST00677,In-store,Card,Completed,25.2,0.0,1.02,0.0,26.22
ORD002604,2025-10-20 05:37:25,ST001,,In-store,Card,Completed,48.6,0.0,0.74,0.0,49.34
ORD002605,2025-10-04 03:37:56,ST008,CUST00193,In-store,Card,Completed,16.2,0.0,0.0,0.0,16.2
ORD002606,2025-03-12 04:45:31,ST002,CUST00518,Online,Card,Completed,11.7,0.0,0.9,3.49,16.09
ORD002607,2025-10-28 04:15:52,ST005,CUST00250,In-store,Mobile Wallet,Completed,5.45,0.0,0.0,0.0,5.45
ORD002608,2025-09-29 01:02:56,ST002,CUST00475,Online,Card,Completed,48.2,0.0,1.12,0.0,49.32
ORD002609,2025-05-22 09:29:00,ST004,CUST00743,In-store,Card,Completed,60.65,0.0,0.0,0.0,60.65
ORD002610,2025-12-25 13:29:38,ST002,CUST00504,In-store,Card,Completed,10.45,0.0,0.76,0.0,11.21
ORD002611,2025-12-24 15:30:33,ST008,CUST00763,In-store,Card,Completed,49.2,0.0,2.86,0.0,52.06
ORD002612,2025-12-24 04:50:16,ST006,,In-store,Card,Completed,21.95,0.0,0.0,0.0,21.95
ORD002613,2025-01-07 15:04:01,ST004,,In-store,Card,Completed,10.25,0.24,0.62,0.0,10.63
ORD002614,2025-03-03 07:07:08,ST002,,In-store,Card,Completed,49.65,0.0,4.62,0.0,54.27
ORD002615,2025-12-20 22:41:49,ST006,CUST00093,Click & Collect,Card,Completed,13.55,0.0,1.42,0.0,14.97
ORD002616,2025-02-21 06:56:03,ST008,,Online,Card,Completed,19.6,0.0,0.6,3.49,23.69
ORD002617,2025-05-14 03:24:21,ST004,,In-store,Card,Completed,1.8,0.0,0.36,0.0,2.16
ORD002618,2025-12-30 20:22:31,ST003,,In-store,Card,Completed,29.55,0.0,1.82,0.0,31.37
ORD002619,2025-11-18 10:10:27,ST008,CUST00659,In-store,Cash,Completed,8.25,0.0,0.3,0.0,8.55
ORD002620,2025-03-21 14:34:06,ST005,CUST00208,In-store,Gift Card,Completed,50.9,0.0,7.78,0.0,58.68
ORD002621,2025-12-15 17:16:39,ST008,,In-store,Card,Completed,18.0,0.0,3.0,0.0,21.0
ORD002622,2025-05-26 21:02:29,ST003,CUST00189,In-store,Gift Card,Completed,27.6,0.0,3.06,0.0,30.66
ORD002623,2025-05-18 02:25:40,ST003,,In-store,Mobile Wallet,Completed,29.6,0.0,2.24,0.0,31.84
ORD002624,2025-10-30 03:15:07,ST001,CUST00424,In-store,Mobile Wallet,Completed,15.9,0.0,0.74,0.0,16.64
ORD002625,2025-09-11 11:23:13,ST004,,In-store,Card,Completed,7.5,0.3,0.36,0.0,7.56
ORD002626,2025-11-09 21:46:43,ST002,CUST00333,Online,Card,Completed,1.9,0.0,0.0,3.49,5.39
ORD002627,2025-12-26 15:51:04,ST007,CUST00353,In-store,Card,Completed,14.05,0.0,1.04,0.0,15.09
ORD002628,2025-01-22 01:00:11,ST006,CUST00614,In-store,Card,Completed,14.2,0.0,2.16,0.0,16.36
ORD002629,2025-03-23 20:29:03,ST001,CUST00514,In-store,Mobile Wallet,Completed,20.8,0.0,4.16,0.0,24.96
ORD002630,2025-08-20 15:28:32,ST003,,Click & Collect,Mobile Wallet,Completed,23.0,0.46,0.38,0.0,22.92
ORD002631,2025-05-05 19:35:31,ST005,CUST00622,In-store,Card,Completed,17.45,0.0,1.28,0.0,18.73
ORD002632,2025-10-18 03:54:11,ST006,CUST00372,In-store,Card,Completed,6.6,0.0,0.0,0.0,6.6
ORD002633,2025-02-07 06:11:53,ST001,CUST00791,In-store,Cash,Completed,25.85,0.28,2.08,0.0,27.65
ORD002634,2025-05-06 04:57:00,ST006,CUST00083,In-store,Cash,Completed,11.45,0.0,1.44,0.0,12.89
ORD002635,2025-06-30 05:51:31,ST001,CUST00385,Click & Collect,Card,Completed,31.75,0.0,4.47,0.0,36.22
ORD002636,2025-05-26 14:32:12,ST005,CUST00613,Online,Card,Completed,22.55,0.0,1.9,3.49,27.94
ORD002637,2025-09-18 03:39:41,ST002,CUST00492,In-store,Mobile Wallet,Completed,7.8,0.0,1.56,0.0,9.36
ORD002638,2025-09-28 19:07:09,ST005,,In-store,Mobile Wallet,Completed,4.1,0.3,0.36,0.0,4.16
ORD002639,2025-01-03 21:33:13,ST002,CUST00114,Click & Collect,Mobile Wallet,Completed,14.2,0.0,1.56,0.0,15.76
ORD002640,2025-12-31 08:17:34,ST004,,In-store,Cash,Completed,39.0,0.0,5.52,0.0,44.52
ORD002641,2025-11-24 02:12:34,ST001,CUST00720,In-store,Card,Completed,1.9,0.0,0.38,0.0,2.28
ORD002642,2025-06-29 07:04:23,ST007,,Online,Card,Completed,20.6,0.46,0.44,3.49,24.07
ORD002643,2025-08-30 10:00:26,ST003,CUST00320,In-store,Card,Completed,12.35,0.0,0.0,0.0,12.35
ORD002644,2025-05-14 01:07:02,ST005,,In-store,Card,Completed,39.6,0.0,0.52,0.0,40.12
ORD002645,2025-08-08 17:24:27,ST006,CUST00381,In-store,Card,Completed,51.8,0.96,2.28,0.0,53.12
ORD002646,2025-11-02 10:05:34,ST001,CUST00312,In-store,Card,Completed,33.35,0.0,2.64,0.0,35.99
ORD002647,2025-10-25 01:26:47,ST006,CUST00752,Online,Card,Completed,49.0,0.0,4.56,0.0,53.56
ORD002648,2025-11-15 11:33:34,ST005,CUST00507,In-store,Card,Completed,13.7,0.0,2.74,0.0,16.44
ORD002649,2025-10-12 01:58:55,ST007,CUST00651,Online,Cash,Completed,22.55,0.0,0.0,3.49,26.04
ORD002650,2025-01-02 09:38:17,ST003,CUST00644,In-store,Card,Completed,14.6,0.19,0.98,0.0,15.39
ORD002651,2025-10-03 11:51:49,ST008,CUST00292,In-store,Card,Completed,10.0,0.0,0.9,0.0,10.9
ORD002652,2025-03-27 01:14:23,ST003,CUST00541,In-store,Card,Completed,25.4,0.0,3.56,0.0,28.96
ORD002653,2025-07-21 02:38:30,ST007,CUST00732,In-store,Card,Cancelled,41.5,0.0,7.64,0.0,0.0
ORD002654,2025-08-17 20:54:09,ST007,,In-store,Mobile Wallet,Completed,19.45,0.0,0.36,0.0,19.81
ORD002655,2025-08-11 17:37:14,ST004,,In-store,Card,Cancelled,27.35,0.0,0.0,0.0,0.0
ORD002656,2025-10-26 20:38:32,ST002,CUST00531,In-store,Mobile Wallet,Completed,28.4,0.0,5.2,0.0,33.6
ORD002657,2025-01-23 08:07:20,ST005,CUST00357,Click & Collect,Card,Completed,24.1,0.0,0.7,0.0,24.8
ORD002658,2025-10-26 06:03:04,ST005,,In-store,Card,Completed,43.6,0.0,1.12,0.0,44.72
ORD002659,2025-08-20 10:34:20,ST007,CUST00768,In-store,Cash,Completed,39.95,2.48,0.6,0.0,38.07
ORD002660,2025-10-13 08:44:36,ST002,CUST00208,In-store,Cash,Completed,18.4,0.0,0.0,0.0,18.4
ORD002661,2025-01-19 18:45:53,ST005,CUST00507,Click & Collect,Card,Completed,42.7,0.0,5.68,0.0,48.38
ORD002662,2025-07-24 17:42:19,ST002,CUST00663,Click & Collect,Mobile Wallet,Completed,23.6,0.0,2.38,0.0,25.98
ORD002663,2025-09-02 15:55:58,ST007,CUST00779,In-store,Card,Completed,43.35,0.6,4.06,0.0,46.81
ORD002664,2025-01-09 14:23:33,ST006,CUST00690,In-store,Cash,Completed,13.25,0.0,0.37,0.0,13.62
ORD002665,2025-05-23 13:01:21,ST008,CUST00624,In-store,Mobile Wallet,Completed,26.1,0.0,3.58,0.0,29.68
ORD002666,2025-12-21 23:20:04,ST002,CUST00018,Click & Collect,Mobile Wallet,Completed,23.6,0.0,1.38,0.0,24.98
ORD002667,2025-09-15 02:31:54,ST001,,In-store,Cash,Completed,25.6,0.0,2.96,0.0,28.56
ORD002668,2025-01-08 11:02:02,ST002,CUST00506,In-store,Card,Completed,37.85,0.39,4.4,0.0,41.86
ORD002669,2025-05-13 09:21:39,ST002,CUST00273,Online,Mobile Wallet,Completed,13.1,0.0,2.38,3.49,18.97
ORD002670,2025-08-02 22:59:00,ST002,,In-store,Card,Completed,32.2,0.0,1.3,0.0,33.5
ORD002671,2025-04-03 22:24:09,ST004,CUST00323,In-store,Card,Completed,12.3,0.0,1.2,0.0,13.5
ORD002672,2025-11-25 21:22:23,ST001,CUST00536,In-store,Card,Completed,27.85,0.0,0.0,0.0,27.85
ORD002673,2025-11-24 13:13:15,ST004,,In-store,Card,Completed,44.7,0.0,3.15,0.0,47.85
ORD002674,2025-03-30 11:16:41,ST001,CUST00321,In-store,Card,Completed,40.2,0.0,0.0,0.0,40.2
ORD002675,2025-10-13 10:12:38,ST002,CUST00253,In-store,Mobile Wallet,Completed,3.2,0.0,0.64,0.0,3.84
ORD002676,2025-07-25 08:35:47,ST001,,In-store,Card,Completed,40.9,0.0,1.96,0.0,42.86
ORD002677,2025-12-06 22:14:42,ST005,CUST00409,In-store,Card,Completed,41.9,0.0,5.22,0.0,47.12
ORD002678,2025-08-23 04:57:37,ST002,,In-store,Mobile Wallet,Completed,12.75,0.0,1.56,0.0,14.31
ORD002679,2025-03-09 21:47:32,ST004,,In-store,Card,Completed,17.35,0.0,0.36,0.0,17.71
ORD002680,2025-02-20 12:55:05,ST007,CUST00741,Online,Card,Completed,15.7,0.67,0.0,3.49,18.52
ORD002681,2025-10-08 01:46:34,ST001,,In-store,Card,Completed,28.4,0.0,1.72,0.0,30.12
ORD002682,2025-06-10 10:24:11,ST002,CUST00530,In-store,Card,Completed,23.65,0.0,0.0,0.0,23.65
ORD002683,2025-08-11 18:10:01,ST008,CUST00712,In-store,Card,Cancelled,38.1,0.0,1.54,0.0,0.0
ORD002684,2025-12-17 06:28:52,ST006,CUST00278,In-store,Card,Completed,27.95,0.0,1.14,0.0,29.09
ORD002685,2025-08-26 20:41:32,ST007,CUST00401,Online,Mobile Wallet,Completed,35.25,1.34,2.57,3.49,39.97
ORD002686,2025-06-03 00:40:43,ST006,,In-store,Card,Completed,31.35,0.0,2.7,0.0,34.05
ORD002687,2025-12-09 16:55:12,ST007,,In-store,Card,Completed,13.7,0.15,1.61,0.0,15.16
ORD002688,2025-07-03 13:32:57,ST007,CUST00529,In-store,Card,Refunded,48.2,1.86,0.96,0.0,47.3
ORD002689,2025-02-25 10:17:52,ST001,CUST00206,In-store,Card,Completed,2.6,0.0,0.52,0.0,3.12
ORD002690,2025-09-27 06:01:52,ST003,CUST00196,Online,Card,Completed,6.6,0.0,0.72,3.49,10.81
ORD002691,2025-08-09 04:01:13,ST005,CUST00437,In-store,Mobile Wallet,Completed,3.6,0.0,0.72,0.0,4.32
ORD002692,2025-04-06 13:59:34,ST002,CUST00466,In-store,Card,Completed,33.8,1.15,2.04,0.0,34.69
ORD002693,2025-10-02 07:51:08,ST003,CUST00128,In-store,Card,Completed,26.95,0.0,1.28,0.0,28.23
ORD002694,2025-11-20 02:00:11,ST002,CUST00683,In-store,Mobile Wallet,Completed,19.3,0.0,0.52,0.0,19.82
ORD002695,2025-05-20 00:07:52,ST006,,In-store,Card,Completed,21.4,0.0,1.36,0.0,22.76
ORD002696,2025-06-16 01:04:18,ST006,CUST00797,In-store,Card,Completed,16.5,0.0,1.92,0.0,18.42
ORD002697,2025-06-27 18:53:29,ST006,CUST00435,In-store,Card,Completed,11.2,0.48,0.38,0.0,11.1
ORD002698,2025-07-15 22:11:15,ST003,,In-store,Card,Completed,3.8,0.0,0.0,0.0,3.8
ORD002699,2025-08-05 22:52:36,ST007,CUST00427,In-store,Card,Completed,36.4,0.0,1.24,0.0,37.64
ORD002700,2025-09-29 04:01:41,ST004,CUST00192,In-store,Card,Completed,27.9,1.5,2.1,0.0,28.5
ORD002701,2025-03-25 03:57:40,ST001,CUST00291,In-store,Card,Completed,46.45,0.0,0.54,0.0,46.99
ORD002702,2025-12-05 01:40:03,ST002,CUST00074,In-store,Card,Completed,23.8,0.12,2.88,0.0,26.56
ORD002703,2025-10-05 07:00:31,ST008,CUST00214,Click & Collect,Mobile Wallet,Completed,17.95,0.0,1.32,0.0,19.27
ORD002704,2025-07-18 13:26:17,ST003,CUST00754,In-store,Card,Completed,28.1,0.62,2.12,0.0,29.6
ORD002705,2025-10-03 18:08:42,ST008,CUST00398,In-store,Mobile Wallet,Completed,24.75,0.0,0.0,0.0,24.75
ORD002706,2025-06-30 09:13:47,ST001,CUST00058,Click & Collect,Cash,Completed,29.95,0.0,1.28,0.0,31.23
ORD002707,2025-12-23 00:08:38,ST006,CUST00356,Online,Card,Completed,22.25,0.0,1.29,3.49,27.03
ORD002708,2025-11-24 05:18:32,ST004,,In-store,Card,Completed,3.7,0.0,0.36,0.0,4.06
ORD002709,2025-06-07 16:38:45,ST002,CUST00702,Online,Cash,Completed,4.8,0.0,0.0,3.49,8.29
ORD002710,2025-10-22 06:04:13,ST007,CUST00732,In-store,Cash,Completed,15.55,0.0,0.0,0.0,15.55
ORD002711,2025-04-07 08:40:36,ST002,CUST00341,Online,Card,Completed,30.35,0.68,0.0,3.49,33.16
ORD002712,2025-01-14 13:37:08,ST006,,Click & Collect,Card,Completed,3.0,0.0,0.0,0.0,3.0
ORD002713,2025-08-29 03:16:43,ST006,CUST00347,Online,Card,Completed,26.15,0.0,0.72,3.49,30.36
ORD002714,2025-07-01 03:52:02,ST001,CUST00200,In-store,Card,Completed,34.1,1.32,0.0,0.0,32.78
ORD002715,2025-06-28 11:35:02,ST006,,In-store,Card,Completed,13.4,1.1,0.48,0.0,12.78
ORD002716,2025-04-09 03:47:11,ST008,,Click & Collect,Card,Completed,18.35,0.0,1.7,0.0,20.05
ORD002717,2025-06-11 04:08:45,ST005,,In-store,Card,Completed,32.75,0.0,4.14,0.0,36.89
ORD002718,2025-02-18 15:49:25,ST002,,In-store,Card,Completed,31.3,0.0,3.86,0.0,35.16
ORD002719,2025-09-19 12:14:13,ST003,CUST00382,In-store,Card,Completed,37.5,1.8,5.5,0.0,41.2
ORD002720,2025-07-29 18:33:11,ST005,CUST00207,Click & Collect,Mobile Wallet,Completed,51.3,0.46,5.58,0.0,56.42
ORD002721,2025-01-02 03:05:42,ST005,CUST00375,In-store,Card,Completed,43.15,0.0,3.32,0.0,46.47
ORD002722,2025-03-23 21:44:16,ST006,,In-store,Card,Completed,42.35,0.0,5.04,0.0,47.39
ORD002723,2025-06-08 23:16:10,ST006,,In-store,Card,Completed,25.4,0.0,4.48,0.0,29.88
ORD002724,2025-01-07 09:05:12,ST007,CUST00631,In-store,Cash,Completed,28.25,0.0,1.92,0.0,30.17
ORD002725,2025-06-06 08:57:56,ST008,CUST00387,In-store,Cash,Completed,32.5,0.0,4.94,0.0,37.44
ORD002726,2025-05-05 01:40:39,ST007,CUST00284,In-store,Card,Cancelled,20.7,0.0,1.26,0.0,0.0
ORD002727,2025-03-11 17:40:09,ST007,CUST00142,In-store,Cash,Completed,36.65,0.0,1.56,0.0,38.21
ORD002728,2025-11-08 22:42:38,ST006,CUST00497,In-store,Card,Completed,23.9,0.0,1.04,0.0,24.94
ORD002729,2025-07-12 00:43:12,ST006,CUST00658,In-store,Card,Completed,20.5,0.48,2.12,0.0,22.14
ORD002730,2025-08-21 20:01:00,ST004,,In-store,Card,Completed,7.6,0.0,1.28,0.0,8.88
ORD002731,2025-02-15 19:20:35,ST004,,In-store,Card,Completed,9.5,0.17,0.42,0.0,9.76
ORD002732,2025-10-10 23:00:11,ST003,,Online,Card,Completed,11.0,0.0,0.72,3.49,15.21
ORD002733,2025-05-14 23:05:18,ST008,CUST00658,In-store,Card,Completed,30.8,0.0,0.52,0.0,31.32
ORD002734,2025-09-21 01:47:28,ST002,CUST00448,In-store,Card,Completed,20.3,0.0,0.0,0.0,20.3
ORD002735,2025-08-02 14:26:27,ST002,,In-store,Card,Completed,28.95,2.06,0.48,0.0,27.37
ORD002736,2025-12-24 11:05:40,ST005,CUST00310,In-store,Card,Completed,25.0,0.38,1.76,0.0,26.38
ORD002737,2025-08-24 10:20:45,ST006,,In-store,Card,Completed,30.0,0.0,0.0,0.0,30.0
ORD002738,2025-12-12 23:04:55,ST005,,Click & Collect,Card,Completed,9.6,0.0,1.04,0.0,10.64
ORD002739,2025-01-07 17:40:34,ST001,,In-store,Cash,Completed,34.2,1.1,3.9,0.0,37.0
ORD002740,2025-11-11 20:09:18,ST001,CUST00794,In-store,Card,Completed,19.35,0.0,0.4,0.0,19.75
ORD002741,2025-01-16 17:51:28,ST004,,In-store,Card,Completed,46.05,0.19,4.84,0.0,50.7
ORD002742,2025-07-01 00:57:56,ST004,CUST00557,Click & Collect,Card,Completed,32.95,0.0,3.24,0.0,36.19
ORD002743,2025-10-26 05:29:39,ST001,CUST00130,In-store,Card,Completed,42.35,0.0,2.16,0.0,44.51
ORD002744,2025-10-01 22:04:30,ST002,,In-store,Cash,Completed,6.9,0.0,0.0,0.0,6.9
ORD002745,2025-03-24 09:05:30,ST001,CUST00020,Online,Card,Completed,23.8,0.0,2.4,3.49,29.69
ORD002746,2025-04-02 06:46:38,ST006,CUST00233,In-store,Card,Completed,35.0,0.29,3.1,0.0,37.81
ORD002747,2025-02-14 06:27:23,ST003,CUST00376,In-store,Card,Completed,1.1,0.17,0.0,0.0,0.94
ORD002748,2025-08-04 20:25:49,ST002,CUST00221,In-store,Card,Completed,7.8,0.0,0.0,0.0,7.8
ORD002749,2025-01-18 07:25:54,ST002,CUST00700,In-store,Mobile Wallet,Completed,10.2,0.0,1.2,0.0,11.4
ORD002750,2025-12-18 05:18:33,ST008,,In-store,Cash,Completed,9.5,0.0,0.3,0.0,9.8
ORD002751,2025-05-30 05:35:22,ST001,CUST00483,In-store,Card,Completed,30.65,0.0,0.84,0.0,31.49
ORD002752,2025-10-20 00:34:26,ST004,,Online,Card,Refunded,17.6,0.0,1.38,3.49,22.47
ORD002753,2025-02-20 16:53:49,ST001,CUST00453,In-store,Card,Completed,19.15,0.22,1.93,0.0,20.85
ORD002754,2025-06-12 17:27:46,ST007,CUST00521,In-store,Card,Completed,23.2,0.46,0.0,0.0,22.74
ORD002755,2025-01-03 12:16:33,ST003,CUST00716,In-store,Card,Completed,42.9,0.0,2.8,0.0,45.7
ORD002756,2025-09-30 06:19:53,ST005,,In-store,Card,Completed,8.25,0.0,0.36,0.0,8.61
ORD002757,2025-05-15 03:37:30,ST007,CUST00360,In-store,Card,Completed,18.45,0.0,2.25,0.0,20.7
ORD002758,2025-05-02 09:21:31,ST003,CUST00303,In-store,Mobile Wallet,Completed,12.2,0.0,1.2,0.0,13.4
ORD002759,2025-08-03 01:33:04,ST007,,In-store,Card,Completed,24.6,0.0,4.68,0.0,29.28
ORD002760,2025-11-29 15:35:55,ST006,CUST00587,In-store,Cash,Completed,1.7,0.0,0.0,0.0,1.7
ORD002761,2025-02-19 08:57:08,ST003,,In-store,Card,Completed,30.4,0.33,4.94,0.0,35.01
ORD002762,2025-09-25 14:41:41,ST003,,Online,Cash,Completed,16.4,0.0,0.94,3.49,20.83
ORD002763,2025-06-19 12:06:15,ST001,CUST00634,In-store,Card,Completed,53.95,0.0,2.8,0.0,56.75
ORD002764,2025-03-25 14:00:51,ST007,CUST00018,In-store,Card,Completed,46.55,0.0,1.04,0.0,47.59
ORD002765,2025-08-10 19:03:07,ST008,,In-store,Card,Completed,3.9,0.0,0.4,0.0,4.3
ORD002766,2025-03-27 09:24:43,ST005,,Click & Collect,Card,Completed,49.6,0.0,3.6,0.0,53.2
ORD002767,2025-08-20 03:49:14,ST008,CUST00058,In-store,Card,Completed,24.2,0.6,0.72,0.0,24.32
ORD002768,2025-10-21 05:41:46,ST008,CUST00635,In-store,Card,Completed,45.5,0.0,3.26,0.0,48.76
ORD002769,2025-03-03 10:51:11,ST008,,In-store,Mobile Wallet,Completed,15.0,0.0,1.69,0.0,16.69
ORD002770,2025-06-09 06:11:34,ST008,CUST00611,Online,Card,Completed,37.3,0.0,2.38,3.49,43.17
ORD002771,2025-02-05 03:42:25,ST008,CUST00462,In-store,Card,Completed,48.4,0.0,2.48,0.0,50.88
ORD002772,2025-02-17 09:05:25,ST005,CUST00497,In-store,Card,Completed,4.65,0.55,0.0,0.0,4.1
ORD002773,2025-10-28 04:45:23,ST003,CUST00739,In-store,Mobile Wallet,Completed,29.1,0.0,2.34,0.0,31.44
ORD002774,2025-02-28 22:15:10,ST002,,Click & Collect,Card,Completed,48.05,0.9,3.6,0.0,50.75
ORD002775,2025-09-22 18:16:52,ST008,CUST00179,In-store,Card,Completed,11.95,0.0,0.76,0.0,12.71
ORD002776,2025-06-03 20:58:51,ST008,CUST00581,Online,Card,Completed,31.0,0.6,2.12,3.49,36.01
ORD002777,2025-02-01 22:35:20,ST008,CUST00010,In-store,Mobile Wallet,Completed,7.4,0.33,0.0,0.0,7.07
ORD002778,2025-03-22 17:10:57,ST003,CUST00171,Click & Collect,Card,Completed,18.35,0.0,0.88,0.0,19.23
ORD002779,2025-07-15 11:04:27,ST008,CUST00238,Online,Mobile Wallet,Completed,13.7,0.0,1.54,3.49,18.73
ORD002780,2025-07-18 03:34:29,ST008,CUST00275,In-store,Card,Completed,40.2,0.0,0.24,0.0,40.44
ORD002781,2025-01-24 10:56:27,ST001,CUST00184,In-store,Card,Completed,46.3,1.1,1.86,0.0,47.06
ORD002782,2025-09-05 05:41:08,ST007,CUST00678,Online,Card,Completed,35.6,1.8,4.32,3.49,41.61
ORD002783,2025-08-23 21:41:51,ST004,CUST00622,In-store,Cash,Completed,20.4,0.48,0.3,0.0,20.22
ORD002784,2025-09-05 18:00:48,ST004,,Click & Collect,Card,Completed,29.5,0.0,3.16,0.0,32.66
ORD002785,2025-08-11 05:46:38,ST004,,In-store,Card,Completed,6.6,0.0,1.32,0.0,7.92
ORD002786,2025-11-18 14:02:53,ST005,CUST00013,In-store,Card,Completed,32.2,0.0,0.36,0.0,32.56
ORD002787,2025-05-07 15:26:00,ST007,CUST00514,Online,Card,Completed,21.8,0.0,0.0,3.49,25.29
ORD002788,2025-05-12 09:14:37,ST006,CUST00684,Click & Collect,Card,Completed,34.9,0.0,3.02,0.0,37.92
ORD002789,2025-04-15 12:26:59,ST003,CUST00694,In-store,Cash,Completed,9.1,0.0,1.3,0.0,10.4
ORD002790,2025-11-26 14:48:13,ST006,CUST00745,Click & Collect,Card,Completed,39.6,0.0,0.4,0.0,40.0
ORD002791,2025-07-08 13:49:28,ST005,CUST00428,In-store,Card,Completed,53.2,1.67,2.08,0.0,53.61
ORD002792,2025-08-23 14:21:44,ST006,,In-store,Card,Completed,12.9,0.0,1.92,0.0,14.82
ORD002793,2025-02-05 06:05:58,ST007,CUST00785,In-store,Gift Card,Completed,23.6,0.0,3.8,0.0,27.4
ORD002794,2025-01-15 10:46:39,ST007,CUST00133,In-store,Mobile Wallet,Completed,25.0,0.0,0.64,0.0,25.64
ORD002795,2025-10-20 05:50:36,ST003,,In-store,Card,Completed,14.0,0.0,1.98,0.0,15.98
ORD002796,2025-03-04 04:49:28,ST008,CUST00339,In-store,Card,Completed,29.3,0.0,4.76,0.0,34.06
ORD002797,2025-10-31 06:28:44,ST002,CUST00114,Online,Card,Completed,54.15,0.0,7.51,0.0,61.66
ORD002798,2025-11-01 02:33:38,ST006,CUST00732,In-store,Card,Completed,16.1,0.0,0.0,0.0,16.1
ORD002799,2025-11-30 15:46:15,ST006,CUST00059,In-store,Card,Completed,3.2,0.0,0.64,0.0,3.84
ORD002800,2025-08-22 12:39:09,ST003,,In-store,Card,Completed,12.45,0.0,1.04,0.0,13.49
ORD002801,2025-09-24 14:48:43,ST004,CUST00330,In-store,Card,Completed,53.8,0.3,7.04,0.0,60.54
ORD002802,2025-12-23 21:57:26,ST007,,In-store,Mobile Wallet,Completed,33.15,0.0,0.0,0.0,33.15
ORD002803,2025-10-11 08:08:14,ST005,CUST00517,Online,Card,Completed,27.4,0.0,1.2,3.49,32.09
ORD002804,2025-02-09 15:39:29,ST004,CUST00226,Click & Collect,Cash,Completed,26.0,0.0,1.48,0.0,27.48
ORD002805,2025-10-23 08:03:40,ST005,CUST00341,In-store,Mobile Wallet,Completed,41.8,0.0,2.96,0.0,44.76
ORD002806,2025-11-11 10:29:59,ST002,CUST00141,Click & Collect,Card,Completed,19.9,0.0,1.92,0.0,21.82
ORD002807,2025-12-13 22:10:15,ST001,CUST00657,In-store,Card,Completed,23.6,0.61,2.18,0.0,25.17
ORD002808,2025-09-29 19:17:12,ST001,CUST00215,In-store,Gift Card,Completed,15.75,0.3,0.67,0.0,16.12
ORD002809,2025-12-31 00:20:13,ST006,CUST00784,Online,Card,Cancelled,36.0,0.0,2.72,3.49,0.0
ORD002810,2025-06-23 18:43:19,ST007,CUST00384,Online,Card,Completed,17.5,0.62,1.92,3.49,22.29
ORD002811,2025-06-19 00:31:26,ST004,CUST00276,In-store,Mobile Wallet,Cancelled,5.2,0.0,1.04,0.0,0.0
ORD002812,2025-02-18 22:39:38,ST007,,In-store,Card,Completed,5.2,0.0,1.04,0.0,6.24
ORD002813,2025-01-26 05:14:40,ST002,,In-store,Card,Completed,26.45,1.04,1.32,0.0,26.73
ORD002814,2025-05-13 17:09:10,ST003,CUST00782,In-store,Mobile Wallet,Refunded,20.65,0.0,2.04,0.0,22.69
ORD002815,2025-09-03 22:48:42,ST005,CUST00141,In-store,Cash,Completed,43.55,0.0,5.35,0.0,48.9
ORD002816,2025-12-24 04:56:09,ST004,CUST00051,In-store,Card,Completed,13.2,0.0,0.0,0.0,13.2
ORD002817,2025-09-17 03:39:49,ST003,CUST00099,Online,Card,Completed,27.9,0.6,2.04,3.49,32.83
ORD002818,2025-11-27 02:07:05,ST002,CUST00640,In-store,Card,Completed,10.5,0.0,0.0,0.0,10.5
ORD002819,2025-11-07 21:55:17,ST006,CUST00485,In-store,Card,Completed,36.6,0.0,1.96,0.0,38.56
ORD002820,2025-04-12 12:37:20,ST007,,In-store,Mobile Wallet,Completed,10.35,0.29,0.74,0.0,10.8
ORD002821,2025-04-14 06:12:36,ST005,,In-store,Card,Refunded,31.6,0.0,0.6,0.0,32.2
ORD002822,2025-08-13 05:37:35,ST001,CUST00497,In-store,Card,Completed,18.65,0.6,0.0,0.0,18.05
ORD002823,2025-04-06 14:27:05,ST004,CUST00127,In-store,Card,Completed,3.2,0.0,0.64,0.0,3.84
ORD002824,2025-10-18 18:17:56,ST003,CUST00742,In-store,Card,Completed,10.5,0.0,0.0,0.0,10.5
ORD002825,2025-11-18 02:42:14,ST007,CUST00062,Online,Mobile Wallet,Completed,1.2,0.0,0.24,3.49,4.93
ORD002826,2025-09-28 20:25:44,ST002,CUST00164,In-store,Cash,Completed,32.3,0.6,0.36,0.0,32.06
ORD002827,2025-07-18 10:22:26,ST002,,In-store,Card,Completed,25.45,0.0,1.28,0.0,26.73
ORD002828,2025-09-04 00:53:11,ST005,CUST00122,In-store,Card,Completed,4.1,0.0,0.6,0.0,4.7
ORD002829,2025-02-27 23:21:46,ST001,,In-store,Card,Completed,30.5,0.49,5.44,0.0,35.45
ORD002830,2025-06-20 12:23:20,ST004,CUST00582,In-store,Card,Completed,3.3,0.0,0.0,0.0,3.3
ORD002831,2025-02-16 16:03:18,ST003,CUST00079,Click & Collect,Card,Completed,2.6,0.0,0.52,0.0,3.12
ORD002832,2025-01-06 00:58:20,ST002,CUST00087,Click & Collect,Card,Completed,15.8,0.24,1.3,0.0,16.86
ORD002833,2025-02-02 17:39:58,ST004,CUST00453,Online,Card,Completed,1.1,0.0,0.0,3.49,4.59
ORD002834,2025-11-09 00:44:49,ST004,CUST00149,In-store,Card,Completed,3.1,0.0,0.38,0.0,3.48
ORD002835,2025-04-30 17:18:33,ST006,CUST00210,In-store,Card,Completed,2.6,0.0,0.52,0.0,3.12
ORD002836,2025-08-01 01:04:45,ST003,CUST00158,In-store,Card,Completed,19.7,0.0,0.96,0.0,20.66
ORD002837,2025-05-20 21:41:01,ST007,CUST00632,In-store,Card,Completed,17.1,0.0,3.42,0.0,20.52
ORD002838,2025-12-22 05:02:14,ST007,CUST00737,In-store,Card,Completed,47.25,0.0,0.86,0.0,48.11
ORD002839,2025-12-31 15:08:07,ST006,CUST00525,In-store,Card,Completed,28.15,0.0,0.98,0.0,29.13
ORD002840,2025-10-12 03:48:38,ST002,CUST00755,In-store,Card,Completed,5.8,0.0,0.0,0.0,5.8
ORD002841,2025-02-14 18:00:02,ST007,CUST00660,In-store,Card,Completed,19.8,0.0,1.2,0.0,21.0
ORD002842,2025-08-02 02:29:42,ST006,CUST00639,Click & Collect,Card,Completed,15.5,0.0,0.64,0.0,16.14
ORD002843,2025-05-03 21:15:33,ST005,CUST00472,Click & Collect,Cash,Completed,17.4,0.0,0.98,0.0,18.38
ORD002844,2025-11-23 10:15:15,ST006,CUST00684,Click & Collect,Mobile Wallet,Completed,16.8,0.0,0.0,0.0,16.8
ORD002845,2025-07-01 22:56:37,ST005,CUST00684,In-store,Card,Completed,26.7,0.6,1.04,0.0,27.14
ORD002846,2025-08-11 23:16:55,ST003,CUST00635,Online,Card,Completed,43.95,0.0,6.65,0.0,50.6
ORD002847,2025-10-12 20:40:40,ST003,CUST00469,In-store,Card,Completed,31.2,0.0,1.44,0.0,32.64
ORD002848,2025-08-01 10:09:36,ST007,CUST00504,In-store,Card,Completed,19.8,1.44,0.0,0.0,18.36
ORD002849,2025-03-29 16:17:35,ST002,CUST00474,Online,Card,Completed,6.4,0.0,1.28,3.49,11.17
ORD002850,2025-05-02 08:57:24,ST006,,In-store,Card,Completed,36.2,0.0,3.28,0.0,39.48
ORD002851,2025-12-17 01:20:19,ST001,CUST00120,In-store,Card,Cancelled,10.6,0.0,0.36,0.0,0.0
ORD002852,2025-07-27 12:02:24,ST008,,In-store,Card,Completed,16.75,0.72,1.14,0.0,17.17
ORD002853,2025-11-26 04:19:43,ST003,CUST00554,In-store,Cash,Completed,46.3,0.0,1.64,0.0,47.94
ORD002854,2025-02-26 20:11:46,ST007,CUST00040,Online,Cash,Completed,23.6,0.0,1.24,3.49,28.33
ORD002855,2025-12-13 19:34:21,ST002,CUST00772,In-store,Card,Cancelled,13.3,0.15,1.99,0.0,0.0
ORD002856,2025-07-30 09:36:40,ST007,CUST00100,In-store,Card,Completed,24.9,0.0,2.08,0.0,26.98
ORD002857,2025-09-07 08:23:04,ST004,CUST00047,In-store,Mobile Wallet,Completed,13.75,0.3,0.82,0.0,14.27
ORD002858,2025-09-23 05:25:55,ST006,CUST00214,In-store,Cash,Completed,47.1,1.5,2.24,0.0,47.84
ORD002859,2025-09-05 13:05:48,ST008,CUST00410,In-store,Card,Completed,19.3,0.0,1.34,0.0,20.64
ORD002860,2025-11-23 11:12:55,ST003,CUST00684,In-store,Card,Completed,4.8,0.0,0.96,0.0,5.76
ORD002861,2025-09-19 20:27:38,ST006,CUST00076,In-store,Card,Completed,9.1,0.3,0.7,0.0,9.5
ORD002862,2025-08-18 19:09:11,ST002,CUST00107,In-store,Card,Completed,43.4,1.41,1.78,0.0,43.77
ORD002863,2025-10-27 06:02:20,ST006,,In-store,Card,Completed,33.5,0.0,1.92,0.0,35.42
ORD002864,2025-08-23 17:01:59,ST001,,In-store,Cash,Completed,38.85,0.62,0.0,0.0,38.23
ORD002865,2025-11-01 12:24:46,ST004,,In-store,Card,Completed,33.4,0.0,3.04,0.0,36.44
ORD002866,2025-04-16 19:15:20,ST005,CUST00433,Online,Cash,Completed,58.7,1.32,0.0,0.0,57.38
ORD002867,2025-02-02 21:35:21,ST008,CUST00328,Click & Collect,Card,Completed,47.7,0.0,7.22,0.0,54.92
ORD002868,2025-09-13 09:14:39,ST001,CUST00107,Online,Mobile Wallet,Completed,15.65,0.0,2.08,3.49,21.22
ORD002869,2025-09-13 23:27:04,ST004,CUST00169,In-store,Mobile Wallet,Completed,16.45,0.3,0.58,0.0,16.73
ORD002870,2025-09-05 09:25:31,ST003,CUST00378,In-store,Card,Completed,26.05,0.0,4.26,0.0,30.31
ORD002871,2025-05-15 20:00:53,ST006,,In-store,Cash,Completed,25.65,0.0,2.47,0.0,28.12
ORD002872,2025-01-09 11:16:21,ST004,CUST00799,Click & Collect,Card,Completed,25.2,0.0,1.6,0.0,26.8
ORD002873,2025-01-17 22:36:35,ST008,CUST00481,Click & Collect,Card,Completed,26.0,0.0,2.84,0.0,28.84
ORD002874,2025-10-14 06:37:22,ST003,CUST00213,In-store,Card,Completed,18.3,0.0,1.62,0.0,19.92
ORD002875,2025-05-17 19:56:05,ST008,CUST00034,In-store,Card,Completed,13.2,0.0,1.56,0.0,14.76
ORD002876,2025-06-28 09:42:16,ST001,,Click & Collect,Card,Completed,2.2,0.0,0.0,0.0,2.2
ORD002877,2025-10-04 00:20:40,ST002,CUST00588,In-store,Mobile Wallet,Completed,16.4,0.0,0.42,0.0,16.82
ORD002878,2025-02-12 04:42:33,ST005,CUST00122,In-store,Mobile Wallet,Completed,36.3,0.0,5.58,0.0,41.88
ORD002879,2025-05-15 13:14:17,ST004,CUST00593,In-store,Card,Completed,44.5,0.0,1.04,0.0,45.54
ORD002880,2025-04-11 08:38:06,ST007,,In-store,Card,Refunded,19.1,0.0,1.52,0.0,20.62
ORD002881,2025-02-28 00:58:56,ST002,CUST00462,In-store,Mobile Wallet,Completed,30.6,0.0,4.62,0.0,35.22
ORD002882,2025-06-16 13:16:14,ST002,CUST00346,Click & Collect,Card,Completed,10.0,0.0,1.28,0.0,11.28
ORD002883,2025-05-19 16:34:18,ST004,CUST00234,Online,Card,Refunded,30.35,0.0,3.33,3.49,37.17
ORD002884,2025-06-12 06:45:03,ST005,,In-store,Card,Completed,44.3,0.0,1.14,0.0,45.44
ORD002885,2025-05-23 06:21:13,ST008,CUST00069,Click & Collect,Card,Completed,36.9,0.0,0.76,0.0,37.66
ORD002886,2025-07-25 22:13:12,ST002,CUST00001,In-store,Cash,Completed,5.8,0.0,0.64,0.0,6.44
ORD002887,2025-09-11 18:02:43,ST004,CUST00080,Online,Card,Completed,6.8,0.0,0.0,3.49,10.29
ORD002888,2025-05-04 23:29:19,ST007,,In-store,Card,Completed,19.5,0.0,0.18,0.0,19.68
ORD002889,2025-06-03 18:20:36,ST004,CUST00788,In-store,Cash,Completed,65.15,4.32,1.48,0.0,62.31
ORD002890,2025-10-15 11:09:00,ST001,,In-store,Card,Completed,1.2,0.0,0.0,0.0,1.2
ORD002891,2025-11-11 02:23:47,ST006,CUST00303,In-store,Card,Completed,25.2,0.0,0.0,0.0,25.2
ORD002892,2025-02-07 14:44:33,ST008,CUST00179,In-store,Mobile Wallet,Completed,7.1,0.32,0.0,0.0,6.78
ORD002893,2025-04-22 12:16:04,ST003,CUST00635,In-store,Card,Completed,3.2,0.0,0.64,0.0,3.84
ORD002894,2025-02-09 23:21:06,ST008,CUST00339,Click & Collect,Card,Refunded,35.0,0.0,0.72,0.0,35.72
ORD002895,2025-08-20 10:49:56,ST008,,Online,Card,Completed,20.5,0.0,1.04,3.49,25.03
ORD002896,2025-05-09 01:06:05,ST002,CUST00285,In-store,Card,Completed,36.0,0.0,0.0,0.0,36.0
ORD002897,2025-05-11 00:59:36,ST004,,In-store,Card,Completed,17.1,0.0,2.38,0.0,19.48
ORD002898,2025-07-29 18:42:19,ST003,CUST00669,In-store,Card,Completed,12.0,0.0,2.1,0.0,14.1
ORD002899,2025-01-26 21:48:55,ST007,CUST00762,In-store,Cash,Completed,32.8,0.11,5.24,0.0,37.93
ORD002900,2025-07-21 02:50:40,ST001,CUST00204,Click & Collect,Cash,Completed,41.2,2.4,0.52,0.0,39.32
ORD002901,2025-06-07 18:12:33,ST005,CUST00518,In-store,Card,Completed,4.85,0.0,0.54,0.0,5.39
ORD002902,2025-12-15 21:49:37,ST004,,In-store,Mobile Wallet,Completed,9.15,0.0,0.44,0.0,9.59
ORD002903,2025-12-15 22:00:39,ST008,CUST00272,In-store,Card,Completed,17.2,0.0,2.4,0.0,19.6
ORD002904,2025-12-07 06:28:43,ST002,CUST00240,In-store,Card,Completed,19.7,0.0,1.04,0.0,20.74
ORD002905,2025-03-31 17:39:13,ST008,CUST00291,Online,Card,Completed,13.6,0.0,2.72,3.49,19.81
ORD002906,2025-01-17 06:56:33,ST001,CUST00394,In-store,Mobile Wallet,Completed,8.5,0.55,0.6,0.0,8.55
ORD002907,2025-04-07 20:08:00,ST008,CUST00655,In-store,Cash,Completed,20.5,0.0,2.86,0.0,23.36
ORD002908,2025-09-23 19:39:32,ST006,CUST00717,Click & Collect,Card,Completed,48.9,0.0,2.24,0.0,51.14
ORD002909,2025-03-15 22:44:08,ST008,CUST00427,In-store,Gift Card,Completed,31.8,0.0,2.08,0.0,33.88
ORD002910,2025-07-20 11:16:07,ST005,CUST00608,In-store,Mobile Wallet,Completed,8.0,0.0,0.0,0.0,8.0
ORD002911,2025-09-13 00:17:34,ST008,,In-store,Card,Completed,10.2,0.0,0.0,0.0,10.2
ORD002912,2025-10-13 21:30:23,ST001,CUST00245,Online,Cash,Completed,29.0,0.0,3.44,3.49,35.93
ORD002913,2025-04-14 11:48:55,ST003,,In-store,Card,Completed,1.5,0.0,0.3,0.0,1.8
ORD002914,2025-02-06 06:18:27,ST001,CUST00083,In-store,Card,Completed,21.5,0.0,1.48,0.0,22.98
ORD002915,2025-08-14 07:22:55,ST007,CUST00436,Online,Mobile Wallet,Completed,29.5,0.48,2.38,3.49,34.89
ORD002916,2025-06-06 13:00:39,ST007,,In-store,Mobile Wallet,Completed,50.45,2.88,1.48,0.0,49.05
ORD002917,2025-06-20 21:53:56,ST004,,In-store,Cash,Completed,14.95,1.2,0.18,0.0,13.93
ORD002918,2025-12-07 11:36:03,ST002,CUST00182,In-store,Card,Completed,41.4,0.0,5.48,0.0,46.88
ORD002919,2025-12-30 15:28:14,ST004,,In-store,Mobile Wallet,Completed,27.85,0.0,0.42,0.0,28.27
ORD002920,2025-01-29 07:27:53,ST003,CUST00146,Online,Card,Completed,8.0,0.0,1.6,3.49,13.09
ORD002921,2025-08-12 20:14:50,ST008,CUST00643,Online,Card,Completed,24.3,0.0,2.6,3.49,30.39
ORD002922,2025-12-02 10:51:11,ST004,CUST00283,Online,Cash,Completed,3.0,0.0,0.0,3.49,6.49
ORD002923,2025-04-11 08:27:39,ST005,CUST00254,Online,Card,Completed,38.6,0.0,1.44,3.49,43.53
ORD002924,2025-10-19 19:04:29,ST007,CUST00230,In-store,Card,Completed,5.1,0.0,0.0,0.0,5.1
ORD002925,2025-04-25 13:15:26,ST007,CUST00770,Online,Card,Completed,20.1,0.0,2.1,3.49,25.69
ORD002926,2025-10-26 00:04:52,ST008,,Click & Collect,Card,Completed,11.6,0.0,0.4,0.0,12.0
ORD002927,2025-03-04 23:28:34,ST003,CUST00371,In-store,Card,Completed,67.15,0.0,5.14,0.0,72.29
ORD002928,2025-10-10 14:26:21,ST003,CUST00049,In-store,Cash,Completed,16.8,0.0,0.0,0.0,16.8
ORD002929,2025-12-07 21:46:35,ST003,,Online,Mobile Wallet,Completed,50.6,0.0,5.2,0.0,55.8
ORD002930,2025-10-11 23:20:58,ST008,CUST00064,In-store,Card,Completed,8.0,0.0,0.72,0.0,8.72
ORD002931,2025-04-06 17:08:29,ST006,CUST00542,In-store,Cash,Completed,10.35,0.0,0.0,0.0,10.35
ORD002932,2025-07-30 17:37:51,ST008,,Online,Card,Completed,69.45,0.0,8.43,0.0,77.88
ORD002933,2025-06-30 02:15:35,ST005,CUST00009,In-store,Card,Completed,15.8,0.0,1.44,0.0,17.24
ORD002934,2025-01-29 13:04:45,ST005,CUST00683,In-store,Card,Completed,10.55,0.08,0.0,0.0,10.48
ORD002935,2025-12-24 05:54:04,ST005,CUST00213,In-store,Mobile Wallet,Completed,32.8,1.15,3.61,0.0,35.26
ORD002936,2025-02-24 06:49:55,ST004,CUST00088,In-store,Mobile Wallet,Completed,28.4,0.33,4.52,0.0,32.59
ORD002937,2025-08-19 05:59:27,ST008,CUST00156,In-store,Card,Completed,24.85,0.0,1.3,0.0,26.15
ORD002938,2025-10-09 18:23:10,ST005,CUST00158,Click & Collect,Card,Completed,13.3,0.0,0.0,0.0,13.3
ORD002939,2025-06-13 05:45:33,ST005,CUST00216,Click & Collect,Card,Completed,15.65,0.96,0.0,0.0,14.69
ORD002940,2025-03-21 14:44:55,ST006,,Click & Collect,Gift Card,Completed,14.1,0.0,2.82,0.0,16.92
ORD002941,2025-12-16 00:38:19,ST001,CUST00672,Click & Collect,Card,Completed,33.5,0.0,0.52,0.0,34.02
ORD002942,2025-10-06 10:21:39,ST004,CUST00027,In-store,Card,Completed,19.5,0.0,0.0,0.0,19.5
ORD002943,2025-10-13 05:55:47,ST003,CUST00030,In-store,Cash,Completed,22.45,0.0,0.24,0.0,22.69
ORD002944,2025-06-27 19:58:41,ST008,,In-store,Mobile Wallet,Completed,52.9,1.31,2.26,0.0,53.85
ORD002945,2025-07-22 19:17:24,ST003,,In-store,Cash,Completed,22.35,0.0,1.56,0.0,23.91
ORD002946,2025-04-24 23:21:15,ST002,CUST00476,Click & Collect,Card,Completed,25.2,0.0,3.84,0.0,29.04
ORD002947,2025-09-25 11:05:43,ST008,CUST00368,In-store,Card,Completed,5.1,0.0,1.02,0.0,6.12
ORD002948,2025-02-10 02:53:09,ST005,,In-store,Card,Completed,21.6,0.0,3.88,0.0,25.48
ORD002949,2025-02-08 18:35:43,ST004,CUST00583,In-store,Card,Completed,21.6,0.0,4.32,0.0,25.92
ORD002950,2025-03-08 02:38:05,ST005,CUST00468,In-store,Card,Completed,33.9,0.0,4.44,0.0,38.34
ORD002951,2025-05-30 23:02:15,ST005,CUST00643,In-store,Cash,Completed,55.15,0.0,4.4,0.0,59.55
ORD002952,2025-03-19 11:31:33,ST003,CUST00694,In-store,Gift Card,Completed,12.8,0.0,0.36,0.0,13.16
ORD002953,2025-11-28 07:09:52,ST003,CUST00480,Click & Collect,Card,Completed,27.4,0.0,3.36,0.0,30.76
ORD002954,2025-11-05 21:47:50,ST002,CUST00765,In-store,Card,Completed,57.3,0.0,6.5,0.0,63.8
ORD002955,2025-12-02 14:47:07,ST002,CUST00243,Click & Collect,Card,Completed,8.0,0.0,0.0,0.0,8.0
ORD002956,2025-08-11 19:13:57,ST008,,In-store,Gift Card,Completed,5.6,0.0,0.0,0.0,5.6
ORD002957,2025-11-03 23:18:04,ST002,,In-store,Card,Completed,52.95,0.0,5.01,0.0,57.96
ORD002958,2025-11-01 07:50:29,ST007,,In-store,Card,Completed,10.8,0.0,0.0,0.0,10.8
ORD002959,2025-02-14 04:13:29,ST001,CUST00638,Online,Cash,Completed,29.95,0.0,2.56,3.49,36.0
ORD002960,2025-08-25 01:19:52,ST003,CUST00306,Online,Cash,Completed,46.1,0.0,7.26,0.0,53.36
ORD002961,2025-06-04 21:03:41,ST006,CUST00509,Click & Collect,Card,Completed,18.8,0.0,1.92,0.0,20.72
ORD002962,2025-10-23 06:12:45,ST001,,In-store,Card,Cancelled,3.2,0.0,0.64,0.0,0.0
ORD002963,2025-04-13 21:29:35,ST002,CUST00647,Online,Mobile Wallet,Completed,11.65,0.58,0.82,3.49,15.38
ORD002964,2025-04-04 17:06:55,ST004,CUST00444,In-store,Card,Completed,24.5,0.0,4.9,0.0,29.4
ORD002965,2025-01-06 13:19:38,ST006,,In-store,Card,Completed,34.15,0.0,1.93,0.0,36.08
ORD002966,2025-06-06 07:14:35,ST007,CUST00595,Click & Collect,Card,Completed,44.8,1.44,0.44,0.0,43.8
ORD002967,2025-04-13 15:57:46,ST004,CUST00243,In-store,Card,Completed,35.3,0.33,1.18,0.0,36.15
ORD002968,2025-06-06 06:12:05,ST006,,In-store,Cash,Completed,11.15,0.0,0.0,0.0,11.15
ORD002969,2025-09-03 04:50:22,ST006,CUST00736,In-store,Mobile Wallet,Completed,41.05,0.0,3.56,0.0,44.61
ORD002970,2025-09-10 01:07:35,ST006,CUST00537,In-store,Card,Completed,24.75,0.0,2.61,0.0,27.36
ORD002971,2025-06-18 13:31:34,ST008,CUST00658,In-store,Gift Card,Completed,13.55,0.0,1.08,0.0,14.63
ORD002972,2025-12-26 01:37:41,ST003,CUST00566,In-store,Card,Completed,23.65,0.0,0.72,0.0,24.37
ORD002973,2025-02-15 06:15:03,ST006,,Online,Card,Completed,32.35,0.0,1.26,3.49,37.1
ORD002974,2025-01-24 15:22:59,ST001,CUST00764,In-store,Card,Completed,6.0,0.6,0.0,0.0,5.4
ORD002975,2025-09-19 13:21:07,ST006,CUST00239,In-store,Card,Completed,36.65,0.0,1.28,0.0,37.93
ORD002976,2025-02-07 02:53:00,ST006,,In-store,Card,Completed,34.2,0.0,2.82,0.0,37.02
ORD002977,2025-01-25 11:40:59,ST003,CUST00288,In-store,Card,Completed,8.1,0.0,0.78,0.0,8.88
ORD002978,2025-07-08 03:54:15,ST004,,In-store,Cash,Completed,22.0,0.0,1.28,0.0,23.28
ORD002979,2025-10-30 12:10:21,ST004,CUST00466,In-store,Mobile Wallet,Completed,35.95,0.0,1.11,0.0,37.06
ORD002980,2025-01-26 05:49:38,ST008,CUST00039,In-store,Card,Completed,5.8,0.0,0.0,0.0,5.8
ORD002981,2025-10-23 06:29:04,ST008,CUST00014,In-store,Card,Completed,30.8,0.0,0.0,0.0,30.8
ORD002982,2025-03-09 23:31:34,ST001,CUST00625,In-store,Card,Completed,13.0,0.0,0.34,0.0,13.34
ORD002983,2025-06-05 07:12:37,ST001,CUST00218,In-store,Card,Completed,25.4,0.0,0.74,0.0,26.14
ORD002984,2025-08-08 21:41:19,ST005,CUST00622,Online,Card,Completed,10.2,0.0,2.04,3.49,15.73
ORD002985,2025-08-11 08:59:28,ST007,,In-store,Cash,Completed,8.7,0.0,0.0,0.0,8.7
ORD002986,2025-03-02 16:57:33,ST004,CUST00232,In-store,Card,Completed,63.1,0.0,7.74,0.0,70.84
ORD002987,2025-08-14 23:54:21,ST002,,Online,Card,Completed,34.55,0.0,2.74,3.49,40.78
ORD002988,2025-06-07 07:28:31,ST005,CUST00625,In-store,Mobile Wallet,Completed,4.8,0.0,0.96,0.0,5.76
ORD002989,2025-09-08 15:43:57,ST004,CUST00171,In-store,Card,Completed,8.2,0.0,0.0,0.0,8.2
ORD002990,2025-04-23 16:40:23,ST005,CUST00298,In-store,Cash,Completed,11.85,0.0,0.96,0.0,12.81
ORD002991,2025-09-16 09:02:26,ST004,CUST00738,In-store,Mobile Wallet,Completed,10.45,0.0,0.52,0.0,10.97
ORD002992,2025-12-22 12:06:53,ST007,CUST00533,In-store,Card,Completed,50.3,0.0,0.0,0.0,50.3
ORD002993,2025-01-25 01:27:58,ST002,CUST00108,In-store,Card,Completed,14.55,0.11,1.65,0.0,16.09
ORD002994,2025-11-29 13:53:29,ST006,CUST00632,In-store,Mobile Wallet,Completed,16.35,0.0,0.0,0.0,16.35
ORD002995,2025-08-25 04:30:16,ST004,CUST00236,In-store,Card,Completed,30.7,0.0,0.9,0.0,31.6
ORD002996,2025-07-13 06:14:48,ST002,CUST00541,Online,Card,Completed,19.7,0.0,1.1,3.49,24.29
ORD002997,2025-12-09 15:18:52,ST004,CUST00168,In-store,Card,Completed,11.55,0.0,0.36,0.0,11.91
ORD002998,2025-05-14 13:13:06,ST001,CUST00568,In-store,Card,Completed,37.3,0.0,1.1,0.0,38.4
ORD002999,2025-05-11 08:51:15,ST008,CUST00585,Online,Card,Completed,21.7,0.0,1.5,3.49,26.69
ORD003000,2025-05-10 09:00:28,ST001,CUST00732,In-store,Card,Completed,23.35,0.0,1.96,0.0,25.31
ORD003001,2025-01-22 10:19:28,ST005,CUST00268,In-store,Card,Completed,58.9,0.3,11.18,0.0,69.78
ORD003002,2025-03-25 04:29:49,ST008,,Click & Collect,Mobile Wallet,Completed,25.9,0.0,0.0,0.0,25.9
ORD003003,2025-04-25 01:15:18,ST007,CUST00278,Click & Collect,Card,Completed,25.0,0.0,0.8,0.0,25.8
ORD003004,2025-08-05 13:29:11,ST003,CUST00430,In-store,Card,Completed,0.75,0.0,0.0,0.0,0.75
ORD003005,2025-11-07 13:21:53,ST008,CUST00565,In-store,Card,Completed,48.7,0.0,5.3,0.0,54.0
ORD003006,2025-03-28 23:47:45,ST002,CUST00378,Online,Card,Completed,10.4,0.0,0.0,3.49,13.89
ORD003007,2025-09-04 07:34:38,ST004,CUST00039,Online,Mobile Wallet,Completed,45.8,0.0,2.64,0.0,48.44
ORD003008,2025-08-19 23:08:08,ST004,,Click & Collect,Card,Completed,5.0,0.0,0.0,0.0,5.0
ORD003009,2025-10-10 07:22:25,ST002,CUST00455,Click & Collect,Card,Completed,17.3,0.0,0.0,0.0,17.3
ORD003010,2025-07-27 06:18:39,ST001,,In-store,Card,Completed,12.0,0.0,0.0,0.0,12.0
ORD003011,2025-07-17 04:10:20,ST005,CUST00230,Online,Cash,Completed,32.95,0.96,1.26,3.49,36.74
ORD003012,2025-10-26 04:57:27,ST006,,In-store,Card,Cancelled,16.9,0.0,1.28,0.0,0.0
ORD003013,2025-02-04 18:19:41,ST008,CUST00143,In-store,Card,Completed,13.2,0.0,0.72,0.0,13.92
ORD003014,2025-02-10 00:38:16,ST006,,In-store,Card,Completed,11.1,0.0,2.22,0.0,13.32
ORD003015,2025-06-12 02:31:14,ST003,CUST00181,Click & Collect,Card,Completed,28.65,0.0,2.1,0.0,30.75
ORD003016,2025-01-28 17:36:00,ST003,CUST00508,In-store,Card,Completed,128.0,0.0,16.16,0.0,144.16
ORD003017,2025-12-07 14:01:51,ST007,CUST00512,In-store,Card,Completed,26.6,0.0,0.0,0.0,26.6
ORD003018,2025-12-13 05:29:29,ST002,CUST00227,Online,Card,Completed,10.4,0.0,2.08,3.49,15.97
ORD003019,2025-04-13 22:24:25,ST006,CUST00191,In-store,Card,Completed,7.8,0.0,0.0,0.0,7.8
ORD003020,2025-12-13 10:50:54,ST007,,Online,Cash,Completed,22.4,1.54,3.53,3.49,27.89
ORD003021,2025-06-09 04:25:32,ST004,CUST00399,In-store,Card,Completed,29.4,0.0,2.44,0.0,31.84
ORD003022,2025-07-30 10:17:14,ST001,CUST00681,In-store,Mobile Wallet,Completed,17.15,0.46,0.0,0.0,16.69
ORD003023,2025-05-22 15:48:39,ST002,,In-store,Cash,Completed,27.55,0.0,4.01,0.0,31.56
ORD003024,2025-12-16 15:06:58,ST007,CUST00051,In-store,Card,Completed,0.9,0.0,0.18,0.0,1.08
ORD003025,2025-07-15 05:44:55,ST007,CUST00096,In-store,Cash,Completed,9.0,0.0,1.8,0.0,10.8
ORD003026,2025-05-19 03:32:33,ST003,CUST00652,In-store,Mobile Wallet,Completed,50.8,0.0,4.18,0.0,54.98
ORD003027,2025-08-09 06:13:27,ST005,CUST00130,In-store,Cash,Completed,8.3,0.0,0.66,0.0,8.96
ORD003028,2025-06-30 01:04:34,ST008,,In-store,Card,Completed,25.7,0.0,2.52,0.0,28.22
ORD003029,2025-07-01 14:25:36,ST005,CUST00295,In-store,Gift Card,Completed,73.65,0.0,10.16,0.0,83.81
ORD003030,2025-08-23 06:22:32,ST003,CUST00594,In-store,Card,Completed,3.0,0.0,0.6,0.0,3.6
ORD003031,2025-03-15 08:02:41,ST005,CUST00748,In-store,Mobile Wallet,Refunded,24.9,0.0,1.78,0.0,26.68
ORD003032,2025-06-13 19:43:55,ST003,CUST00741,In-store,Card,Completed,38.3,0.0,1.08,0.0,39.38
ORD003033,2025-08-10 14:34:08,ST005,,Online,Card,Completed,3.3,0.0,0.18,3.49,6.97
ORD003034,2025-01-29 22:22:22,ST002,CUST00274,Online,Card,Completed,14.65,0.0,2.09,3.49,20.23
ORD003035,2025-02-17 01:06:06,ST006,CUST00545,Click & Collect,Cash,Completed,19.8,0.0,0.96,0.0,20.76
ORD003036,2025-07-22 22:04:09,ST008,,In-store,Card,Completed,13.8,0.0,1.02,0.0,14.82
ORD003037,2025-07-02 22:33:58,ST005,,In-store,Card,Completed,37.55,0.0,5.17,0.0,42.72
ORD003038,2025-04-09 02:01:10,ST001,,Click & Collect,Mobile Wallet,Completed,15.0,0.0,1.28,0.0,16.28
ORD003039,2025-09-21 02:28:59,ST003,CUST00653,Online,Mobile Wallet,Completed,47.1,0.3,2.6,0.0,49.4
ORD003040,2025-09-16 04:30:25,ST006,,In-store,Cash,Completed,20.35,0.0,0.0,0.0,20.35
ORD003041,2025-05-14 20:00:24,ST008,,In-store,Mobile Wallet,Completed,5.7,0.0,1.14,0.0,6.84
ORD003042,2025-01-13 21:51:41,ST008,,In-store,Gift Card,Completed,6.6,0.0,0.0,0.0,6.6
ORD003043,2025-11-28 15:30:08,ST003,CUST00684,In-store,Cash,Completed,13.4,0.0,1.12,0.0,14.52
ORD003044,2025-03-16 18:43:03,ST007,CUST00628,In-store,Mobile Wallet,Completed,39.6,0.0,4.32,0.0,43.92
ORD003045,2025-04-06 09:17:01,ST007,,In-store,Mobile Wallet,Completed,28.65,0.99,0.0,0.0,27.66
ORD003046,2025-02-18 04:27:28,ST007,CUST00241,Online,Card,Completed,1.9,0.0,0.38,3.49,5.77
ORD003047,2025-02-23 14:30:43,ST004,CUST00288,In-store,Card,Completed,14.05,0.0,1.41,0.0,15.46
ORD003048,2025-09-25 12:05:42,ST002,,In-store,Card,Completed,22.85,0.0,0.37,0.0,23.22
ORD003049,2025-02-03 23:44:07,ST004,,Online,Card,Completed,31.7,0.3,0.3,3.49,35.19
ORD003050,2025-05-13 14:01:24,ST001,,Online,Card,Completed,20.55,0.0,0.0,3.49,24.04
ORD003051,2025-12-06 22:14:28,ST006,CUST00269,In-store,Card,Completed,9.2,0.0,0.0,0.0,9.2
ORD003052,2025-07-19 03:49:35,ST006,CUST00254,Online,Card,Completed,22.4,0.6,1.56,3.49,26.85
ORD003053,2025-08-04 13:03:40,ST006,CUST00447,In-store,Gift Card,Completed,15.95,0.0,0.3,0.0,16.25
ORD003054,2025-02-20 19:14:29,ST006,CUST00015,In-store,Card,Completed,17.4,0.0,1.4,0.0,18.8
ORD003055,2025-08-24 06:57:12,ST004,CUST00084,Online,Card,Completed,3.2,0.0,0.0,3.49,6.69
ORD003056,2025-10-17 03:13:07,ST002,CUST00472,In-store,Cash,Completed,36.8,0.0,0.42,0.0,37.22
ORD003057,2025-09-29 03:15:15,ST001,CUST00134,In-store,Card,Completed,17.9,0.3,0.18,0.0,17.78
ORD003058,2025-11-23 10:53:46,ST006,CUST00034,Online,Mobile Wallet,Completed,32.75,0.0,0.3,3.49,36.54
ORD003059,2025-12-13 14:33:00,ST001,CUST00223,In-store,Mobile Wallet,Completed,10.35,0.0,0.52,0.0,10.87
ORD003060,2025-12-28 03:43:43,ST004,CUST00498,In-store,Cash,Completed,52.7,0.0,6.54,0.0,59.24
ORD003061,2025-07-29 04:44:45,ST004,,In-store,Card,Completed,13.55,0.0,0.76,0.0,14.31
ORD003062,2025-03-02 05:55:09,ST006,CUST00327,In-store,Card,Completed,57.9,0.0,0.0,0.0,57.9
ORD003063,2025-05-02 11:28:17,ST004,CUST00694,In-store,Mobile Wallet,Completed,26.2,0.0,1.38,0.0,27.58
ORD003064,2025-02-09 07:11:21,ST003,CUST00335,In-store,Card,Completed,3.2,0.0,0.64,0.0,3.84
ORD003065,2025-09-11 14:26:31,ST006,CUST00743,In-store,Card,Completed,20.7,0.0,1.3,0.0,22.0
ORD003066,2025-07-15 02:01:40,ST002,CUST00759,In-store,Mobile Wallet,Completed,33.8,0.23,2.44,0.0,36.01
ORD003067,2025-09-26 04:57:51,ST005,CUST00762,In-store,Gift Card,Completed,12.75,0.0,0.37,0.0,13.12
ORD003068,2025-06-09 09:06:52,ST002,CUST00164,In-store,Card,Completed,21.8,0.0,2.6,0.0,24.4
ORD003069,2025-08-04 13:13:43,ST006,,In-store,Card,Completed,15.5,0.0,1.66,0.0,17.16
ORD003070,2025-10-28 03:54:02,ST005,CUST00500,In-store,Card,Completed,11.7,0.0,0.48,0.0,12.18
ORD003071,2025-09-11 03:02:46,ST003,CUST00607,In-store,Card,Completed,23.2,0.0,1.8,0.0,25.0
ORD003072,2025-04-12 16:29:13,ST007,,In-store,Mobile Wallet,Completed,21.7,0.0,1.34,0.0,23.04
ORD003073,2025-05-29 04:33:43,ST004,CUST00142,Click & Collect,Card,Completed,38.15,0.0,0.0,0.0,38.15
ORD003074,2025-10-29 16:25:22,ST004,CUST00404,In-store,Card,Completed,24.6,0.0,1.34,0.0,25.94
ORD003075,2025-07-03 21:19:51,ST007,,In-store,Mobile Wallet,Completed,21.0,1.44,0.0,0.0,19.56
ORD003076,2025-01-01 23:09:31,ST003,CUST00147,Click & Collect,Card,Completed,29.2,0.6,4.64,0.0,33.24
ORD003077,2025-02-18 20:58:53,ST008,,In-store,Card,Completed,14.1,0.0,1.86,0.0,15.96
ORD003078,2025-04-03 17:57:17,ST006,CUST00658,In-store,Card,Completed,49.8,0.0,9.96,0.0,59.76
ORD003079,2025-04-08 05:57:24,ST006,CUST00465,In-store,Card,Completed,47.55,0.0,3.68,0.0,51.23
ORD003080,2025-11-01 14:51:56,ST006,,In-store,Mobile Wallet,Cancelled,34.2,0.0,4.6,0.0,0.0
ORD003081,2025-11-23 22:41:11,ST007,CUST00227,In-store,Cash,Completed,35.1,0.0,4.46,0.0,39.56
ORD003082,2025-11-17 14:35:40,ST002,CUST00401,Online,Gift Card,Completed,13.9,0.0,0.64,3.49,18.03
ORD003083,2025-03-01 14:40:32,ST005,CUST00028,Online,Card,Refunded,14.95,0.0,0.36,3.49,18.8
ORD003084,2025-10-15 18:39:05,ST006,CUST00788,In-store,Card,Completed,18.0,0.0,0.54,0.0,18.54
ORD003085,2025-10-12 16:54:51,ST008,CUST00302,In-store,Card,Completed,37.8,0.0,0.8,0.0,38.6
ORD003086,2025-12-26 08:15:20,ST001,CUST00100,In-store,Cash,Completed,25.2,0.0,1.76,0.0,26.96
ORD003087,2025-07-13 14:39:30,ST007,CUST00669,In-store,Card,Refunded,22.6,0.0,2.73,0.0,25.33
ORD003088,2025-03-10 21:21:24,ST004,CUST00629,In-store,Card,Completed,10.5,0.0,0.44,0.0,10.94
ORD003089,2025-06-28 19:45:43,ST005,CUST00723,Online,Mobile Wallet,Completed,15.45,0.72,0.64,3.49,18.86
ORD003090,2025-02-24 14:24:24,ST008,CUST00317,In-store,Card,Completed,34.5,2.7,0.0,0.0,31.8
ORD003091,2025-08-13 01:08:26,ST002,CUST00192,In-store,Card,Completed,6.0,0.6,0.0,0.0,5.4
ORD003092,2025-08-21 08:11:25,ST001,CUST00790,In-store,Card,Completed,35.4,0.69,2.34,0.0,37.05
ORD003093,2025-10-26 04:45:19,ST003,CUST00628,In-store,Mobile Wallet,Completed,18.95,0.0,1.88,0.0,20.83
ORD003094,2025-09-18 09:08:00,ST004,CUST00345,Online,Card,Completed,26.2,0.3,4.02,3.49,33.41
ORD003095,2025-09-01 01:31:03,ST008,CUST00139,In-store,Card,Completed,15.0,0.3,2.22,0.0,16.92
ORD003096,2025-05-14 10:42:41,ST003,,In-store,Card,Completed,29.1,0.0,3.24,0.0,32.34
ORD003097,2025-03-23 14:24:42,ST005,CUST00450,In-store,Cash,Completed,20.95,0.0,2.24,0.0,23.19
ORD003098,2025-08-12 20:07:33,ST006,CUST00270,In-store,Card,Completed,15.7,0.0,2.22,0.0,17.92
ORD003099,2025-08-30 10:42:51,ST003,,In-store,Cash,Completed,23.8,1.44,0.0,0.0,22.36
ORD003100,2025-03-08 02:41:43,ST001,,Click & Collect,Card,Completed,37.1,0.0,4.72,0.0,41.82
ORD003101,2025-02-28 10:53:15,ST004,,Online,Card,Completed,35.6,0.33,1.5,3.49,40.26
ORD003102,2025-10-09 03:16:19,ST006,,In-store,Card,Completed,22.3,0.0,0.9,0.0,23.2
ORD003103,2025-11-22 20:29:53,ST005,CUST00051,In-store,Card,Cancelled,77.7,0.0,7.68,0.0,0.0
ORD003104,2025-05-28 17:49:56,ST008,CUST00584,In-store,Cash,Completed,36.85,0.0,3.22,0.0,40.07
ORD003105,2025-10-22 09:13:43,ST008,,In-store,Card,Completed,7.7,0.0,1.54,0.0,9.24
ORD003106,2025-11-30 16:59:56,ST005,CUST00091,Online,Mobile Wallet,Completed,6.2,0.0,0.8,3.49,10.49
ORD003107,2025-09-14 04:16:52,ST008,CUST00289,In-store,Card,Completed,25.9,0.3,1.48,0.0,27.08
ORD003108,2025-02-24 02:50:42,ST008,CUST00687,In-store,Card,Completed,18.9,0.0,0.64,0.0,19.54
ORD003109,2025-12-18 20:21:28,ST005,CUST00033,In-store,Card,Completed,29.2,0.0,0.52,0.0,29.72
ORD003110,2025-05-24 09:13:09,ST008,CUST00741,In-store,Card,Completed,18.35,0.0,0.36,0.0,18.71
ORD003111,2025-11-07 03:20:56,ST004,CUST00696,In-store,Card,Refunded,1.1,0.0,0.0,0.0,1.1
ORD003112,2025-10-12 10:43:49,ST005,,Online,Card,Completed,27.4,0.0,2.72,3.49,33.61
ORD003113,2025-04-16 19:02:55,ST006,,In-store,Card,Completed,23.5,0.0,1.44,0.0,24.94
ORD003114,2025-05-28 21:20:45,ST005,,In-store,Card,Completed,16.4,0.0,1.56,0.0,17.96
ORD003115,2025-12-01 15:54:01,ST008,,In-store,Mobile Wallet,Completed,4.8,0.0,0.0,0.0,4.8
ORD003116,2025-04-05 08:22:13,ST006,CUST00651,Click & Collect,Card,Completed,36.5,0.0,2.06,0.0,38.56
ORD003117,2025-05-29 20:48:13,ST007,CUST00362,In-store,Card,Completed,17.55,0.0,0.6,0.0,18.15
ORD003118,2025-08-24 18:31:28,ST007,CUST00589,Click & Collect,Cash,Completed,19.25,0.0,1.93,0.0,21.18
ORD003119,2025-06-21 00:23:08,ST006,CUST00768,In-store,Card,Completed,20.45,0.0,1.86,0.0,22.31
ORD003120,2025-10-04 10:59:16,ST008,,In-store,Card,Completed,18.0,0.0,0.52,0.0,18.52
ORD003121,2025-12-09 05:51:55,ST007,CUST00504,In-store,Card,Completed,12.85,0.96,2.21,0.0,14.1
ORD003122,2025-08-31 08:25:11,ST008,CUST00046,In-store,Card,Completed,6.3,0.46,0.0,0.0,5.84
ORD003123,2025-07-29 00:46:08,ST003,CUST00113,In-store,Card,Completed,3.6,0.0,0.34,0.0,3.94
ORD003124,2025-09-27 21:36:59,ST005,CUST00207,Click & Collect,Card,Completed,25.2,0.3,0.58,0.0,25.48
ORD003125,2025-10-30 00:41:57,ST007,CUST00579,Online,Card,Completed,19.5,0.0,0.71,3.49,23.7
ORD003126,2025-08-05 02:14:13,ST001,CUST00150,In-store,Cash,Completed,25.55,0.0,0.37,0.0,25.92
ORD003127,2025-08-06 21:16:11,ST005,CUST00259,Click & Collect,Card,Completed,13.1,0.0,0.86,0.0,13.96
ORD003128,2025-04-24 17:23:41,ST002,CUST00061,In-store,Card,Completed,19.4,0.0,1.57,0.0,20.97
ORD003129,2025-12-05 11:41:52,ST002,,Online,Gift Card,Completed,11.9,0.0,2.38,3.49,17.77
ORD003130,2025-12-23 06:21:51,ST003,CUST00621,In-store,Card,Completed,65.05,2.55,6.58,0.0,69.08
ORD003131,2025-03-31 00:22:24,ST005,CUST00788,Click & Collect,Cash,Completed,4.0,0.0,0.0,0.0,4.0
ORD003132,2025-08-02 08:46:36,ST002,CUST00636,In-store,Card,Completed,4.0,0.0,0.0,0.0,4.0
ORD003133,2025-12-26 11:41:49,ST007,CUST00473,In-store,Card,Completed,41.55,0.0,4.04,0.0,45.59
ORD003134,2025-11-17 12:39:33,ST007,CUST00312,Online,Cash,Completed,7.6,0.0,0.0,3.49,11.09
ORD003135,2025-11-27 19:17:25,ST007,CUST00705,In-store,Card,Completed,25.0,0.0,1.66,0.0,26.66
ORD003136,2025-05-31 10:25:37,ST002,CUST00661,In-store,Card,Completed,12.0,0.0,0.52,0.0,12.52
ORD003137,2025-07-10 23:51:05,ST001,CUST00018,In-store,Cash,Completed,15.7,0.0,1.2,0.0,16.9
ORD003138,2025-09-13 18:08:40,ST005,,In-store,Cash,Completed,21.0,0.0,0.4,0.0,21.4
ORD003139,2025-06-09 12:31:00,ST001,CUST00333,Click & Collect,Card,Completed,21.0,0.0,3.24,0.0,24.24
ORD003140,2025-02-20 07:45:47,ST003,,In-store,Card,Completed,10.8,0.45,0.72,0.0,11.07
ORD003141,2025-11-01 09:25:36,ST007,,In-store,Cash,Completed,12.0,0.0,0.0,0.0,12.0
ORD003142,2025-02-21 10:08:53,ST002,CUST00655,Click & Collect,Card,Completed,8.7,0.28,0.36,0.0,8.77
ORD003143,2025-05-31 16:49:01,ST008,CUST00284,In-store,Mobile Wallet,Completed,14.6,0.0,2.92,0.0,17.52
ORD003144,2025-12-14 06:07:58,ST002,,In-store,Card,Completed,27.6,0.0,2.24,0.0,29.84
ORD003145,2025-09-29 03:46:49,ST008,,In-store,Cash,Completed,17.25,0.0,1.4,0.0,18.65
ORD003146,2025-03-26 06:56:20,ST007,,In-store,Card,Completed,46.25,0.0,0.37,0.0,46.62
ORD003147,2025-03-29 23:07:37,ST008,CUST00716,In-store,Card,Completed,28.4,0.0,2.14,0.0,30.54
ORD003148,2025-10-13 14:04:17,ST004,CUST00367,In-store,Mobile Wallet,Completed,31.3,0.0,2.28,0.0,33.58
ORD003149,2025-10-06 10:21:25,ST005,,In-store,Card,Completed,27.1,0.0,0.0,0.0,27.1
ORD003150,2025-02-10 11:40:22,ST004,CUST00402,In-store,Card,Completed,18.5,0.0,1.72,0.0,20.22
ORD003151,2025-02-09 18:29:40,ST002,CUST00101,In-store,Card,Completed,7.2,0.0,0.0,0.0,7.2
ORD003152,2025-06-19 21:39:36,ST001,CUST00065,In-store,Card,Completed,8.3,0.0,0.8,0.0,9.1
ORD003153,2025-11-18 22:03:18,ST007,CUST00632,In-store,Card,Completed,2.2,0.0,0.0,0.0,2.2
ORD003154,2025-11-27 02:33:29,ST002,,In-store,Cash,Completed,12.8,0.0,0.64,0.0,13.44
ORD003155,2025-02-17 06:17:23,ST006,CUST00537,In-store,Card,Completed,18.95,0.9,0.0,0.0,18.05
ORD003156,2025-05-08 00:37:58,ST002,CUST00292,Click & Collect,Card,Completed,16.0,0.0,1.12,0.0,17.12
ORD003157,2025-01-27 03:59:01,ST007,CUST00096,Online,Card,Completed,47.4,0.66,0.0,0.0,46.74
ORD003158,2025-04-15 10:22:54,ST005,CUST00234,In-store,Card,Completed,4.5,0.0,0.0,0.0,4.5
ORD003159,2025-02-11 22:39:27,ST003,,Online,Mobile Wallet,Completed,42.15,0.0,5.66,0.0,47.81
ORD003160,2025-03-16 00:23:35,ST001,CUST00057,In-store,Mobile Wallet,Completed,35.4,0.0,0.76,0.0,36.16
ORD003161,2025-01-18 22:26:34,ST003,CUST00770,Click & Collect,Mobile Wallet,Completed,9.9,0.17,1.64,0.0,11.37
ORD003162,2025-11-10 00:16:40,ST004,CUST00063,In-store,Mobile Wallet,Completed,5.3,0.0,0.38,0.0,5.68
ORD003163,2025-03-05 22:08:07,ST002,,In-store,Gift Card,Completed,36.8,0.0,2.92,0.0,39.72
ORD003164,2025-02-14 16:02:07,ST004,,Online,Card,Completed,48.2,0.0,3.24,0.0,51.44
ORD003165,2025-05-24 09:44:42,ST003,CUST00508,In-store,Card,Completed,40.3,0.0,2.56,0.0,42.86
ORD003166,2025-07-30 13:07:50,ST004,,In-store,Card,Completed,30.45,0.0,1.0,0.0,31.45
ORD003167,2025-12-31 04:39:33,ST001,CUST00100,Online,Card,Completed,62.9,0.0,5.38,0.0,68.28
ORD003168,2025-02-01 21:41:22,ST002,CUST00387,Online,Card,Completed,31.9,0.0,3.34,3.49,38.73
ORD003169,2025-12-24 22:56:39,ST006,CUST00760,In-store,Cash,Completed,52.0,0.0,0.24,0.0,52.24
ORD003170,2025-03-05 22:15:13,ST002,CUST00286,In-store,Card,Completed,19.7,0.0,0.0,0.0,19.7
ORD003171,2025-07-29 20:59:04,ST006,CUST00625,In-store,Cash,Completed,24.7,0.0,0.0,0.0,24.7
ORD003172,2025-12-21 23:57:41,ST001,,In-store,Card,Completed,37.4,0.0,2.98,0.0,40.38
ORD003173,2025-01-23 13:00:35,ST003,CUST00029,Online,Card,Completed,20.05,0.38,1.82,3.49,24.98
ORD003174,2025-12-25 13:30:58,ST005,CUST00751,In-store,Mobile Wallet,Completed,36.75,0.0,1.28,0.0,38.03
ORD003175,2025-02-27 22:34:31,ST001,CUST00028,In-store,Mobile Wallet,Completed,3.2,0.0,0.0,0.0,3.2
ORD003176,2025-05-15 23:06:13,ST004,CUST00056,In-store,Card,Completed,11.3,0.0,1.85,0.0,13.15
ORD003177,2025-08-07 07:29:57,ST004,,Online,Card,Completed,30.75,0.0,3.92,3.49,38.16
ORD003178,2025-08-27 20:45:50,ST004,CUST00329,In-store,Card,Completed,8.25,0.0,1.5,0.0,9.75
ORD003179,2025-07-29 08:43:44,ST002,CUST00016,In-store,Card,Completed,19.2,0.0,0.0,0.0,19.2
ORD003180,2025-06-20 07:57:18,ST006,CUST00277,Click & Collect,Mobile Wallet,Completed,25.45,0.0,2.85,0.0,28.3
ORD003181,2025-05-08 02:43:49,ST006,,In-store,Mobile Wallet,Completed,12.2,0.0,0.0,0.0,12.2
ORD003182,2025-09-11 06:34:38,ST003,,Online,Cash,Completed,4.4,0.0,0.88,3.49,8.77
ORD003183,2025-11-18 06:37:01,ST003,CUST00799,Online,Card,Completed,28.75,0.0,2.29,3.49,34.53
ORD003184,2025-06-09 21:47:28,ST007,CUST00174,In-store,Card,Completed,4.0,0.0,0.8,0.0,4.8
ORD003185,2025-02-18 12:34:18,ST005,CUST00719,Online,Cash,Completed,30.45,0.89,0.96,3.49,34.02
ORD003186,2025-12-15 05:42:41,ST005,CUST00651,In-store,Cash,Completed,48.8,0.0,5.52,0.0,54.32
ORD003187,2025-12-16 01:05:45,ST001,CUST00676,Online,Card,Completed,47.1,0.36,5.95,0.0,52.69
ORD003188,2025-01-22 09:16:36,ST005,CUST00332,In-store,Card,Completed,44.1,0.0,3.16,0.0,47.26
ORD003189,2025-11-14 11:47:30,ST001,,Online,Card,Completed,27.75,0.0,2.16,3.49,33.4
ORD003190,2025-11-29 15:01:38,ST003,CUST00389,Click & Collect,Card,Completed,38.45,0.0,0.36,0.0,38.81
ORD003191,2025-01-09 22:08:33,ST001,CUST00361,Online,Card,Refunded,0.95,0.0,0.0,3.49,4.44
ORD003192,2025-07-03 16:02:55,ST003,CUST00593,In-store,Card,Completed,28.3,0.6,1.3,0.0,29.0
ORD003193,2025-01-20 00:37:14,ST003,CUST00271,In-store,Card,Cancelled,25.0,0.0,2.36,0.0,0.0
ORD003194,2025-05-23 15:06:26,ST004,CUST00522,In-store,Card,Completed,29.5,0.0,3.66,0.0,33.16
ORD003195,2025-06-26 15:10:20,ST005,CUST00358,In-store,Cash,Completed,32.2,0.0,2.16,0.0,34.36
ORD003196,2025-05-16 11:40:19,ST003,CUST00219,Click & Collect,Card,Completed,35.85,0.0,1.62,0.0,37.47
ORD003197,2025-03-24 19:46:45,ST002,CUST00553,In-store,Mobile Wallet,Completed,12.65,0.0,1.56,0.0,14.21
ORD003198,2025-03-18 06:39:28,ST005,CUST00103,In-store,Card,Completed,28.6,0.0,1.74,0.0,30.34
ORD003199,2025-01-23 17:06:56,ST002,CUST00529,In-store,Cash,Completed,4.8,0.0,0.96,0.0,5.76
ORD003200,2025-08-24 11:41:09,ST002,CUST00194,In-store,Card,Completed,18.9,0.48,0.0,0.0,18.42
ORD003201,2025-08-14 16:44:22,ST002,CUST00654,In-store,Card,Completed,15.1,0.0,0.0,0.0,15.1
ORD003202,2025-12-19 15:45:57,ST007,CUST00745,Online,Card,Cancelled,24.95,0.0,1.98,3.49,0.0
ORD003203,2025-06-30 21:06:17,ST006,,Click & Collect,Mobile Wallet,Completed,31.3,0.0,2.28,0.0,33.58
ORD003204,2025-08-26 19:48:39,ST006,CUST00773,In-store,Card,Completed,9.6,0.0,1.44,0.0,11.04
ORD003205,2025-07-09 18:33:08,ST001,CUST00150,In-store,Mobile Wallet,Completed,8.75,0.0,1.02,0.0,9.77
ORD003206,2025-10-28 06:57:09,ST001,CUST00532,In-store,Mobile Wallet,Completed,3.8,0.0,0.76,0.0,4.56
ORD003207,2025-12-11 22:27:30,ST005,,In-store,Card,Completed,28.0,0.24,1.91,0.0,29.67
ORD003208,2025-10-11 16:54:48,ST008,CUST00786,In-store,Card,Completed,23.15,0.0,1.42,0.0,24.57
ORD003209,2025-01-31 23:41:52,ST006,,In-store,Card,Completed,21.75,0.3,0.0,0.0,21.45
ORD003210,2025-05-01 02:32:26,ST007,CUST00075,In-store,Card,Completed,13.15,0.0,1.7,0.0,14.85
ORD003211,2025-12-28 22:00:51,ST004,CUST00200,In-store,Card,Completed,22.6,0.0,0.86,0.0,23.46
ORD003212,2025-08-18 00:13:41,ST007,CUST00270,In-store,Card,Completed,7.5,0.0,0.42,0.0,7.92
ORD003213,2025-06-29 12:26:01,ST008,CUST00354,Click & Collect,Card,Completed,25.2,0.0,0.36,0.0,25.56
ORD003214,2025-01-24 16:45:14,ST006,CUST00386,In-store,Card,Completed,40.45,0.09,0.36,0.0,40.72
ORD003215,2025-03-19 10:57:05,ST004,,In-store,Card,Completed,21.75,0.0,1.04,0.0,22.79
ORD003216,2025-09-21 05:13:15,ST001,CUST00173,In-store,Cash,Completed,5.65,0.0,0.0,0.0,5.65
ORD003217,2025-08-02 06:05:48,ST003,CUST00759,Online,Card,Completed,13.6,0.0,1.28,3.49,18.37
ORD003218,2025-04-01 23:23:31,ST004,CUST00157,Click & Collect,Cash,Completed,24.8,0.0,1.42,0.0,26.22
ORD003219,2025-04-27 19:18:13,ST005,,In-store,Mobile Wallet,Completed,15.35,0.0,1.87,0.0,17.22
ORD003220,2025-03-02 02:41:42,ST002,CUST00135,In-store,Mobile Wallet,Completed,16.65,0.0,1.2,0.0,17.85
ORD003221,2025-08-20 14:26:33,ST006,CUST00333,In-store,Card,Completed,22.45,0.0,0.0,0.0,22.45
ORD003222,2025-09-04 22:07:05,ST004,,In-store,Cash,Completed,17.65,0.0,2.72,0.0,20.37
ORD003223,2025-03-31 15:19:45,ST007,CUST00096,In-store,Cash,Completed,22.2,0.0,3.12,0.0,25.32
ORD003224,2025-03-04 11:24:55,ST007,CUST00462,In-store,Card,Completed,20.5,0.0,1.5,0.0,22.0
ORD003225,2025-08-29 11:08:08,ST003,CUST00351,In-store,Card,Completed,67.2,2.2,4.3,0.0,69.3
ORD003226,2025-01-12 09:05:06,ST002,CUST00631,In-store,Card,Completed,35.0,0.0,4.96,0.0,39.96
ORD003227,2025-03-02 09:17:56,ST002,CUST00167,In-store,Card,Completed,33.8,0.0,2.96,0.0,36.76
ORD003228,2025-06-14 06:50:54,ST005,,In-store,Card,Completed,49.2,0.83,6.98,0.0,55.35
ORD003229,2025-04-22 17:12:32,ST002,CUST00271,In-store,Card,Completed,37.35,0.0,1.2,0.0,38.55
ORD003230,2025-10-05 05:36:27,ST006,,In-store,Mobile Wallet,Completed,17.2,0.0,0.0,0.0,17.2
ORD003231,2025-08-07 06:51:39,ST006,,Online,Cash,Completed,12.3,0.0,0.0,3.49,15.79
ORD003232,2025-05-07 20:50:08,ST007,CUST00375,In-store,Card,Completed,15.2,0.0,0.0,0.0,15.2
ORD003233,2025-08-09 01:09:04,ST004,CUST00632,In-store,Card,Completed,27.95,2.16,0.0,0.0,25.79
ORD003234,2025-01-20 19:39:42,ST001,CUST00008,In-store,Cash,Completed,8.55,0.12,0.0,0.0,8.43
ORD003235,2025-03-04 19:47:50,ST004,CUST00769,Click & Collect,Card,Completed,22.85,0.0,1.18,0.0,24.03
ORD003236,2025-02-04 09:19:41,ST006,CUST00387,In-store,Card,Completed,3.95,0.32,0.0,0.0,3.64
ORD003237,2025-07-04 06:47:27,ST001,CUST00691,Online,Card,Completed,20.7,0.46,2.84,3.49,26.57
ORD003238,2025-07-18 12:54:02,ST007,CUST00169,In-store,Cash,Completed,5.5,0.0,0.36,0.0,5.86
ORD003239,2025-10-27 06:56:18,ST004,,Click & Collect,Card,Completed,57.05,0.0,3.8,0.0,60.85
ORD003240,2025-01-27 10:39:56,ST003,CUST00109,In-store,Card,Completed,31.7,0.2,3.76,0.0,35.26
ORD003241,2025-11-27 03:57:41,ST004,CUST00363,Online,Gift Card,Completed,36.4,0.0,1.2,3.49,41.09
ORD003242,2025-09-09 23:17:40,ST004,CUST00227,In-store,Mobile Wallet,Completed,20.7,0.9,1.24,0.0,21.04
ORD003243,2025-10-03 02:18:20,ST004,,In-store,Card,Completed,8.4,0.0,0.0,0.0,8.4
ORD003244,2025-03-09 06:11:42,ST002,,In-store,Card,Completed,14.3,0.0,1.42,0.0,15.72
ORD003245,2025-12-27 10:22:39,ST001,CUST00463,In-store,Card,Completed,18.55,0.0,3.25,0.0,21.8
ORD003246,2025-05-03 19:27:28,ST003,CUST00169,In-store,Card,Completed,47.1,0.0,0.0,0.0,47.1
ORD003247,2025-06-05 16:10:03,ST007,,In-store,Card,Completed,2.6,0.0,0.0,0.0,2.6
ORD003248,2025-04-20 11:49:01,ST006,CUST00101,In-store,Mobile Wallet,Completed,29.5,0.0,1.58,0.0,31.08
ORD003249,2025-11-03 21:45:16,ST004,CUST00743,In-store,Card,Completed,26.9,0.0,3.86,0.0,30.76
ORD003250,2025-05-21 10:29:00,ST004,,In-store,Cash,Completed,13.45,0.0,0.4,0.0,13.85
ORD003251,2025-12-27 12:32:19,ST007,CUST00730,In-store,Card,Completed,4.0,0.0,0.0,0.0,4.0
ORD003252,2025-02-10 01:59:50,ST001,,In-store,Card,Completed,43.85,0.0,0.0,0.0,43.85
ORD003253,2025-06-29 15:07:47,ST007,CUST00745,Click & Collect,Card,Completed,3.25,0.0,0.0,0.0,3.25
ORD003254,2025-10-11 17:38:32,ST008,,In-store,Card,Completed,21.8,0.0,1.36,0.0,23.16
ORD003255,2025-01-07 18:32:59,ST004,CUST00682,In-store,Card,Completed,23.75,0.0,0.44,0.0,24.19
ORD003256,2025-03-23 19:16:07,ST002,CUST00039,In-store,Card,Completed,6.0,0.0,1.2,0.0,7.2
ORD003257,2025-04-23 14:27:29,ST006,CUST00729,In-store,Card,Completed,5.55,0.0,1.11,0.0,6.66
ORD003258,2025-09-29 05:00:46,ST006,,Click & Collect,Card,Completed,13.7,0.0,0.4,0.0,14.1
ORD003259,2025-07-19 15:38:56,ST006,CUST00183,Online,Card,Completed,18.0,0.0,0.3,3.49,21.79
ORD003260,2025-09-06 12:05:56,ST005,CUST00576,In-store,Card,Completed,8.4,0.0,0.52,0.0,8.92
ORD003261,2025-05-21 19:40:45,ST002,CUST00412,In-store,Card,Completed,15.85,0.0,0.0,0.0,15.85
ORD003262,2025-08-30 03:06:57,ST004,CUST00066,In-store,Mobile Wallet,Completed,1.8,0.0,0.0,0.0,1.8
ORD003263,2025-04-29 05:30:42,ST003,,In-store,Card,Completed,17.2,0.0,1.04,0.0,18.24
ORD003264,2025-01-17 07:38:10,ST002,CUST00337,In-store,Cash,Completed,17.3,0.17,2.36,0.0,19.49
ORD003265,2025-01-20 18:56:09,ST007,CUST00273,Online,Gift Card,Completed,6.4,0.0,0.52,3.49,10.41
ORD003266,2025-10-24 05:22:51,ST003,CUST00784,Online,Card,Completed,0.95,0.0,0.0,3.49,4.44
ORD003267,2025-12-08 16:31:29,ST004,CUST00428,In-store,Card,Completed,25.0,0.0,0.96,0.0,25.96
ORD003268,2025-01-19 00:59:55,ST004,CUST00344,In-store,Card,Completed,10.95,0.09,0.0,0.0,10.86
ORD003269,2025-12-17 01:18:45,ST005,,In-store,Card,Completed,35.9,0.0,3.04,0.0,38.94
ORD003270,2025-07-29 13:38:59,ST002,CUST00046,In-store,Card,Completed,36.7,0.0,3.62,0.0,40.32
ORD003271,2025-12-13 21:34:58,ST004,CUST00049,Online,Card,Completed,30.8,0.3,4.3,3.49,38.29
ORD003272,2025-10-10 10:07:41,ST004,,Online,Card,Completed,0.95,0.0,0.0,3.49,4.44
ORD003273,2025-02-20 05:05:26,ST006,CUST00677,In-store,Cash,Completed,13.8,0.0,0.0,0.0,13.8
ORD003274,2025-03-21 02:52:43,ST002,CUST00029,In-store,Cash,Completed,13.3,0.0,0.3,0.0,13.6
ORD003275,2025-06-14 08:41:06,ST006,CUST00260,In-store,Card,Completed,22.5,0.0,0.0,0.0,22.5
ORD003276,2025-11-14 23:21:33,ST005,CUST00117,Click & Collect,Card,Completed,20.0,0.0,0.72,0.0,20.72
ORD003277,2025-11-25 20:46:42,ST002,CUST00548,In-store,Cash,Completed,46.6,0.0,6.34,0.0,52.94
ORD003278,2025-12-30 06:55:33,ST006,,Online,Card,Completed,52.0,0.0,3.7,0.0,55.7
ORD003279,2025-10-16 20:28:35,ST002,CUST00325,Online,Mobile Wallet,Completed,43.45,0.0,1.68,0.0,45.13
ORD003280,2025-06-13 05:35:12,ST001,CUST00397,In-store,Card,Completed,34.75,0.0,4.4,0.0,39.15
ORD003281,2025-11-03 01:58:51,ST005,CUST00282,Online,Card,Completed,20.2,0.0,1.44,3.49,25.13
ORD003282,2025-08-05 16:01:58,ST005,CUST00155,Click & Collect,Card,Completed,41.8,0.0,6.02,0.0,47.82
ORD003283,2025-02-17 21:23:22,ST001,,In-store,Cash,Completed,10.6,1.14,0.0,0.0,9.46
ORD003284,2025-03-07 15:52:18,ST001,CUST00408,In-store,Card,Refunded,4.25,0.0,0.37,0.0,4.62
ORD003285,2025-08-03 08:12:29,ST002,,Online,Cash,Completed,33.55,1.8,1.7,3.49,36.94
ORD003286,2025-08-28 04:10:49,ST001,,In-store,Card,Completed,11.4,0.0,2.04,0.0,13.44
ORD003287,2025-06-29 23:32:20,ST001,,In-store,Card,Completed,33.05,2.4,1.26,0.0,31.91
ORD003288,2025-05-31 05:45:50,ST002,CUST00463,Click & Collect,Mobile Wallet,Completed,24.95,0.0,0.0,0.0,24.95
ORD003289,2025-03-16 01:21:50,ST002,CUST00734,In-store,Card,Completed,12.95,0.0,0.37,0.0,13.32
ORD003290,2025-01-31 11:53:21,ST001,CUST00678,In-store,Card,Completed,30.8,0.0,5.04,0.0,35.84
ORD003291,2025-12-15 18:42:37,ST002,CUST00733,In-store,Card,Completed,43.5,0.0,4.92,0.0,48.42
ORD003292,2025-10-28 17:02:41,ST002,CUST00725,Online,Card,Completed,15.2,0.0,0.0,3.49,18.69
ORD003293,2025-08-28 18:16:32,ST001,CUST00176,Click & Collect,Card,Completed,32.2,0.0,0.76,0.0,32.96
ORD003294,2025-08-31 13:35:51,ST001,CUST00028,Click & Collect,Mobile Wallet,Completed,43.5,0.0,5.96,0.0,49.46
ORD003295,2025-08-20 12:32:05,ST001,CUST00412,Online,Cash,Completed,29.2,0.0,3.18,3.49,35.87
ORD003296,2025-11-09 16:33:25,ST004,CUST00572,In-store,Card,Completed,19.25,0.0,1.26,0.0,20.51
ORD003297,2025-03-05 16:33:49,ST003,CUST00231,In-store,Cash,Completed,30.0,0.0,4.32,0.0,34.32
ORD003298,2025-10-21 19:53:06,ST002,,Online,Card,Completed,6.1,0.0,0.0,3.49,9.59
ORD003299,2025-06-29 18:22:28,ST002,,In-store,Gift Card,Completed,27.1,0.0,1.02,0.0,28.12
ORD003300,2025-06-11 17:36:31,ST007,CUST00204,In-store,Cash,Completed,47.1,0.0,5.5,0.0,52.6
ORD003301,2025-09-12 17:43:27,ST002,CUST00701,In-store,Card,Completed,11.1,0.3,0.48,0.0,11.28
ORD003302,2025-05-20 01:56:16,ST008,CUST00264,In-store,Cash,Completed,1.2,0.0,0.24,0.0,1.44
ORD003303,2025-01-16 21:44:26,ST006,CUST00108,In-store,Card,Completed,19.8,0.12,3.28,0.0,22.96
ORD003304,2025-01-28 04:43:08,ST005,CUST00233,In-store,Card,Completed,2.6,0.0,0.52,0.0,3.12
ORD003305,2025-06-03 04:00:33,ST007,CUST00705,In-store,Gift Card,Completed,33.25,0.0,3.74,0.0,36.99
ORD003306,2025-04-13 23:40:41,ST007,CUST00508,Online,Cash,Completed,17.9,0.14,0.94,3.49,22.19
ORD003307,2025-05-17 15:45:38,ST001,CUST00681,Online,Card,Completed,23.55,0.0,1.04,3.49,28.08
ORD003308,2025-05-05 12:36:37,ST007,CUST00176,In-store,Card,Completed,78.8,0.0,7.04,0.0,85.84
ORD003309,2025-12-11 11:21:05,ST006,CUST00538,In-store,Mobile Wallet,Completed,4.8,0.0,0.24,0.0,5.04
ORD003310,2025-07-31 22:34:01,ST003,CUST00337,Online,Cash,Completed,22.7,0.0,2.64,3.49,28.83
ORD003311,2025-06-21 14:06:25,ST002,CUST00711,In-store,Cash,Completed,38.0,0.0,1.68,0.0,39.68
ORD003312,2025-05-30 17:18:00,ST003,CUST00576,In-store,Card,Completed,50.8,0.0,7.5,0.0,58.3
ORD003313,2025-08-10 17:37:17,ST008,CUST00242,In-store,Card,Completed,32.5,0.0,5.54,0.0,38.04
ORD003314,2025-11-16 06:29:39,ST001,CUST00076,Click & Collect,Card,Completed,90.2,0.0,6.56,0.0,96.76
ORD003315,2025-01-10 00:19:32,ST006,CUST00011,In-store,Cash,Completed,13.9,0.62,0.0,0.0,13.28
ORD003316,2025-06-13 13:25:36,ST006,CUST00184,Online,Mobile Wallet,Completed,20.85,0.0,0.36,3.49,24.7
ORD003317,2025-08-09 11:06:10,ST001,CUST00185,In-store,Card,Completed,24.1,0.0,1.48,0.0,25.58
ORD003318,2025-01-18 07:16:48,ST006,CUST00129,In-store,Cash,Completed,3.2,0.0,0.0,0.0,3.2
ORD003319,2025-07-06 07:51:32,ST002,CUST00232,In-store,Card,Completed,26.65,0.46,2.17,0.0,28.36
ORD003320,2025-09-18 11:34:43,ST005,,Click & Collect,Cash,Completed,4.0,0.0,0.36,0.0,4.36
ORD003321,2025-05-20 18:06:33,ST002,CUST00164,Click & Collect,Gift Card,Completed,40.85,0.0,2.64,0.0,43.49
ORD003322,2025-07-15 12:13:34,ST007,,In-store,Card,Completed,9.6,0.0,1.92,0.0,11.52
ORD003323,2025-08-27 06:36:15,ST005,,In-store,Card,Completed,76.9,0.0,4.68,0.0,81.58
ORD003324,2025-10-28 14:41:01,ST004,CUST00193,Online,Card,Completed,2.2,0.0,0.0,3.49,5.69
ORD003325,2025-10-10 04:31:04,ST003,CUST00538,In-store,Card,Completed,7.8,0.0,1.56,0.0,9.36
ORD003326,2025-05-07 09:14:06,ST005,CUST00064,In-store,Cash,Cancelled,31.0,0.0,0.0,0.0,0.0
ORD003327,2025-11-09 02:51:41,ST007,CUST00074,Click & Collect,Card,Completed,45.35,0.0,1.54,0.0,46.89
ORD003328,2025-05-20 21:18:59,ST003,CUST00362,In-store,Cash,Completed,7.6,0.0,0.0,0.0,7.6
ORD003329,2025-03-24 17:06:18,ST002,CUST00120,Online,Card,Completed,47.5,0.0,2.6,0.0,50.1
ORD003330,2025-03-05 08:56:59,ST005,CUST00369,In-store,Card,Completed,21.9,0.0,1.98,0.0,23.88
ORD003331,2025-09-29 07:22:19,ST004,CUST00772,In-store,Mobile Wallet,Completed,17.5,0.0,0.96,0.0,18.46
ORD003332,2025-03-09 22:35:59,ST002,,In-store,Card,Completed,14.7,0.0,1.18,0.0,15.88
ORD003333,2025-03-07 13:15:58,ST006,CUST00704,In-store,Card,Completed,20.55,0.0,3.33,0.0,23.88
ORD003334,2025-09-07 13:08:55,ST005,,In-store,Card,Completed,52.25,0.0,7.22,0.0,59.47
ORD003335,2025-10-10 12:31:39,ST004,CUST00253,In-store,Card,Completed,24.4,0.0,1.66,0.0,26.06
ORD003336,2025-10-24 23:58:46,ST004,,In-store,Cash,Completed,23.1,0.0,2.14,0.0,25.24
ORD003337,2025-08-18 14:29:11,ST006,CUST00795,Click & Collect,Mobile Wallet,Completed,16.1,0.0,2.92,0.0,19.02
ORD003338,2025-04-17 08:36:34,ST004,CUST00236,In-store,Cash,Completed,32.8,0.0,4.4,0.0,37.2
ORD003339,2025-02-13 08:14:04,ST005,CUST00064,In-store,Card,Completed,29.4,0.0,3.64,0.0,33.04
ORD003340,2025-07-30 07:35:13,ST008,CUST00651,Online,Cash,Completed,26.9,0.0,2.16,3.49,32.55
ORD003341,2025-08-22 16:44:14,ST002,,In-store,Card,Completed,26.0,0.0,1.16,0.0,27.16
ORD003342,2025-12-12 14:09:46,ST005,CUST00510,In-store,Card,Completed,36.8,0.48,2.4,0.0,38.72
ORD003343,2025-02-28 12:57:30,ST008,CUST00487,In-store,Cash,Completed,8.9,0.0,0.38,0.0,9.28
ORD003344,2025-03-04 07:28:53,ST005,CUST00465,Online,Gift Card,Completed,46.9,0.0,2.4,0.0,49.3
ORD003345,2025-07-24 13:47:50,ST007,CUST00146,In-store,Mobile Wallet,Completed,31.15,0.0,2.34,0.0,33.49
ORD003346,2025-07-24 08:28:54,ST004,CUST00271,In-store,Mobile Wallet,Completed,32.0,0.0,3.52,0.0,35.52
ORD003347,2025-12-16 19:30:20,ST007,,Online,Card,Completed,15.75,0.0,0.8,3.49,20.04
ORD003348,2025-11-04 17:35:36,ST007,,In-store,Card,Completed,14.3,0.0,1.7,0.0,16.0
ORD003349,2025-02-27 09:52:43,ST004,CUST00058,In-store,Card,Completed,20.75,0.0,2.39,0.0,23.14
ORD003350,2025-05-12 16:25:55,ST008,CUST00101,In-store,Cash,Completed,14.05,0.0,1.54,0.0,15.59
ORD003351,2025-12-01 17:59:04,ST006,CUST00762,In-store,Card,Refunded,12.5,0.0,0.0,0.0,12.5
ORD003352,2025-08-26 10:46:37,ST006,,Online,Card,Completed,10.85,0.0,1.8,3.49,16.14
ORD003353,2025-01-31 18:19:24,ST005,CUST00277,In-store,Card,Cancelled,18.75,0.0,0.18,0.0,0.0
ORD003354,2025-04-15 22:34:19,ST001,,In-store,Card,Completed,26.8,2.76,0.0,0.0,24.04
ORD003355,2025-03-30 01:13:28,ST002,CUST00007,In-store,Card,Completed,9.25,0.0,0.6,0.0,9.85
ORD003356,2025-06-19 15:00:24,ST005,CUST00100,Online,Card,Completed,68.45,0.62,0.42,0.0,68.25
ORD003357,2025-07-04 08:03:35,ST001,CUST00474,In-store,Mobile Wallet,Completed,12.15,0.0,0.0,0.0,12.15
ORD003358,2025-03-27 06:24:54,ST006,,Online,Mobile Wallet,Completed,83.15,0.0,9.56,0.0,92.71
ORD003359,2025-04-24 15:54:10,ST008,,In-store,Card,Completed,53.65,0.0,4.68,0.0,58.33
ORD003360,2025-10-16 03:22:30,ST006,CUST00752,In-store,Card,Refunded,43.85,0.0,1.5,0.0,45.35
ORD003361,2025-05-14 12:59:04,ST004,CUST00526,In-store,Mobile Wallet,Completed,1.5,0.0,0.3,0.0,1.8
ORD003362,2025-07-25 11:28:28,ST007,CUST00785,In-store,Card,Completed,26.5,0.0,3.88,0.0,30.38
ORD003363,2025-04-28 05:46:48,ST002,,In-store,Card,Completed,30.15,0.0,2.42,0.0,32.57
ORD003364,2025-01-21 00:59:26,ST007,,In-store,Gift Card,Completed,21.85,0.0,0.0,0.0,21.85
ORD003365,2025-07-25 03:57:54,ST007,CUST00163,In-store,Mobile Wallet,Completed,36.9,0.0,2.32,0.0,39.22
ORD003366,2025-11-01 23:57:41,ST006,CUST00501,In-store,Mobile Wallet,Completed,42.35,0.0,3.66,0.0,46.01
ORD003367,2025-01-10 06:38:38,ST004,CUST00554,In-store,Cash,Completed,10.7,0.0,0.34,0.0,11.04
ORD003368,2025-07-26 18:21:25,ST002,,In-store,Card,Completed,31.85,0.0,4.94,0.0,36.79
ORD003369,2025-08-21 20:12:59,ST005,,In-store,Cash,Completed,18.2,0.0,0.0,0.0,18.2
ORD003370,2025-03-13 16:59:10,ST008,CUST00557,Online,Mobile Wallet,Completed,24.85,0.0,2.97,3.49,31.31
ORD003371,2025-12-30 20:03:25,ST006,CUST00352,In-store,Card,Completed,13.65,0.0,0.3,0.0,13.95
ORD003372,2025-11-15 01:05:22,ST007,CUST00634,In-store,Cash,Completed,30.65,0.0,0.42,0.0,31.07
ORD003373,2025-01-03 18:24:56,ST007,CUST00755,Online,Mobile Wallet,Completed,51.8,0.0,5.08,0.0,56.88
ORD003374,2025-11-06 18:41:38,ST002,CUST00681,In-store,Gift Card,Completed,7.2,0.0,0.0,0.0,7.2
ORD003375,2025-06-26 22:01:18,ST006,CUST00692,In-store,Card,Completed,16.75,0.0,0.84,0.0,17.59
ORD003376,2025-04-21 02:28:00,ST004,CUST00109,Click & Collect,Card,Completed,4.9,0.0,0.0,0.0,4.9
ORD003377,2025-12-12 07:55:51,ST007,CUST00656,In-store,Mobile Wallet,Completed,36.05,0.0,1.72,0.0,37.77
ORD003378,2025-04-06 12:11:09,ST005,,In-store,Mobile Wallet,Completed,19.0,0.0,0.0,0.0,19.0
ORD003379,2025-02-07 19:36:53,ST005,CUST00249,Online,Card,Completed,34.7,0.0,1.3,3.49,39.49
ORD003380,2025-02-13 00:31:21,ST001,CUST00402,Click & Collect,Card,Cancelled,23.2,0.0,0.0,0.0,0.0
ORD003381,2025-07-14 21:39:07,ST006,CUST00526,In-store,Card,Completed,18.55,0.0,0.0,0.0,18.55
ORD003382,2025-03-23 21:03:34,ST008,CUST00350,In-store,Card,Completed,11.8,0.0,2.36,0.0,14.16
ORD003383,2025-03-19 19:24:07,ST005,CUST00454,In-store,Card,Completed,28.2,0.0,0.52,0.0,28.72
ORD003384,2025-04-11 10:13:39,ST003,CUST00657,Click & Collect,Card,Completed,18.6,0.43,0.0,0.0,18.17
ORD003385,2025-08-18 05:21:09,ST002,CUST00791,In-store,Mobile Wallet,Completed,23.7,0.0,2.34,0.0,26.04
ORD003386,2025-05-03 02:52:13,ST007,CUST00556,In-store,Card,Completed,14.0,0.0,0.42,0.0,14.42
ORD003387,2025-03-29 01:59:36,ST006,CUST00626,Click & Collect,Card,Completed,13.1,0.0,0.0,0.0,13.1
ORD003388,2025-02-19 19:07:46,ST007,CUST00029,In-store,Card,Completed,7.0,0.0,1.4,0.0,8.4
ORD003389,2025-09-28 12:20:50,ST005,CUST00285,In-store,Card,Completed,18.3,0.0,0.0,0.0,18.3
ORD003390,2025-05-05 17:00:06,ST003,CUST00695,In-store,Cash,Completed,31.2,0.0,1.48,0.0,32.68
ORD003391,2025-08-05 11:14:46,ST005,CUST00393,Online,Card,Completed,53.8,1.24,2.08,0.0,54.64
ORD003392,2025-01-19 00:41:21,ST002,,In-store,Card,Completed,35.6,0.0,0.64,0.0,36.24
ORD003393,2025-02-07 13:29:41,ST002,,In-store,Card,Completed,7.0,0.0,0.0,0.0,7.0
ORD003394,2025-01-02 21:56:50,ST002,CUST00031,Click & Collect,Card,Completed,52.25,0.0,1.88,0.0,54.13
ORD003395,2025-05-08 06:29:48,ST008,CUST00372,In-store,Card,Completed,19.7,0.0,0.0,0.0,19.7
ORD003396,2025-05-17 16:00:42,ST004,CUST00229,In-store,Mobile Wallet,Completed,17.75,0.0,0.0,0.0,17.75
ORD003397,2025-10-11 21:36:48,ST003,CUST00269,In-store,Cash,Completed,11.5,0.0,1.7,0.0,13.2
ORD003398,2025-07-23 14:18:48,ST002,CUST00559,In-store,Cash,Completed,33.85,1.15,0.0,0.0,32.7
ORD003399,2025-04-17 21:08:07,ST003,CUST00553,In-store,Card,Completed,10.0,0.0,2.0,0.0,12.0
ORD003400,2025-03-13 04:10:05,ST006,CUST00262,In-store,Cash,Completed,9.2,0.0,1.22,0.0,10.42
ORD003401,2025-04-03 08:55:59,ST003,CUST00520,In-store,Card,Completed,19.1,0.94,0.38,0.0,18.54
ORD003402,2025-04-04 15:13:30,ST005,,In-store,Card,Completed,10.4,0.0,0.8,0.0,11.2
ORD003403,2025-03-15 13:38:18,ST002,CUST00387,Online,Card,Completed,26.45,0.0,1.3,3.49,31.24
ORD003404,2025-01-16 09:49:52,ST006,,Online,Card,Completed,5.5,0.0,0.0,3.49,8.99
ORD003405,2025-10-06 13:53:06,ST001,,In-store,Mobile Wallet,Completed,2.75,0.0,0.0,0.0,2.75
ORD003406,2025-12-04 20:47:31,ST005,CUST00463,In-store,Card,Completed,14.4,0.0,0.0,0.0,14.4
ORD003407,2025-06-08 10:25:19,ST007,CUST00179,In-store,Card,Completed,7.6,0.0,0.0,0.0,7.6
ORD003408,2025-12-24 17:17:15,ST008,CUST00151,In-store,Card,Completed,11.5,0.0,0.36,0.0,11.86
ORD003409,2025-04-28 03:54:06,ST008,CUST00242,In-store,Card,Completed,14.0,0.0,0.0,0.0,14.0
ORD003410,2025-08-26 10:50:56,ST003,CUST00058,In-store,Card,Completed,23.3,0.0,1.64,0.0,24.94
ORD003411,2025-06-18 07:47:05,ST001,CUST00409,In-store,Card,Completed,20.7,0.0,2.56,0.0,23.26
ORD003412,2025-03-04 10:42:05,ST008,CUST00249,In-store,Card,Completed,5.9,0.0,0.54,0.0,6.44
ORD003413,2025-06-30 23:16:55,ST005,,Online,Cash,Completed,66.0,0.0,1.14,0.0,67.14
ORD003414,2025-04-21 18:26:45,ST004,CUST00370,In-store,Card,Completed,22.55,0.0,2.49,0.0,25.04
ORD003415,2025-10-23 08:01:18,ST002,CUST00544,In-store,Card,Completed,34.2,0.0,2.3,0.0,36.5
ORD003416,2025-11-12 09:08:49,ST007,,In-store,Card,Completed,32.1,0.0,1.26,0.0,33.36
ORD003417,2025-01-28 21:16:28,ST002,CUST00231,In-store,Cash,Completed,18.6,0.0,0.6,0.0,19.2
ORD003418,2025-05-25 09:52:45,ST008,CUST00300,Online,Card,Completed,23.5,0.0,0.0,3.49,26.99
ORD003419,2025-03-09 20:42:36,ST002,CUST00590,In-store,Cash,Completed,14.65,0.0,1.28,0.0,15.93
ORD003420,2025-02-03 01:59:13,ST008,CUST00404,In-store,Card,Completed,26.9,0.0,3.9,0.0,30.8
ORD003421,2025-07-18 02:18:21,ST007,CUST00142,In-store,Cash,Completed,53.55,0.0,0.0,0.0,53.55
ORD003422,2025-05-04 17:11:29,ST007,,In-store,Card,Completed,26.8,0.0,0.72,0.0,27.52
ORD003423,2025-01-24 19:54:56,ST002,CUST00519,Online,Mobile Wallet,Completed,44.4,0.0,0.0,0.0,44.4
ORD003424,2025-07-08 14:38:10,ST007,,In-store,Card,Completed,13.5,0.0,0.96,0.0,14.46
ORD003425,2025-06-07 21:33:56,ST006,,In-store,Mobile Wallet,Completed,34.8,1.1,3.32,0.0,37.02
ORD003426,2025-08-10 17:00:46,ST002,,In-store,Cash,Completed,2.6,0.0,0.52,0.0,3.12
ORD003427,2025-03-31 00:56:21,ST007,CUST00165,Click & Collect,Card,Completed,10.15,0.0,0.0,0.0,10.15
ORD003428,2025-08-28 03:13:41,ST003,CUST00053,In-store,Mobile Wallet,Completed,26.0,0.0,5.2,0.0,31.2
ORD003429,2025-11-13 16:22:32,ST001,CUST00308,In-store,Mobile Wallet,Completed,19.7,0.0,1.82,0.0,21.52
ORD003430,2025-10-14 21:56:08,ST006,CUST00203,In-store,Mobile Wallet,Completed,24.1,0.0,0.0,0.0,24.1
ORD003431,2025-01-28 07:14:41,ST006,CUST00392,In-store,Card,Completed,26.6,0.11,0.0,0.0,26.49
ORD003432,2025-08-01 23:06:05,ST008,CUST00475,Click & Collect,Card,Completed,32.05,0.6,1.48,0.0,32.93
ORD003433,2025-05-13 11:37:13,ST001,CUST00282,In-store,Card,Completed,18.7,0.0,2.48,0.0,21.18
ORD003434,2025-03-05 15:04:25,ST008,,Online,Card,Completed,34.7,0.0,1.46,3.49,39.65
ORD003435,2025-09-20 08:04:40,ST008,CUST00764,Click & Collect,Card,Completed,14.8,0.3,1.32,0.0,15.82
ORD003436,2025-05-03 11:05:25,ST006,CUST00446,In-store,Card,Completed,2.1,0.0,0.0,0.0,2.1
ORD003437,2025-03-11 03:27:05,ST002,,In-store,Card,Completed,6.0,0.0,1.2,0.0,7.2
ORD003438,2025-02-04 17:47:00,ST001,CUST00129,In-store,Card,Completed,4.6,0.0,0.0,0.0,4.6
ORD003439,2025-02-27 20:33:33,ST001,CUST00658,In-store,Mobile Wallet,Completed,31.3,0.9,1.22,0.0,31.62
ORD003440,2025-09-18 11:31:34,ST004,,In-store,Cash,Completed,29.7,0.6,1.13,0.0,30.23
ORD003441,2025-04-07 13:19:18,ST007,CUST00169,In-store,Card,Completed,23.15,0.43,2.21,0.0,24.93
ORD003442,2025-04-26 14:32:41,ST006,CUST00044,Online,Card,Completed,36.2,0.0,5.76,3.49,45.45
ORD003443,2025-04-22 02:12:26,ST007,CUST00556,In-store,Cash,Refunded,0.95,0.0,0.0,0.0,0.95
ORD003444,2025-08-15 01:12:40,ST005,,In-store,Mobile Wallet,Completed,7.05,0.0,0.0,0.0,7.05
ORD003445,2025-03-04 18:41:01,ST002,,Click & Collect,Card,Completed,45.05,0.0,5.11,0.0,50.16
ORD003446,2025-09-02 08:12:38,ST006,CUST00388,In-store,Card,Completed,21.55,0.0,1.55,0.0,23.1
ORD003447,2025-07-10 20:37:45,ST006,,In-store,Cash,Cancelled,50.5,0.0,6.08,0.0,0.0
ORD003448,2025-01-15 04:48:31,ST002,CUST00361,In-store,Card,Completed,32.6,1.34,1.38,0.0,32.64
ORD003449,2025-09-06 10:52:15,ST005,,In-store,Card,Completed,11.0,0.0,0.37,0.0,11.37
ORD003450,2025-03-13 12:52:50,ST004,CUST00312,In-store,Card,Completed,2.2,0.0,0.0,0.0,2.2
ORD003451,2025-06-20 06:09:57,ST001,CUST00034,Click & Collect,Card,Completed,50.6,0.0,1.62,0.0,52.22
ORD003452,2025-12-07 18:21:46,ST002,,In-store,Cash,Completed,6.0,0.0,0.0,0.0,6.0
ORD003453,2025-11-24 10:27:05,ST004,,In-store,Card,Completed,16.2,0.0,0.36,0.0,16.56
ORD003454,2025-11-05 05:07:58,ST002,CUST00180,Online,Card,Completed,60.7,0.0,3.28,0.0,63.98
ORD003455,2025-04-17 20:04:25,ST006,CUST00138,In-store,Mobile Wallet,Completed,19.35,0.0,1.22,0.0,20.57
ORD003456,2025-07-28 10:20:00,ST005,CUST00405,In-store,Card,Completed,2.4,0.0,0.0,0.0,2.4
ORD003457,2025-12-07 09:05:58,ST003,CUST00656,Click & Collect,Card,Completed,8.4,0.0,0.4,0.0,8.8
ORD003458,2025-12-18 14:29:54,ST007,,In-store,Card,Completed,23.5,0.0,1.44,0.0,24.94
ORD003459,2025-10-15 17:18:09,ST008,CUST00188,In-store,Cash,Completed,23.0,0.0,1.28,0.0,24.28
ORD003460,2025-05-23 21:45:16,ST008,CUST00652,In-store,Card,Completed,26.3,0.0,1.28,0.0,27.58
ORD003461,2025-06-14 03:09:14,ST003,,In-store,Mobile Wallet,Completed,22.65,0.0,0.0,0.0,22.65
ORD003462,2025-06-03 23:28:55,ST006,CUST00451,In-store,Card,Completed,12.4,1.24,0.0,0.0,11.16
ORD003463,2025-10-30 01:54:37,ST004,CUST00663,In-store,Cash,Completed,43.35,0.0,1.51,0.0,44.86
ORD003464,2025-01-02 09:34:07,ST008,CUST00230,In-store,Card,Completed,51.0,0.0,4.16,0.0,55.16
ORD003465,2025-05-10 07:53:49,ST002,,In-store,Card,Completed,25.15,0.0,0.0,0.0,25.15
ORD003466,2025-11-21 11:04:02,ST001,CUST00413,In-store,Card,Completed,8.15,0.0,1.08,0.0,9.23
ORD003467,2025-11-18 19:57:43,ST008,CUST00302,In-store,Card,Completed,19.4,0.0,0.0,0.0,19.4
ORD003468,2025-11-15 03:23:01,ST008,CUST00591,In-store,Card,Completed,15.7,0.0,0.36,0.0,16.06
ORD003469,2025-05-16 07:03:46,ST003,CUST00003,In-store,Card,Completed,13.2,0.0,0.96,0.0,14.16
ORD003470,2025-03-18 01:56:01,ST004,CUST00107,Click & Collect,Mobile Wallet,Completed,7.2,0.0,0.48,0.0,7.68
ORD003471,2025-03-25 01:51:13,ST008,CUST00112,In-store,Card,Cancelled,37.05,0.0,1.52,0.0,0.0
ORD003472,2025-05-30 05:20:55,ST002,CUST00340,In-store,Card,Completed,4.8,0.0,0.0,0.0,4.8
ORD003473,2025-03-12 19:20:48,ST002,CUST00408,In-store,Card,Completed,23.8,0.0,3.86,0.0,27.66
ORD003474,2025-12-09 11:07:10,ST004,,Online,Card,Completed,11.25,0.0,1.02,3.49,15.76
ORD003475,2025-08-09 15:55:48,ST007,,In-store,Mobile Wallet,Completed,9.65,0.0,1.02,0.0,10.67
ORD003476,2025-10-18 02:17:59,ST008,CUST00376,Click & Collect,Card,Completed,17.55,0.0,0.0,0.0,17.55
ORD003477,2025-05-24 18:27:23,ST001,CUST00197,Click & Collect,Card,Completed,21.8,0.0,2.4,0.0,24.2
ORD003478,2025-03-08 13:00:54,ST008,CUST00311,In-store,Card,Completed,26.9,0.0,4.68,0.0,31.58
ORD003479,2025-08-29 16:58:16,ST006,CUST00742,In-store,Card,Refunded,30.1,0.0,0.0,0.0,30.1
ORD003480,2025-11-21 14:57:54,ST002,,In-store,Card,Completed,14.2,0.0,1.52,0.0,15.72
ORD003481,2025-08-06 22:09:29,ST005,CUST00289,Online,Cash,Completed,26.55,0.0,2.81,3.49,32.85
ORD003482,2025-06-19 07:08:25,ST005,CUST00736,Click & Collect,Card,Completed,51.55,3.09,1.26,0.0,49.72
ORD003483,2025-02-17 08:07:12,ST003,,In-store,Mobile Wallet,Completed,3.2,0.0,0.0,0.0,3.2
ORD003484,2025-09-10 08:16:11,ST006,,Online,Card,Completed,14.7,0.0,0.0,3.49,18.19
ORD003485,2025-08-08 11:21:16,ST002,CUST00466,In-store,Mobile Wallet,Completed,17.45,0.0,0.0,0.0,17.45
ORD003486,2025-05-08 20:02:09,ST001,,Online,Card,Completed,29.3,0.0,0.0,3.49,32.79
ORD003487,2025-07-16 16:43:26,ST003,,Click & Collect,Card,Completed,79.45,0.0,3.46,0.0,82.91
ORD003488,2025-12-31 06:57:00,ST006,CUST00701,Online,Cash,Completed,15.1,0.0,0.4,3.49,18.99
ORD003489,2025-05-23 01:15:08,ST008,CUST00063,In-store,Card,Completed,9.7,0.0,1.94,0.0,11.64
ORD003490,2025-12-17 10:56:23,ST005,,In-store,Mobile Wallet,Completed,47.0,0.0,0.68,0.0,47.68
ORD003491,2025-12-15 19:35:00,ST004,CUST00343,Online,Cash,Completed,6.95,0.0,1.2,3.49,11.64
ORD003492,2025-10-01 21:49:46,ST006,CUST00465,Click & Collect,Cash,Completed,3.3,0.0,0.0,0.0,3.3
ORD003493,2025-07-04 07:32:23,ST001,,In-store,Card,Completed,31.3,2.16,0.52,0.0,29.66
ORD003494,2025-08-29 10:24:31,ST001,CUST00281,Online,Card,Completed,4.8,0.0,0.6,3.49,8.89
ORD003495,2025-09-27 18:02:40,ST006,CUST00351,Click & Collect,Mobile Wallet,Completed,11.4,0.0,2.06,0.0,13.46
ORD003496,2025-06-28 22:11:37,ST008,CUST00364,Online,Card,Completed,8.0,0.0,1.6,3.49,13.09
ORD003497,2025-05-03 03:43:24,ST002,CUST00747,Online,Cash,Completed,1.5,0.0,0.0,3.49,4.99
ORD003498,2025-12-16 00:58:31,ST006,,In-store,Card,Completed,32.4,0.0,3.28,0.0,35.68
ORD003499,2025-08-04 16:30:12,ST001,CUST00648,Click & Collect,Card,Completed,5.2,0.0,0.34,0.0,5.54
ORD003500,2025-07-30 05:12:57,ST002,CUST00683,In-store,Card,Completed,9.6,0.0,1.28,0.0,10.88
ORD003501,2025-01-03 22:10:48,ST007,CUST00586,In-store,Card,Completed,4.35,0.28,0.0,0.0,4.07
ORD003502,2025-09-04 23:29:22,ST002,CUST00264,In-store,Card,Completed,30.3,0.0,3.12,0.0,33.42
ORD003503,2025-02-26 09:34:10,ST003,,In-store,Card,Completed,5.4,0.0,1.08,0.0,6.48
ORD003504,2025-08-02 16:07:28,ST002,,Click & Collect,Card,Completed,34.45,0.46,3.14,0.0,37.13
ORD003505,2025-03-22 08:46:39,ST001,CUST00288,In-store,Card,Completed,44.1,0.0,3.06,0.0,47.16
ORD003506,2025-02-10 22:57:29,ST008,CUST00149,In-store,Card,Completed,5.7,0.0,0.34,0.0,6.04
ORD003507,2025-09-01 21:30:20,ST001,CUST00747,In-store,Card,Completed,17.0,0.0,2.92,0.0,19.92
ORD003508,2025-06-12 20:27:23,ST008,CUST00664,In-store,Cash,Completed,39.9,0.0,1.6,0.0,41.5
ORD003509,2025-02-06 20:48:15,ST004,,Online,Card,Completed,38.7,0.0,0.0,3.49,42.19
ORD003510,2025-09-08 14:17:10,ST002,CUST00697,Online,Card,Completed,6.0,0.0,0.0,3.49,9.49
ORD003511,2025-07-19 04:00:37,ST003,CUST00786,In-store,Card,Completed,26.5,0.48,2.98,0.0,29.0
ORD003512,2025-07-08 18:13:50,ST008,,In-store,Card,Completed,27.7,0.0,5.12,0.0,32.82
ORD003513,2025-12-12 09:44:42,ST007,,In-store,Card,Completed,14.9,0.0,0.8,0.0,15.7
ORD003514,2025-02-03 03:50:38,ST002,CUST00760,In-store,Card,Completed,18.85,0.63,0.0,0.0,18.22
ORD003515,2025-09-11 22:53:17,ST006,,In-store,Mobile Wallet,Completed,23.1,0.6,1.32,0.0,23.82
ORD003516,2025-04-19 21:50:22,ST004,,In-store,Card,Completed,22.4,0.0,2.56,0.0,24.96
ORD003517,2025-10-24 04:33:48,ST001,CUST00031,In-store,Card,Completed,6.0,0.0,1.2,0.0,7.2
ORD003518,2025-02-22 01:41:08,ST005,,In-store,Card,Completed,24.5,0.0,0.64,0.0,25.14
ORD003519,2025-12-28 15:38:40,ST004,CUST00598,Online,Cash,Completed,17.4,0.0,1.5,3.49,22.39
ORD003520,2025-01-14 05:23:41,ST005,CUST00728,In-store,Card,Completed,13.2,0.0,1.04,0.0,14.24
ORD003521,2025-01-15 20:15:37,ST003,CUST00194,In-store,Card,Completed,17.3,0.0,0.84,0.0,18.14
ORD003522,2025-11-14 17:15:18,ST006,CUST00653,In-store,Card,Completed,17.1,0.0,1.6,0.0,18.7
ORD003523,2025-07-19 19:43:19,ST002,CUST00728,In-store,Mobile Wallet,Completed,17.4,0.6,1.04,0.0,17.84
ORD003524,2025-10-06 21:56:34,ST006,,Online,Card,Completed,18.15,0.0,0.64,3.49,22.28
ORD003525,2025-11-03 12:04:09,ST004,CUST00367,In-store,Cash,Completed,21.4,0.0,0.72,0.0,22.12
ORD003526,2025-01-24 08:03:32,ST006,,In-store,Card,Completed,21.55,0.44,0.88,0.0,21.99
ORD003527,2025-06-30 22:03:15,ST008,,Click & Collect,Card,Completed,20.65,0.0,0.0,0.0,20.65
ORD003528,2025-10-12 09:31:41,ST004,,In-store,Card,Completed,16.3,0.0,1.04,0.0,17.34
ORD003529,2025-08-15 21:44:22,ST002,CUST00447,In-store,Cash,Completed,11.5,0.0,0.0,0.0,11.5
ORD003530,2025-02-14 04:54:23,ST004,CUST00134,Click & Collect,Cash,Completed,38.6,0.45,0.9,0.0,39.05
ORD003531,2025-12-05 07:30:39,ST007,CUST00159,In-store,Card,Completed,34.75,0.0,0.34,0.0,35.09
ORD003532,2025-07-30 11:12:06,ST003,CUST00536,In-store,Mobile Wallet,Completed,16.05,0.0,0.94,0.0,16.99
ORD003533,2025-10-14 04:51:53,ST006,CUST00676,Online,Card,Completed,31.1,0.0,0.38,3.49,34.97
ORD003534,2025-03-18 21:47:31,ST003,,In-store,Card,Completed,6.65,0.0,0.76,0.0,7.41
ORD003535,2025-09-15 22:12:53,ST003,CUST00705,In-store,Card,Completed,21.4,1.5,2.6,0.0,22.5
ORD003536,2025-12-26 21:25:59,ST002,CUST00156,Online,Card,Completed,11.4,0.0,1.04,3.49,15.93
ORD003537,2025-06-10 08:41:34,ST005,CUST00357,In-store,Card,Completed,5.2,0.0,0.0,0.0,5.2
ORD003538,2025-08-15 11:36:24,ST004,,Click & Collect,Card,Completed,23.75,0.0,1.92,0.0,25.67
ORD003539,2025-12-16 05:00:04,ST007,CUST00427,In-store,Mobile Wallet,Completed,34.25,0.0,1.28,0.0,35.53
ORD003540,2025-08-13 14:38:53,ST004,CUST00084,Online,Card,Completed,19.0,0.0,0.0,3.49,22.49
ORD003541,2025-12-19 04:36:38,ST002,CUST00523,In-store,Mobile Wallet,Completed,22.7,0.0,0.0,0.0,22.7
ORD003542,2025-05-23 09:34:58,ST001,CUST00038,Online,Card,Completed,67.5,0.0,2.18,0.0,69.68
ORD003543,2025-02-01 13:00:22,ST004,CUST00494,In-store,Card,Completed,5.45,0.49,0.24,0.0,5.2
ORD003544,2025-06-24 13:54:08,ST007,CUST00608,In-store,Card,Completed,35.6,0.0,2.78,0.0,38.38
ORD003545,2025-06-15 23:15:41,ST001,,In-store,Mobile Wallet,Completed,58.2,0.0,5.36,0.0,63.56
ORD003546,2025-11-14 01:55:37,ST001,CUST00605,In-store,Card,Completed,14.6,0.0,2.92,0.0,17.52
ORD003547,2025-08-05 21:53:39,ST001,,In-store,Card,Completed,25.35,0.0,1.38,0.0,26.73
ORD003548,2025-08-06 04:48:46,ST006,CUST00299,In-store,Card,Completed,18.8,0.0,2.86,0.0,21.66
ORD003549,2025-06-07 23:49:20,ST008,CUST00692,In-store,Mobile Wallet,Completed,3.2,0.0,0.64,0.0,3.84
ORD003550,2025-03-19 14:01:47,ST003,CUST00238,In-store,Mobile Wallet,Completed,51.0,0.0,1.56,0.0,52.56
ORD003551,2025-11-16 21:10:18,ST004,CUST00018,In-store,Card,Completed,7.3,0.0,1.08,0.0,8.38
ORD003552,2025-12-20 04:22:17,ST003,,In-store,Card,Completed,27.95,0.0,2.42,0.0,30.37
ORD003553,2025-09-09 06:47:47,ST001,CUST00070,Online,Cash,Completed,8.4,0.0,0.36,3.49,12.25
ORD003554,2025-10-10 04:32:40,ST002,CUST00010,In-store,Card,Completed,52.1,0.0,2.74,0.0,54.84
ORD003555,2025-04-15 20:42:40,ST007,CUST00514,In-store,Card,Completed,18.0,0.0,0.52,0.0,18.52
ORD003556,2025-05-30 14:59:54,ST008,CUST00522,In-store,Card,Completed,28.8,0.0,0.0,0.0,28.8
ORD003557,2025-12-22 20:56:31,ST003,CUST00073,In-store,Cash,Completed,4.0,0.0,0.0,0.0,4.0
ORD003558,2025-10-27 23:28:08,ST008,CUST00152,Online,Cash,Completed,10.2,0.0,1.28,3.49,14.97
ORD003559,2025-04-12 08:52:44,ST002,CUST00418,Online,Card,Completed,34.8,0.0,0.72,3.49,39.01
ORD003560,2025-12-21 18:29:02,ST008,,Click & Collect,Mobile Wallet,Completed,3.3,0.0,0.0,0.0,3.3
ORD003561,2025-08-25 10:19:32,ST005,,Online,Card,Completed,20.9,0.0,2.92,3.49,27.31
ORD003562,2025-11-05 09:56:56,ST001,CUST00572,In-store,Card,Completed,5.1,0.0,0.3,0.0,5.4
ORD003563,2025-09-25 23:10:23,ST007,CUST00792,In-store,Card,Completed,44.1,0.6,4.52,0.0,48.02
ORD003564,2025-04-01 02:14:24,ST004,CUST00302,In-store,Card,Completed,25.6,1.25,1.86,0.0,26.21
ORD003565,2025-08-29 02:31:01,ST006,CUST00276,Online,Card,Completed,12.25,0.0,1.28,3.49,17.02
ORD003566,2025-08-29 21:41:23,ST001,CUST00162,Online,Card,Completed,10.2,0.0,1.08,3.49,14.77
ORD003567,2025-06-21 10:09:46,ST002,CUST00759,In-store,Card,Completed,32.65,0.48,2.84,0.0,35.01
ORD003568,2025-07-18 03:45:32,ST003,CUST00299,Online,Card,Completed,13.6,0.0,1.04,3.49,18.13
ORD003569,2025-04-02 06:38:02,ST002,CUST00045,In-store,Card,Completed,3.95,0.0,0.6,0.0,4.55
ORD003570,2025-02-16 09:53:37,ST006,CUST00523,In-store,Card,Completed,25.45,0.0,0.37,0.0,25.82
ORD003571,2025-01-18 16:39:03,ST008,,Click & Collect,Mobile Wallet,Completed,16.7,0.0,1.14,0.0,17.84
ORD003572,2025-05-04 23:13:12,ST005,CUST00445,In-store,Cash,Completed,30.45,0.0,4.89,0.0,35.34
ORD003573,2025-02-23 22:38:46,ST003,,In-store,Cash,Completed,27.3,0.45,1.02,0.0,27.87
ORD003574,2025-03-04 18:31:21,ST001,,In-store,Card,Completed,23.8,0.0,2.14,0.0,25.94
ORD003575,2025-05-30 02:30:18,ST003,,Online,Cash,Completed,44.75,0.0,1.56,0.0,46.31
ORD003576,2025-06-13 01:51:23,ST006,,In-store,Card,Completed,15.8,0.0,2.04,0.0,17.84
ORD003577,2025-01-31 04:25:02,ST008,,In-store,Card,Completed,26.1,0.96,2.6,0.0,27.74
ORD003578,2025-10-09 23:24:15,ST003,,In-store,Card,Completed,36.15,0.0,0.76,0.0,36.91
ORD003579,2025-05-05 21:11:12,ST008,CUST00606,Click & Collect,Card,Completed,13.0,0.0,2.6,0.0,15.6
ORD003580,2025-12-13 12:41:20,ST003,CUST00504,In-store,Cash,Completed,22.0,0.72,2.74,0.0,24.02
ORD003581,2025-06-09 15:31:46,ST005,CUST00787,In-store,Card,Completed,16.0,0.0,0.72,0.0,16.72
ORD003582,2025-11-24 03:23:18,ST002,CUST00623,In-store,Card,Completed,20.45,0.0,0.24,0.0,20.69
ORD003583,2025-06-18 07:51:35,ST005,CUST00531,In-store,Card,Completed,49.2,1.44,3.86,0.0,51.62
ORD003584,2025-09-04 20:17:45,ST008,CUST00274,In-store,Card,Completed,13.2,0.0,0.0,0.0,13.2
ORD003585,2025-04-22 22:59:55,ST003,CUST00317,In-store,Card,Completed,1.85,0.0,0.0,0.0,1.85
ORD003586,2025-12-08 16:43:25,ST007,CUST00574,In-store,Card,Completed,28.2,0.0,5.32,0.0,33.52
ORD003587,2025-09-20 13:23:15,ST001,CUST00341,In-store,Card,Cancelled,11.8,0.0,0.3,0.0,0.0
ORD003588,2025-04-01 13:17:54,ST005,CUST00725,Online,Card,Completed,9.7,0.0,1.56,3.49,14.75
ORD003589,2025-03-07 23:36:16,ST004,CUST00128,In-store,Card,Completed,2.6,0.0,0.52,0.0,3.12
ORD003590,2025-01-01 03:30:13,ST003,CUST00733,In-store,Card,Refunded,11.0,0.0,0.0,0.0,11.0
ORD003591,2025-09-15 14:42:28,ST004,CUST00686,In-store,Card,Completed,14.15,0.0,0.6,0.0,14.75
ORD003592,2025-09-23 16:16:27,ST007,CUST00309,In-store,Cash,Completed,7.05,0.0,0.4,0.0,7.45
ORD003593,2025-05-20 08:29:28,ST004,CUST00395,Online,Card,Completed,17.05,0.0,0.36,3.49,20.9
ORD003594,2025-12-31 19:31:46,ST008,CUST00691,In-store,Gift Card,Refunded,41.5,0.0,1.68,0.0,43.18
ORD003595,2025-11-02 03:37:28,ST003,,In-store,Mobile Wallet,Completed,22.5,0.0,1.88,0.0,24.38
ORD003596,2025-03-18 11:19:25,ST007,CUST00299,In-store,Card,Completed,23.4,0.0,0.9,0.0,24.3
ORD003597,2025-07-12 04:28:08,ST004,CUST00160,In-store,Gift Card,Completed,33.4,0.0,3.16,0.0,36.56
ORD003598,2025-07-19 10:29:18,ST008,CUST00745,In-store,Card,Completed,29.9,0.0,4.88,0.0,34.78
ORD003599,2025-05-14 22:02:51,ST005,CUST00750,Click & Collect,Card,Completed,20.45,0.0,0.6,0.0,21.05
ORD003600,2025-07-16 08:56:01,ST008,CUST00169,In-store,Card,Completed,34.8,0.0,3.8,0.0,38.6
ORD003601,2025-03-12 12:06:05,ST003,,In-store,Card,Completed,14.8,0.0,0.3,0.0,15.1
ORD003602,2025-09-07 15:02:15,ST001,,Click & Collect,Card,Completed,21.55,0.0,1.11,0.0,22.66
ORD003603,2025-03-17 05:27:28,ST004,CUST00295,In-store,Cash,Completed,9.7,0.0,0.6,0.0,10.3
ORD003604,2025-02-10 11:04:33,ST002,CUST00265,Click & Collect,Mobile Wallet,Completed,3.6,0.0,0.72,0.0,4.32
ORD003605,2025-04-20 14:08:11,ST006,CUST00098,Online,Card,Completed,11.1,0.0,1.02,3.49,15.61
ORD003606,2025-11-13 23:05:57,ST007,,In-store,Card,Completed,26.2,0.0,4.44,0.0,30.64
ORD003607,2025-11-10 21:39:20,ST007,CUST00250,Online,Mobile Wallet,Completed,24.7,0.0,1.78,3.49,29.97
ORD003608,2025-04-23 00:13:47,ST004,CUST00717,In-store,Card,Completed,30.5,0.0,1.98,0.0,32.48
ORD003609,2025-01-19 00:34:35,ST003,CUST00752,In-store,Card,Completed,33.6,0.12,2.46,0.0,35.94
ORD003610,2025-09-23 18:23:49,ST006,CUST00403,In-store,Card,Completed,11.95,0.9,1.78,0.0,12.83
ORD003611,2025-12-14 02:21:34,ST001,CUST00419,Click & Collect,Cash,Completed,51.75,1.91,9.6,0.0,59.44
ORD003612,2025-04-21 15:25:46,ST001,,In-store,Card,Completed,39.8,0.43,1.68,0.0,41.05
ORD003613,2025-05-17 06:31:45,ST007,CUST00554,In-store,Cash,Completed,38.25,0.0,1.04,0.0,39.29
ORD003614,2025-01-25 13:32:05,ST007,CUST00513,In-store,Card,Completed,8.6,0.0,0.52,0.0,9.12
ORD003615,2025-04-14 21:48:10,ST006,CUST00552,Click & Collect,Mobile Wallet,Completed,22.8,0.0,2.12,0.0,24.92
ORD003616,2025-08-16 17:17:37,ST004,CUST00269,In-store,Card,Completed,11.7,0.0,0.0,0.0,11.7
ORD003617,2025-01-24 20:14:52,ST001,CUST00097,In-store,Mobile Wallet,Completed,60.95,2.75,3.6,0.0,61.8
ORD003618,2025-12-19 20:23:58,ST002,CUST00382,In-store,Card,Completed,11.0,0.24,0.55,0.0,11.31
ORD003619,2025-04-20 20:43:11,ST007,CUST00272,In-store,Cash,Completed,13.4,0.0,0.0,0.0,13.4
ORD003620,2025-08-22 09:10:03,ST004,,In-store,Card,Completed,2.75,0.0,0.0,0.0,2.75
ORD003621,2025-12-14 11:46:28,ST004,,In-store,Card,Completed,50.0,0.0,3.32,0.0,53.32
ORD003622,2025-09-08 04:35:53,ST004,,Online,Gift Card,Completed,10.4,0.0,1.84,3.49,15.73
ORD003623,2025-05-17 20:56:36,ST006,CUST00692,In-store,Cash,Completed,31.1,0.0,2.48,0.0,33.58
ORD003624,2025-03-20 01:42:58,ST005,CUST00262,Online,Cash,Completed,5.5,0.0,0.36,3.49,9.35
ORD003625,2025-02-27 07:04:05,ST004,CUST00328,In-store,Card,Completed,49.9,0.0,2.87,0.0,52.77
ORD003626,2025-09-11 07:54:16,ST003,,In-store,Card,Cancelled,37.4,0.9,3.44,0.0,0.0
ORD003627,2025-01-30 12:29:40,ST005,,In-store,Cash,Completed,18.2,0.6,0.0,0.0,17.6
ORD003628,2025-06-02 12:39:56,ST008,CUST00780,In-store,Mobile Wallet,Completed,18.3,0.0,1.1,0.0,19.4
ORD003629,2025-05-14 13:27:39,ST002,CUST00436,In-store,Card,Completed,15.5,0.0,0.96,0.0,16.46
ORD003630,2025-02-28 06:00:50,ST002,,Click & Collect,Card,Completed,19.9,1.35,1.3,0.0,19.85
ORD003631,2025-05-31 09:16:17,ST005,,Online,Card,Completed,44.85,0.0,4.16,0.0,49.01
ORD003632,2025-08-18 13:01:27,ST004,CUST00509,Online,Card,Completed,5.5,0.0,0.0,3.49,8.99
ORD003633,2025-04-07 12:15:25,ST003,,In-store,Card,Completed,19.3,0.66,0.0,0.0,18.64
ORD003634,2025-03-08 14:28:20,ST006,CUST00731,In-store,Card,Completed,35.9,0.0,5.62,0.0,41.52
ORD003635,2025-07-06 01:22:13,ST002,,Click & Collect,Mobile Wallet,Completed,2.55,0.0,0.0,0.0,2.55
ORD003636,2025-11-09 22:17:00,ST002,CUST00658,Click & Collect,Mobile Wallet,Completed,27.4,0.0,0.64,0.0,28.04
ORD003637,2025-01-23 16:19:15,ST006,CUST00037,In-store,Card,Completed,18.1,0.0,0.92,0.0,19.02
ORD003638,2025-08-09 16:04:12,ST007,CUST00057,Online,Cash,Completed,57.0,3.23,2.08,0.0,55.85
ORD003639,2025-01-31 08:46:37,ST007,,Online,Card,Completed,1.8,0.0,0.36,3.49,5.65
ORD003640,2025-11-06 03:50:31,ST003,CUST00527,In-store,Card,Refunded,7.2,0.0,0.0,0.0,7.2
ORD003641,2025-05-03 03:14:45,ST002,CUST00681,In-store,Card,Completed,34.3,0.0,3.48,0.0,37.78
ORD003642,2025-06-25 15:32:12,ST001,,In-store,Cash,Completed,32.3,0.0,0.0,0.0,32.3
ORD003643,2025-03-02 15:25:20,ST002,,In-store,Mobile Wallet,Completed,33.25,0.0,1.11,0.0,34.36
ORD003644,2025-06-30 04:22:06,ST008,CUST00180,Click & Collect,Mobile Wallet,Completed,53.85,0.0,2.94,0.0,56.79
ORD003645,2025-07-14 06:22:11,ST005,CUST00449,Click & Collect,Cash,Completed,17.95,0.0,1.29,0.0,19.24
ORD003646,2025-01-06 07:15:37,ST001,,In-store,Card,Completed,26.25,0.0,2.12,0.0,28.37
ORD003647,2025-07-20 06:47:50,ST002,CUST00029,In-store,Card,Completed,14.95,0.0,0.0,0.0,14.95
ORD003648,2025-12-06 05:39:10,ST008,CUST00057,In-store,Card,Completed,41.3,1.56,6.29,0.0,46.03
ORD003649,2025-01-28 06:01:32,ST008,CUST00241,Online,Card,Completed,10.3,0.0,0.52,3.49,14.31
ORD003650,2025-12-26 06:18:20,ST005,CUST00056,In-store,Card,Completed,15.4,0.0,1.02,0.0,16.42
ORD003651,2025-02-07 14:52:11,ST002,,In-store,Cash,Completed,26.6,1.5,1.28,0.0,26.38
ORD003652,2025-01-28 09:23:35,ST005,CUST00425,In-store,Mobile Wallet,Completed,0.9,0.0,0.18,0.0,1.08
ORD003653,2025-11-24 13:35:59,ST006,CUST00719,In-store,Mobile Wallet,Cancelled,15.4,0.0,1.04,0.0,0.0
ORD003654,2025-06-12 19:20:58,ST004,CUST00681,In-store,Card,Completed,27.3,0.0,0.24,0.0,27.54
ORD003655,2025-10-29 00:06:50,ST003,,In-store,Card,Completed,8.65,0.0,0.6,0.0,9.25
ORD003656,2025-01-16 21:30:09,ST001,CUST00791,Online,Card,Completed,21.85,0.72,0.0,3.49,24.62
ORD003657,2025-03-14 07:06:54,ST007,CUST00225,Online,Card,Completed,20.7,0.0,2.04,3.49,26.23
ORD003658,2025-02-04 05:02:46,ST006,,Click & Collect,Card,Completed,16.9,0.32,1.44,0.0,18.02
ORD003659,2025-06-11 02:57:26,ST002,CUST00340,In-store,Cash,Completed,12.6,0.48,0.68,0.0,12.8
ORD003660,2025-05-08 04:58:53,ST002,CUST00327,In-store,Card,Completed,15.4,0.0,2.62,0.0,18.02
ORD003661,2025-11-03 22:28:45,ST005,CUST00284,In-store,Card,Completed,20.55,0.0,0.82,0.0,21.37
ORD003662,2025-10-09 04:29:55,ST007,,Online,Card,Completed,27.75,0.0,2.6,3.49,33.84
ORD003663,2025-08-06 01:06:34,ST003,CUST00121,In-store,Card,Completed,25.9,0.0,3.5,0.0,29.4
ORD003664,2025-09-14 18:41:48,ST008,,Online,Cash,Completed,11.95,0.0,0.64,3.49,16.08
ORD003665,2025-04-28 02:29:18,ST007,CUST00425,Online,Card,Completed,21.15,0.0,1.54,3.49,26.18
ORD003666,2025-07-09 16:18:51,ST001,CUST00776,In-store,Gift Card,Completed,20.6,0.0,0.6,0.0,21.2
ORD003667,2025-12-12 09:46:57,ST003,,In-store,Cash,Completed,42.8,0.48,2.46,0.0,44.78
ORD003668,2025-12-13 20:23:05,ST007,CUST00262,In-store,Card,Completed,3.2,0.0,0.0,0.0,3.2
ORD003669,2025-06-29 05:21:10,ST007,,Online,Cash,Completed,24.8,0.0,4.48,3.49,32.77
ORD003670,2025-09-07 05:00:02,ST003,CUST00492,Online,Card,Completed,26.0,0.0,1.28,3.49,30.77
ORD003671,2025-06-16 10:48:50,ST008,CUST00739,Click & Collect,Card,Completed,24.1,0.72,0.64,0.0,24.02
ORD003672,2025-10-07 17:46:26,ST007,CUST00389,In-store,Card,Completed,51.15,0.0,8.04,0.0,59.19
ORD003673,2025-05-02 23:50:13,ST002,,In-store,Card,Completed,24.9,0.0,1.2,0.0,26.1
ORD003674,2025-10-16 17:53:35,ST005,CUST00203,In-store,Mobile Wallet,Completed,15.5,0.0,0.6,0.0,16.1
ORD003675,2025-11-28 05:20:16,ST006,CUST00015,Online,Card,Completed,18.7,0.0,1.34,3.49,23.53
ORD003676,2025-06-25 16:22:27,ST001,,In-store,Card,Completed,31.8,0.0,5.16,0.0,36.96
ORD003677,2025-09-19 16:33:26,ST002,CUST00514,In-store,Mobile Wallet,Completed,56.75,0.0,1.88,0.0,58.63
ORD003678,2025-03-22 10:28:44,ST003,,In-store,Card,Completed,13.4,0.0,1.2,0.0,14.6
ORD003679,2025-04-04 15:37:40,ST005,CUST00183,In-store,Card,Completed,50.5,0.0,2.82,0.0,53.32
ORD003680,2025-10-01 03:06:25,ST008,,In-store,Card,Completed,41.15,0.0,0.55,0.0,41.7
ORD003681,2025-04-04 17:55:49,ST004,CUST00521,Click & Collect,Card,Completed,49.25,0.0,1.11,0.0,50.36
ORD003682,2025-05-08 21:51:49,ST001,CUST00715,In-store,Card,Completed,29.4,0.0,1.64,0.0,31.04
ORD003683,2025-01-19 06:38:52,ST001,CUST00243,In-store,Card,Completed,23.65,0.64,1.76,0.0,24.77
ORD003684,2025-07-22 00:00:28,ST002,,Online,Card,Cancelled,4.15,0.0,0.0,3.49,0.0
ORD003685,2025-01-30 18:42:49,ST002,CUST00443,In-store,Card,Completed,15.95,0.17,0.44,0.0,16.22
ORD003686,2025-08-16 01:31:33,ST002,,In-store,Card,Refunded,10.65,0.0,1.94,0.0,12.59
ORD003687,2025-07-24 05:42:20,ST008,CUST00306,In-store,Cash,Completed,16.45,0.0,3.1,0.0,19.55
ORD003688,2025-01-21 07:16:43,ST008,,In-store,Card,Completed,1.2,0.0,0.24,0.0,1.44
ORD003689,2025-01-26 21:39:09,ST003,,In-store,Card,Completed,12.8,0.24,2.08,0.0,14.64
ORD003690,2025-04-21 13:46:08,ST006,CUST00007,Click & Collect,Card,Completed,23.0,1.82,0.0,0.0,21.18
ORD003691,2025-05-13 18:27:25,ST005,,Online,Card,Completed,20.8,0.0,3.72,3.49,28.01
ORD003692,2025-11-02 19:37:41,ST001,CUST00189,Online,Cash,Completed,36.7,0.0,4.16,3.49,44.35
ORD003693,2025-12-03 16:47:26,ST008,CUST00603,Online,Card,Completed,13.4,0.0,1.8,3.49,18.69
ORD003694,2025-04-07 09:37:25,ST002,,Online,Card,Completed,53.4,0.46,2.4,0.0,55.34
ORD003695,2025-01-01 21:38:49,ST006,CUST00101,Online,Card,Completed,8.5,0.3,0.0,3.49,11.69
ORD003696,2025-07-26 08:14:26,ST006,CUST00088,In-store,Card,Completed,45.65,0.72,1.32,0.0,46.25
ORD003697,2025-01-09 01:58:06,ST002,CUST00778,Online,Card,Completed,35.7,0.44,0.64,3.49,39.39
ORD003698,2025-10-27 11:02:45,ST003,CUST00205,Click & Collect,Card,Completed,28.4,0.0,3.24,0.0,31.64
ORD003699,2025-07-16 10:01:50,ST002,CUST00122,In-store,Cash,Refunded,1.5,0.0,0.3,0.0,1.8
ORD003700,2025-06-11 04:41:32,ST006,CUST00780,Online,Cash,Completed,30.3,0.0,1.08,3.49,34.87
ORD003701,2025-07-08 03:26:53,ST005,CUST00669,In-store,Mobile Wallet,Completed,41.5,0.0,3.6,0.0,45.1
ORD003702,2025-03-12 04:04:02,ST006,CUST00523,In-store,Card,Completed,1.5,0.0,0.3,0.0,1.8
ORD003703,2025-09-15 17:23:07,ST002,CUST00127,In-store,Card,Completed,49.8,0.3,5.34,0.0,54.84
ORD003704,2025-11-13 17:19:34,ST001,CUST00071,In-store,Cash,Completed,10.4,0.0,2.08,0.0,12.48
ORD003705,2025-01-24 10:51:56,ST005,CUST00720,Online,Card,Completed,5.5,0.0,0.0,3.49,8.99
ORD003706,2025-12-11 14:51:27,ST005,,In-store,Card,Completed,23.55,0.15,2.84,0.0,26.24
ORD003707,2025-01-21 23:13:19,ST005,CUST00303,In-store,Card,Completed,23.7,0.0,2.48,0.0,26.18
ORD003708,2025-08-20 06:53:47,ST005,,In-store,Mobile Wallet,Completed,18.3,0.0,1.68,0.0,19.98
ORD003709,2025-12-20 13:48:12,ST005,,Click & Collect,Card,Completed,41.3,0.0,2.66,0.0,43.96
ORD003710,2025-04-21 17:14:19,ST001,,In-store,Mobile Wallet,Completed,34.15,0.0,1.86,0.0,36.01
ORD003711,2025-10-09 00:50:38,ST001,,Online,Cash,Completed,20.75,0.0,0.3,3.49,24.54
ORD003712,2025-02-12 05:41:00,ST005,,In-store,Card,Completed,37.7,0.0,0.0,0.0,37.7
ORD003713,2025-03-16 16:08:28,ST002,CUST00625,In-store,Cash,Completed,30.7,0.0,0.64,0.0,31.34
ORD003714,2025-04-13 01:19:27,ST006,CUST00482,In-store,Card,Completed,16.8,0.0,0.24,0.0,17.04
ORD003715,2025-05-02 17:37:51,ST003,CUST00245,In-store,Card,Completed,2.0,0.0,0.0,0.0,2.0
ORD003716,2025-03-10 04:03:27,ST007,CUST00235,Online,Card,Completed,11.45,0.0,0.0,3.49,14.94
ORD003717,2025-12-17 23:59:10,ST008,CUST00054,In-store,Cash,Completed,23.4,0.0,0.52,0.0,23.92
ORD003718,2025-07-10 02:36:56,ST006,CUST00711,Online,Mobile Wallet,Completed,13.8,0.0,0.88,3.49,18.17
ORD003719,2025-01-23 06:00:28,ST004,CUST00572,In-store,Card,Completed,3.8,0.0,0.0,0.0,3.8
ORD003720,2025-02-02 14:40:54,ST008,CUST00235,In-store,Card,Completed,10.2,0.0,0.3,0.0,10.5
ORD003721,2025-06-23 10:01:51,ST001,,In-store,Cash,Completed,13.0,0.0,1.84,0.0,14.84
ORD003722,2025-12-20 19:50:21,ST001,,Online,Mobile Wallet,Completed,21.8,0.0,2.92,3.49,28.21
ORD003723,2025-12-07 05:09:07,ST007,,In-store,Gift Card,Completed,4.85,0.24,0.92,0.0,5.53
ORD003724,2025-12-13 07:06:35,ST004,CUST00196,In-store,Card,Completed,13.1,0.0,0.0,0.0,13.1
ORD003725,2025-05-24 16:52:25,ST001,,In-store,Card,Completed,24.15,0.0,2.36,0.0,26.51
ORD003726,2025-10-19 00:43:57,ST004,CUST00091,Online,Card,Completed,22.2,0.0,4.44,3.49,30.13
ORD003727,2025-03-29 12:39:06,ST004,CUST00685,In-store,Card,Cancelled,28.6,0.0,2.24,0.0,0.0
ORD003728,2025-02-12 18:56:56,ST004,CUST00246,Online,Mobile Wallet,Completed,3.4,0.0,0.0,3.49,6.89
ORD003729,2025-10-20 04:04:17,ST006,CUST00463,In-store,Cash,Completed,62.7,0.0,5.81,0.0,68.51
ORD003730,2025-11-07 13:15:33,ST007,,In-store,Card,Completed,42.8,0.0,6.58,0.0,49.38
ORD003731,2025-10-03 16:35:15,ST006,CUST00130,In-store,Cash,Completed,21.7,0.0,1.34,0.0,23.04
ORD003732,2025-07-26 12:09:11,ST004,CUST00144,In-store,Card,Completed,13.6,0.0,2.72,0.0,16.32
ORD003733,2025-06-26 09:55:32,ST003,CUST00226,In-store,Card,Completed,59.05,0.0,5.97,0.0,65.02
ORD003734,2025-05-14 09:31:06,ST004,CUST00454,In-store,Card,Completed,40.6,0.0,1.3,0.0,41.9
ORD003735,2025-05-14 16:35:18,ST008,CUST00790,In-store,Card,Completed,31.1,0.0,3.6,0.0,34.7
ORD003736,2025-07-18 04:59:38,ST002,CUST00290,In-store,Cash,Completed,41.2,0.23,4.42,0.0,45.39
ORD003737,2025-10-02 11:09:25,ST007,CUST00415,Online,Card,Refunded,18.7,0.0,3.36,3.49,25.55
ORD003738,2025-04-24 09:01:36,ST001,CUST00499,Online,Gift Card,Completed,23.65,0.0,2.29,3.49,29.43
ORD003739,2025-03-19 19:15:24,ST001,CUST00648,Click & Collect,Card,Completed,16.3,0.0,1.9,0.0,18.2
ORD003740,2025-07-24 19:25:08,ST006,,In-store,Card,Completed,34.3,0.0,2.72,0.0,37.02
ORD003741,2025-05-26 14:23:29,ST006,,In-store,Card,Completed,34.9,0.0,1.28,0.0,36.18
ORD003742,2025-11-02 11:19:06,ST003,CUST00303,In-store,Cash,Completed,36.4,0.0,3.76,0.0,40.16
ORD003743,2025-05-20 00:16:17,ST001,CUST00276,Click & Collect,Card,Completed,36.15,0.0,3.19,0.0,39.34
ORD003744,2025-05-03 23:14:49,ST003,CUST00388,In-store,Card,Completed,22.7,0.0,1.18,0.0,23.88
ORD003745,2025-04-10 10:46:27,ST004,CUST00076,In-store,Cash,Completed,41.0,0.0,6.52,0.0,47.52
ORD003746,2025-03-13 15:15:53,ST008,,Click & Collect,Cash,Completed,36.4,0.0,4.14,0.0,40.54
ORD003747,2025-07-11 22:45:01,ST007,,Online,Mobile Wallet,Completed,35.5,0.0,5.1,3.49,44.09
ORD003748,2025-08-30 15:27:47,ST001,CUST00068,In-store,Cash,Completed,52.55,0.0,1.55,0.0,54.1
ORD003749,2025-12-23 20:02:54,ST005,,In-store,Card,Completed,4.2,0.0,0.36,0.0,4.56
ORD003750,2025-02-24 06:42:53,ST007,CUST00282,In-store,Card,Completed,52.2,0.22,4.31,0.0,56.29
ORD003751,2025-09-04 07:46:30,ST001,CUST00241,Click & Collect,Gift Card,Completed,16.3,0.6,0.86,0.0,16.56
ORD003752,2025-04-26 14:46:31,ST005,CUST00703,In-store,Card,Completed,11.45,0.0,0.6,0.0,12.05
ORD003753,2025-04-16 04:41:35,ST008,CUST00339,In-store,Card,Completed,15.6,0.0,3.12,0.0,18.72
ORD003754,2025-06-12 01:49:11,ST006,,In-store,Card,Completed,24.2,0.0,0.6,0.0,24.8
ORD003755,2025-03-05 22:03:26,ST008,,In-store,Card,Completed,11.8,0.0,1.92,0.0,13.72
ORD003756,2025-09-16 03:57:07,ST004,CUST00287,In-store,Card,Cancelled,38.3,0.0,1.84,0.0,0.0
ORD003757,2025-03-08 21:50:04,ST008,CUST00443,In-store,Card,Completed,23.1,0.0,0.6,0.0,23.7
ORD003758,2025-04-29 00:43:34,ST004,CUST00177,In-store,Card,Completed,6.35,0.0,0.0,0.0,6.35
ORD003759,2025-02-06 13:57:29,ST008,,In-store,Mobile Wallet,Completed,16.9,0.71,0.0,0.0,16.19
ORD003760,2025-09-29 14:49:23,ST001,CUST00798,Online,Card,Completed,14.95,0.0,0.0,3.49,18.44
ORD003761,2025-11-16 18:17:44,ST007,CUST00730,In-store,Card,Completed,34.95,0.0,0.9,0.0,35.85
ORD003762,2025-11-15 17:53:41,ST004,,Online,Card,Completed,13.6,0.0,0.3,3.49,17.39
ORD003763,2025-12-31 18:19:49,ST005,CUST00706,Online,Card,Completed,60.2,0.0,1.4,0.0,61.6
ORD003764,2025-10-22 06:15:53,ST005,CUST00745,In-store,Mobile Wallet,Completed,17.85,0.0,2.16,0.0,20.01
ORD003765,2025-02-09 09:45:14,ST004,,In-store,Card,Completed,19.2,0.78,0.0,0.0,18.42
ORD003766,2025-09-15 02:10:23,ST004,,Online,Mobile Wallet,Completed,4.9,0.6,0.86,3.49,8.65
ORD003767,2025-10-25 23:42:50,ST005,,In-store,Card,Completed,38.35,0.0,2.34,0.0,40.69
ORD003768,2025-11-17 08:17:22,ST001,,In-store,Card,Completed,20.85,0.0,0.3,0.0,21.15
ORD003769,2025-11-24 22:55:50,ST002,,In-store,Card,Completed,25.5,0.0,2.18,0.0,27.68
ORD003770,2025-02-18 20:14:52,ST006,CUST00752,In-store,Mobile Wallet,Completed,17.65,0.0,1.08,0.0,18.73
ORD003771,2025-01-05 08:14:05,ST004,CUST00164,In-store,Card,Completed,8.8,0.0,0.0,0.0,8.8
ORD003772,2025-04-28 10:27:56,ST005,CUST00641,In-store,Cash,Completed,12.25,0.0,1.42,0.0,13.67
ORD003773,2025-04-27 10:48:05,ST001,CUST00778,In-store,Mobile Wallet,Completed,34.85,0.0,0.52,0.0,35.37
ORD003774,2025-05-22 22:25:15,ST001,,In-store,Mobile Wallet,Completed,12.5,0.0,0.42,0.0,12.92
ORD003775,2025-12-10 23:38:26,ST007,,In-store,Card,Completed,10.0,0.0,0.64,0.0,10.64
ORD003776,2025-01-16 23:31:55,ST001,CUST00011,In-store,Card,Completed,47.8,0.33,1.62,0.0,49.09
ORD003777,2025-03-13 16:28:00,ST007,CUST00581,Online,Mobile Wallet,Completed,12.6,0.0,1.56,3.49,17.65
ORD003778,2025-01-19 21:15:58,ST005,CUST00235,In-store,Card,Completed,26.2,0.88,0.96,0.0,26.28
ORD003779,2025-07-08 22:18:29,ST008,CUST00461,In-store,Card,Completed,29.35,0.0,1.92,0.0,31.27
ORD003780,2025-11-07 09:46:18,ST008,CUST00778,Click & Collect,Card,Completed,10.8,0.0,0.0,0.0,10.8
ORD003781,2025-04-14 04:47:08,ST006,,In-store,Card,Completed,4.8,0.0,0.0,0.0,4.8
ORD003782,2025-02-01 12:22:51,ST007,CUST00296,Online,Card,Completed,11.7,0.32,1.28,3.49,16.16
ORD003783,2025-05-14 12:50:00,ST001,,In-store,Card,Completed,30.4,0.0,3.5,0.0,33.9
ORD003784,2025-08-01 00:33:00,ST008,CUST00755,Online,Card,Completed,9.6,0.0,0.36,3.49,13.45
ORD003785,2025-12-22 07:51:25,ST006,CUST00013,In-store,Card,Completed,31.3,0.0,3.74,0.0,35.04
ORD003786,2025-01-13 02:02:07,ST007,CUST00478,In-store,Card,Completed,12.5,0.0,0.4,0.0,12.9
ORD003787,2025-01-03 00:01:55,ST006,CUST00781,Online,Cash,Completed,53.65,0.65,7.4,0.0,60.41
ORD003788,2025-07-19 05:45:21,ST004,,Online,Card,Completed,82.45,1.44,1.6,0.0,82.61
ORD003789,2025-02-08 22:57:30,ST007,CUST00096,In-store,Card,Completed,60.45,0.0,0.64,0.0,61.09
ORD003790,2025-02-28 20:12:42,ST001,CUST00556,In-store,Card,Completed,61.3,0.32,0.0,0.0,60.98
ORD003791,2025-04-24 14:01:21,ST008,CUST00787,In-store,Card,Completed,52.05,0.0,2.16,0.0,54.21
ORD003792,2025-01-21 01:38:22,ST004,CUST00312,In-store,Mobile Wallet,Completed,40.85,0.0,5.05,0.0,45.9
ORD003793,2025-06-20 07:02:25,ST008,CUST00297,In-store,Card,Completed,8.55,0.0,0.42,0.0,8.97
ORD003794,2025-08-06 22:43:14,ST002,,In-store,Cash,Completed,34.55,0.0,2.08,0.0,36.63
ORD003795,2025-02-20 20:39:43,ST005,CUST00397,In-store,Card,Completed,34.4,0.0,3.48,0.0,37.88
ORD003796,2025-02-26 23:55:21,ST004,CUST00295,In-store,Card,Completed,21.6,0.0,0.84,0.0,22.44
ORD003797,2025-11-27 09:40:42,ST004,CUST00645,In-store,Card,Completed,57.4,0.0,3.76,0.0,61.16
ORD003798,2025-10-24 23:53:28,ST007,,Click & Collect,Card,Completed,11.3,0.0,0.94,0.0,12.24
ORD003799,2025-12-04 18:27:48,ST004,CUST00717,In-store,Card,Completed,20.4,0.0,1.28,0.0,21.68
ORD003800,2025-11-08 18:55:57,ST005,CUST00022,In-store,Card,Completed,15.1,0.0,0.44,0.0,15.54
ORD003801,2025-07-08 18:10:52,ST001,CUST00120,In-store,Card,Completed,30.4,0.62,2.06,0.0,31.84
ORD003802,2025-09-18 16:56:41,ST006,CUST00369,In-store,Card,Completed,26.2,0.3,1.32,0.0,27.22
ORD003803,2025-05-15 17:17:01,ST003,CUST00346,In-store,Card,Completed,49.4,0.0,4.42,0.0,53.82
ORD003804,2025-03-09 20:05:54,ST003,,Online,Card,Completed,25.6,0.0,2.64,3.49,31.73
ORD003805,2025-05-13 11:58:46,ST003,CUST00496,Click & Collect,Card,Completed,25.1,0.0,4.42,0.0,29.52
ORD003806,2025-08-03 09:20:49,ST002,,Online,Card,Completed,24.05,0.0,1.8,3.49,29.34
ORD003807,2025-03-13 14:47:25,ST005,CUST00438,In-store,Card,Completed,42.0,0.0,1.04,0.0,43.04
ORD003808,2025-09-21 11:22:37,ST004,CUST00265,In-store,Mobile Wallet,Refunded,45.5,0.3,2.84,0.0,48.04
ORD003809,2025-02-16 22:13:09,ST006,CUST00492,In-store,Cash,Completed,11.7,0.0,0.6,0.0,12.3
ORD003810,2025-10-22 04:58:44,ST006,CUST00460,Click & Collect,Cash,Refunded,22.15,0.0,2.25,0.0,24.4
ORD003811,2025-04-19 20:55:09,ST003,,In-store,Mobile Wallet,Completed,34.65,0.0,1.96,0.0,36.61
ORD003812,2025-11-08 12:35:35,ST006,,Click & Collect,Mobile Wallet,Completed,3.0,0.0,0.6,0.0,3.6
ORD003813,2025-06-03 16:58:01,ST006,CUST00135,Click & Collect,Card,Completed,17.8,0.0,2.1,0.0,19.9
ORD003814,2025-05-17 09:21:44,ST004,,In-store,Mobile Wallet,Completed,78.6,0.0,8.52,0.0,87.12
ORD003815,2025-07-07 20:00:57,ST001,CUST00653,In-store,Card,Completed,22.1,0.0,1.5,0.0,23.6
ORD003816,2025-07-12 23:30:52,ST006,CUST00407,In-store,Card,Completed,19.65,0.0,2.73,0.0,22.38
ORD003817,2025-08-01 17:29:26,ST007,,Click & Collect,Card,Completed,40.3,0.0,6.54,0.0,46.84
ORD003818,2025-01-17 06:00:16,ST001,CUST00401,In-store,Mobile Wallet,Completed,69.5,0.3,6.23,0.0,75.43
ORD003819,2025-11-01 00:31:28,ST004,CUST00586,Online,Card,Completed,18.4,0.0,2.72,3.49,24.61
ORD003820,2025-03-31 01:05:58,ST006,CUST00440,In-store,Card,Completed,14.9,0.0,0.38,0.0,15.28
ORD003821,2025-08-19 03:03:51,ST006,CUST00021,In-store,Card,Completed,25.1,0.0,0.66,0.0,25.76
ORD003822,2025-06-17 18:55:58,ST006,,Online,Card,Completed,32.9,0.0,0.92,3.49,37.31
ORD003823,2025-09-30 15:57:56,ST001,CUST00183,In-store,Cash,Completed,6.0,0.0,1.2,0.0,7.2
ORD003824,2025-02-11 12:21:17,ST006,,In-store,Card,Completed,65.2,0.0,2.28,0.0,67.48
ORD003825,2025-03-22 01:51:47,ST006,,In-store,Card,Refunded,9.1,0.0,0.24,0.0,9.34
ORD003826,2025-07-30 23:35:33,ST006,,In-store,Cash,Completed,29.9,1.86,0.34,0.0,28.38
ORD003827,2025-12-25 02:07:29,ST001,CUST00269,In-store,Card,Completed,19.2,0.0,1.74,0.0,20.94
ORD003828,2025-06-05 20:13:34,ST003,,In-store,Cash,Completed,23.45,0.0,0.42,0.0,23.87
ORD003829,2025-03-20 18:05:45,ST006,,In-store,Card,Completed,24.1,0.0,1.56,0.0,25.66
ORD003830,2025-08-06 17:05:16,ST001,CUST00493,Click & Collect,Card,Completed,38.5,0.0,3.49,0.0,41.99
ORD003831,2025-09-26 19:59:24,ST003,CUST00213,Online,Cash,Completed,24.5,0.0,0.76,3.49,28.75
ORD003832,2025-11-28 21:14:16,ST004,CUST00548,Online,Card,Completed,27.75,0.0,1.9,3.49,33.14
ORD003833,2025-11-19 08:22:23,ST008,CUST00384,In-store,Card,Completed,21.4,0.0,1.24,0.0,22.64
ORD003834,2025-06-06 12:06:09,ST006,CUST00347,In-store,Card,Completed,62.1,2.16,4.58,0.0,64.52
ORD003835,2025-10-21 13:36:04,ST002,CUST00782,In-store,Cash,Completed,24.05,0.0,2.93,0.0,26.98
ORD003836,2025-07-31 04:36:59,ST002,,In-store,Mobile Wallet,Completed,20.2,0.23,1.28,0.0,21.25
ORD003837,2025-09-28 05:00:17,ST002,,In-store,Card,Completed,23.2,0.0,3.36,0.0,26.56
ORD003838,2025-12-18 14:04:26,ST007,CUST00378,In-store,Card,Completed,31.8,0.0,3.54,0.0,35.34
ORD003839,2025-01-27 11:08:13,ST003,,In-store,Cash,Completed,14.75,0.1,1.36,0.0,16.02
ORD003840,2025-12-10 12:23:23,ST007,CUST00299,In-store,Card,Completed,20.6,0.0,1.8,0.0,22.4
ORD003841,2025-02-08 14:53:04,ST002,CUST00066,Click & Collect,Card,Completed,22.6,0.0,3.88,0.0,26.48
ORD003842,2025-06-10 21:57:53,ST007,CUST00315,In-store,Card,Completed,46.9,0.0,2.94,0.0,49.84
ORD003843,2025-01-09 09:11:08,ST008,CUST00482,In-store,Card,Completed,28.5,0.08,4.72,0.0,33.15
ORD003844,2025-12-18 22:43:14,ST007,CUST00547,Online,Cash,Completed,28.55,0.0,1.14,3.49,33.18
ORD003845,2025-07-21 08:30:00,ST006,,Online,Mobile Wallet,Completed,19.65,0.0,2.89,3.49,26.03
ORD003846,2025-10-18 18:29:36,ST007,,In-store,Mobile Wallet,Completed,7.8,0.0,0.0,0.0,7.8
ORD003847,2025-01-12 18:18:08,ST007,,In-store,Gift Card,Completed,21.9,0.0,2.46,0.0,24.36
ORD003848,2025-04-22 19:52:00,ST008,CUST00048,In-store,Card,Completed,30.9,0.0,2.18,0.0,33.08
ORD003849,2025-03-28 03:26:45,ST004,CUST00662,Click & Collect,Mobile Wallet,Completed,10.15,0.0,0.72,0.0,10.87
ORD003850,2025-08-26 19:46:43,ST007,CUST00065,In-store,Mobile Wallet,Completed,18.15,1.24,0.48,0.0,17.39
ORD003851,2025-03-30 16:09:37,ST003,CUST00177,In-store,Card,Completed,38.5,0.0,0.24,0.0,38.74
ORD003852,2025-11-23 03:09:37,ST007,CUST00084,In-store,Mobile Wallet,Completed,16.55,0.0,0.0,0.0,16.55
ORD003853,2025-07-10 18:27:28,ST007,CUST00677,Online,Card,Completed,32.0,0.0,0.0,3.49,35.49
ORD003854,2025-03-23 09:21:52,ST004,CUST00591,In-store,Card,Completed,3.7,0.0,0.24,0.0,3.94
ORD003855,2025-09-03 16:55:09,ST004,CUST00529,In-store,Card,Completed,19.2,0.0,0.72,0.0,19.92
ORD003856,2025-04-24 13:02:22,ST005,CUST00768,Online,Card,Completed,39.7,0.0,1.32,3.49,44.51
ORD003857,2025-10-16 21:05:25,ST006,CUST00745,In-store,Card,Completed,19.7,0.0,0.64,0.0,20.34
ORD003858,2025-05-09 16:50:01,ST008,,Click & Collect,Card,Completed,24.3,0.0,0.84,0.0,25.14
ORD003859,2025-06-09 11:46:46,ST004,CUST00078,In-store,Cash,Completed,4.6,0.46,0.0,0.0,4.14
ORD003860,2025-04-16 03:24:07,ST004,CUST00289,Click & Collect,Card,Completed,46.9,0.0,7.4,0.0,54.3
ORD003861,2025-10-16 10:58:05,ST002,CUST00318,In-store,Card,Completed,3.6,0.0,0.0,0.0,3.6
ORD003862,2025-03-28 19:31:46,ST004,,Online,Card,Completed,12.0,0.0,0.0,3.49,15.49
ORD003863,2025-07-08 19:50:50,ST001,CUST00092,In-store,Mobile Wallet,Completed,13.65,0.0,2.36,0.0,16.01
ORD003864,2025-06-15 00:42:21,ST003,CUST00549,Online,Card,Completed,28.45,1.2,1.56,3.49,32.3
ORD003865,2025-02-26 07:42:16,ST007,CUST00300,Online,Card,Completed,25.0,0.0,2.7,3.49,31.19
ORD003866,2025-05-17 13:56:58,ST005,CUST00052,In-store,Card,Completed,20.65,0.0,1.3,0.0,21.95
ORD003867,2025-10-07 06:59:41,ST006,,In-store,Gift Card,Completed,36.25,0.0,5.16,0.0,41.41
ORD003868,2025-11-27 00:33:21,ST003,CUST00794,Online,Card,Completed,20.4,0.0,3.2,3.49,27.09
ORD003869,2025-01-23 02:49:00,ST002,CUST00412,In-store,Card,Completed,14.8,0.0,0.0,0.0,14.8
ORD003870,2025-08-31 19:09:45,ST006,,In-store,Card,Completed,39.4,0.0,1.3,0.0,40.7
ORD003871,2025-12-23 07:58:43,ST004,CUST00789,In-store,Card,Completed,40.8,0.0,5.2,0.0,46.0
ORD003872,2025-06-04 01:59:10,ST004,,Click & Collect,Card,Cancelled,7.35,0.0,0.72,0.0,0.0
ORD003873,2025-02-23 12:32:29,ST002,CUST00706,In-store,Card,Completed,34.4,0.67,0.0,0.0,33.73
ORD003874,2025-10-29 20:04:04,ST001,,Click & Collect,Card,Completed,29.3,0.0,3.58,0.0,32.88
ORD003875,2025-04-19 22:07:44,ST001,CUST00659,Click & Collect,Cash,Completed,24.6,0.0,2.06,0.0,26.66
ORD003876,2025-09-17 19:01:50,ST005,CUST00397,In-store,Card,Completed,30.8,0.0,0.0,0.0,30.8
ORD003877,2025-02-16 21:25:25,ST004,,In-store,Card,Completed,30.1,0.9,2.34,0.0,31.54
ORD003878,2025-07-20 03:49:35,ST003,,In-store,Card,Completed,1.1,0.0,0.0,0.0,1.1
ORD003879,2025-06-02 02:38:04,ST002,CUST00621,In-store,Cash,Completed,34.5,0.0,0.98,0.0,35.48
ORD003880,2025-12-21 02:22:03,ST003,CUST00283,In-store,Card,Completed,13.5,0.77,1.77,0.0,14.5
ORD003881,2025-03-05 07:42:27,ST008,CUST00255,Click & Collect,Card,Completed,2.05,0.0,0.0,0.0,2.05
ORD003882,2025-04-12 23:04:17,ST007,CUST00331,In-store,Mobile Wallet,Completed,12.1,0.66,0.0,0.0,11.44
ORD003883,2025-07-17 05:03:14,ST003,,In-store,Card,Completed,8.2,0.0,1.04,0.0,9.24
ORD003884,2025-06-23 17:19:35,ST004,,In-store,Cash,Completed,18.2,0.0,3.64,0.0,21.84
ORD003885,2025-01-15 02:48:29,ST001,CUST00499,In-store,Mobile Wallet,Completed,35.2,0.6,0.0,0.0,34.6
ORD003886,2025-01-19 07:54:24,ST001,CUST00053,In-store,Card,Completed,10.4,0.0,2.08,0.0,12.48
ORD003887,2025-02-14 20:38:56,ST002,CUST00183,In-store,Card,Completed,4.85,0.43,0.0,0.0,4.42
ORD003888,2025-05-11 15:35:59,ST006,CUST00124,In-store,Cash,Completed,15.6,0.0,0.42,0.0,16.02
ORD003889,2025-06-23 10:11:31,ST008,CUST00506,In-store,Card,Refunded,38.25,0.0,4.9,0.0,43.15
ORD003890,2025-01-19 03:53:38,ST003,CUST00653,In-store,Card,Completed,15.2,0.0,0.0,0.0,15.2
ORD003891,2025-12-28 20:52:31,ST002,CUST00009,Click & Collect,Mobile Wallet,Completed,42.15,0.0,1.32,0.0,43.47
ORD003892,2025-06-26 09:35:31,ST006,CUST00180,Click & Collect,Cash,Completed,66.95,0.0,2.34,0.0,69.29
ORD003893,2025-08-21 18:34:54,ST005,CUST00097,In-store,Card,Completed,30.0,3.0,0.0,0.0,27.0
ORD003894,2025-09-19 00:28:12,ST008,CUST00027,In-store,Card,Completed,33.2,0.0,1.0,0.0,34.2
ORD003895,2025-03-23 20:36:59,ST006,CUST00246,Online,Card,Completed,41.7,0.0,1.38,0.0,43.08
ORD003896,2025-10-13 03:58:28,ST004,CUST00067,Click & Collect,Card,Completed,13.75,0.0,1.74,0.0,15.49
ORD003897,2025-03-22 18:14:27,ST001,,Click & Collect,Cash,Completed,20.6,0.0,0.0,0.0,20.6
ORD003898,2025-12-05 15:39:25,ST008,CUST00403,Online,Cash,Completed,63.35,0.0,8.84,0.0,72.19
ORD003899,2025-11-09 04:47:04,ST005,CUST00056,In-store,Card,Completed,8.2,0.0,0.92,0.0,9.12
ORD003900,2025-07-03 13:07:09,ST002,CUST00095,In-store,Cash,Completed,73.35,0.0,6.28,0.0,79.63
ORD003901,2025-06-21 07:24:21,ST001,CUST00169,Click & Collect,Card,Completed,19.55,0.0,3.12,0.0,22.67
ORD003902,2025-02-19 13:51:42,ST006,CUST00331,In-store,Cash,Completed,21.15,0.22,0.52,0.0,21.44
ORD003903,2025-11-11 04:22:23,ST003,,In-store,Card,Refunded,21.7,0.0,1.32,0.0,23.02
ORD003904,2025-07-26 20:05:44,ST008,CUST00074,In-store,Card,Completed,24.05,0.46,0.64,0.0,24.23
ORD003905,2025-02-04 08:13:46,ST008,,In-store,Mobile Wallet,Completed,22.7,0.0,2.34,0.0,25.04
ORD003906,2025-12-09 03:39:48,ST002,CUST00597,In-store,Card,Completed,28.6,0.0,5.2,0.0,33.8
ORD003907,2025-09-23 09:55:02,ST002,CUST00208,Online,Card,Completed,15.9,0.9,1.42,3.49,19.91
ORD003908,2025-05-14 16:52:47,ST008,,In-store,Cash,Completed,26.15,0.0,0.24,0.0,26.39
ORD003909,2025-06-12 18:27:22,ST004,CUST00770,Online,Card,Cancelled,18.3,0.62,0.0,3.49,0.0
ORD003910,2025-02-26 02:48:37,ST006,CUST00376,In-store,Card,Completed,35.05,0.0,3.09,0.0,38.14
ORD003911,2025-11-13 17:57:38,ST008,CUST00266,In-store,Card,Completed,7.6,0.0,1.2,0.0,8.8
ORD003912,2025-10-29 02:47:52,ST008,CUST00692,In-store,Mobile Wallet,Completed,7.5,0.0,0.0,0.0,7.5
ORD003913,2025-07-10 20:34:36,ST001,CUST00521,Click & Collect,Card,Completed,17.0,0.48,0.7,0.0,17.22
ORD003914,2025-06-23 22:33:34,ST005,,Online,Card,Completed,45.8,2.88,0.0,0.0,42.92
ORD003915,2025-03-15 03:18:15,ST001,CUST00027,In-store,Card,Completed,3.2,0.0,0.0,0.0,3.2
ORD003916,2025-06-03 09:55:12,ST004,CUST00665,Online,Mobile Wallet,Completed,11.4,0.0,0.48,3.49,15.37
ORD003917,2025-09-30 15:10:27,ST006,CUST00384,Online,Card,Cancelled,28.15,0.0,1.62,3.49,0.0
ORD003918,2025-02-01 04:39:20,ST001,CUST00015,In-store,Cash,Completed,16.0,0.0,2.6,0.0,18.6
ORD003919,2025-07-30 11:49:57,ST003,CUST00753,Click & Collect,Mobile Wallet,Completed,5.4,0.0,0.0,0.0,5.4
ORD003920,2025-06-14 04:00:35,ST006,CUST00521,In-store,Card,Completed,8.5,0.0,0.86,0.0,9.36
ORD003921,2025-10-24 17:32:36,ST007,CUST00014,In-store,Card,Completed,45.75,0.0,0.88,0.0,46.63
ORD003922,2025-10-10 07:35:17,ST006,,In-store,Cash,Completed,22.5,0.0,1.36,0.0,23.86
ORD003923,2025-10-04 21:31:21,ST004,,In-store,Card,Completed,16.75,0.0,1.67,0.0,18.42
ORD003924,2025-04-26 14:02:30,ST003,CUST00133,In-store,Card,Completed,28.2,0.0,2.46,0.0,30.66
ORD003925,2025-04-17 15:44:53,ST001,CUST00569,Click & Collect,Cash,Completed,17.4,0.43,2.76,0.0,19.73
ORD003926,2025-02-28 22:59:21,ST001,,In-store,Card,Completed,23.1,0.17,2.66,0.0,25.6
ORD003927,2025-05-29 11:42:35,ST008,CUST00567,In-store,Cash,Completed,4.4,0.0,0.88,0.0,5.28
ORD003928,2025-12-09 23:16:54,ST008,CUST00136,In-store,Card,Completed,3.0,0.24,0.55,0.0,3.31
ORD003929,2025-03-04 19:22:47,ST006,CUST00110,In-store,Cash,Completed,21.0,0.0,1.92,0.0,22.92
ORD003930,2025-12-24 19:18:03,ST001,,Online,Mobile Wallet,Completed,3.9,0.0,0.0,3.49,7.39
ORD003931,2025-11-19 14:57:05,ST002,CUST00664,In-store,Card,Completed,14.4,0.0,0.24,0.0,14.64
ORD003932,2025-01-19 16:56:00,ST004,CUST00617,In-store,Mobile Wallet,Completed,14.25,0.0,2.34,0.0,16.59
ORD003933,2025-07-09 16:53:15,ST002,CUST00165,In-store,Cash,Completed,13.0,0.0,0.36,0.0,13.36
ORD003934,2025-05-16 00:14:05,ST001,,In-store,Card,Completed,2.2,0.0,0.0,0.0,2.2
ORD003935,2025-06-08 06:01:39,ST007,CUST00475,Online,Card,Completed,15.0,0.0,0.9,3.49,19.39
ORD003936,2025-03-07 10:03:42,ST006,CUST00032,In-store,Card,Completed,25.3,0.0,0.62,0.0,25.92
ORD003937,2025-01-24 16:24:47,ST005,,Click & Collect,Card,Completed,18.0,0.0,1.68,0.0,19.68
ORD003938,2025-05-28 07:43:54,ST008,CUST00432,In-store,Mobile Wallet,Completed,55.0,0.0,1.94,0.0,56.94
ORD003939,2025-12-02 15:35:46,ST006,,In-store,Cash,Completed,21.7,0.0,2.02,0.0,23.72
ORD003940,2025-08-25 02:42:57,ST008,CUST00045,In-store,Card,Completed,16.0,0.0,1.89,0.0,17.89
ORD003941,2025-02-14 09:01:05,ST002,CUST00691,In-store,Mobile Wallet,Completed,40.35,1.96,1.33,0.0,39.71
ORD003942,2025-12-11 18:54:23,ST007,CUST00621,In-store,Cash,Completed,26.8,0.0,3.2,0.0,30.0
ORD003943,2025-04-05 12:45:31,ST006,,In-store,Card,Completed,14.8,0.0,1.06,0.0,15.86
ORD003944,2025-01-01 14:52:33,ST004,CUST00518,In-store,Cash,Completed,6.5,0.0,0.0,0.0,6.5
ORD003945,2025-06-13 04:59:53,ST004,CUST00378,In-store,Mobile Wallet,Completed,50.3,0.46,1.48,0.0,51.32
ORD003946,2025-01-19 00:52:54,ST005,CUST00418,In-store,Card,Completed,33.7,0.0,1.9,0.0,35.6
ORD003947,2025-04-16 21:05:34,ST006,CUST00326,Click & Collect,Mobile Wallet,Completed,2.25,0.0,0.0,0.0,2.25
ORD003948,2025-12-14 15:44:49,ST008,CUST00387,Online,Card,Completed,47.3,0.0,2.02,0.0,49.32
ORD003949,2025-09-20 14:13:53,ST004,CUST00457,In-store,Mobile Wallet,Completed,4.8,0.0,0.0,0.0,4.8
ORD003950,2025-10-04 20:10:25,ST007,,In-store,Card,Completed,10.25,0.0,0.18,0.0,10.43
ORD003951,2025-06-02 01:29:41,ST006,CUST00190,Online,Card,Completed,23.0,0.23,1.94,3.49,28.2
ORD003952,2025-11-30 04:15:18,ST007,CUST00621,In-store,Card,Completed,41.6,0.0,2.08,0.0,43.68
ORD003953,2025-03-07 20:43:51,ST007,CUST00007,In-store,Mobile Wallet,Completed,28.5,0.0,2.92,0.0,31.42
ORD003954,2025-12-09 20:41:49,ST003,CUST00673,In-store,Card,Completed,25.55,0.0,0.8,0.0,26.35
ORD003955,2025-07-24 21:05:05,ST002,CUST00407,In-store,Card,Completed,10.8,0.0,1.04,0.0,11.84
ORD003956,2025-03-23 15:10:35,ST003,CUST00022,In-store,Mobile Wallet,Completed,25.3,0.0,0.0,0.0,25.3
ORD003957,2025-11-02 03:10:22,ST008,CUST00030,In-store,Cash,Completed,15.3,0.0,1.92,0.0,17.22
ORD003958,2025-12-06 00:18:54,ST002,CUST00293,Online,Card,Completed,7.45,0.0,0.0,3.49,10.94
ORD003959,2025-10-29 08:56:36,ST006,CUST00352,In-store,Card,Completed,19.5,0.0,1.14,0.0,20.64
ORD003960,2025-01-04 14:15:34,ST008,CUST00523,In-store,Card,Completed,26.7,0.6,1.44,0.0,27.54
ORD003961,2025-07-26 18:04:55,ST003,CUST00171,Online,Card,Completed,22.2,0.0,1.04,3.49,26.73
ORD003962,2025-12-20 06:07:28,ST005,CUST00755,Online,Card,Completed,9.0,0.0,1.04,3.49,13.53
ORD003963,2025-01-01 04:55:33,ST004,CUST00585,In-store,Card,Completed,45.4,0.77,1.92,0.0,46.55
ORD003964,2025-05-23 00:32:57,ST005,,In-store,Mobile Wallet,Completed,21.8,0.0,0.44,0.0,22.24
ORD003965,2025-12-29 17:13:25,ST003,CUST00301,In-store,Card,Completed,15.55,0.0,1.02,0.0,16.57
ORD003966,2025-10-08 04:34:51,ST004,CUST00669,In-store,Card,Completed,32.9,0.0,3.5,0.0,36.4
ORD003967,2025-06-06 18:57:58,ST006,CUST00479,In-store,Cash,Completed,7.8,0.0,0.0,0.0,7.8
ORD003968,2025-07-23 08:01:49,ST008,CUST00219,In-store,Card,Completed,11.7,0.0,1.06,0.0,12.76
ORD003969,2025-01-20 17:31:40,ST003,CUST00270,In-store,Card,Completed,21.2,0.0,0.0,0.0,21.2
ORD003970,2025-01-13 16:04:52,ST004,,Click & Collect,Card,Completed,29.5,0.0,4.5,0.0,34.0
ORD003971,2025-01-14 01:56:14,ST004,,Click & Collect,Card,Completed,14.25,0.6,0.18,0.0,13.83
ORD003972,2025-12-25 03:05:19,ST003,CUST00285,In-store,Card,Refunded,35.3,0.0,0.18,0.0,35.48
ORD003973,2025-03-21 12:43:40,ST002,,In-store,Mobile Wallet,Completed,14.5,0.0,1.3,0.0,15.8
ORD003974,2025-08-19 06:49:00,ST005,CUST00178,In-store,Card,Completed,41.9,0.0,2.08,0.0,43.98
ORD003975,2025-04-20 23:35:09,ST002,CUST00740,Online,Card,Completed,23.0,0.0,0.7,3.49,27.19
ORD003976,2025-08-10 01:32:56,ST006,CUST00254,Online,Cash,Completed,40.5,0.0,3.8,0.0,44.3
ORD003977,2025-06-12 11:21:26,ST008,CUST00314,In-store,Card,Completed,12.0,0.0,1.92,0.0,13.92
ORD003978,2025-04-22 23:51:27,ST004,CUST00125,In-store,Card,Completed,29.85,0.0,2.32,0.0,32.17
ORD003979,2025-07-20 00:46:07,ST003,CUST00726,In-store,Cash,Completed,20.5,0.0,1.2,0.0,21.7
ORD003980,2025-03-01 06:26:21,ST001,CUST00011,In-store,Card,Completed,34.5,0.0,1.38,0.0,35.88
ORD003981,2025-05-20 13:35:10,ST007,CUST00493,In-store,Card,Completed,3.6,0.0,0.36,0.0,3.96
ORD003982,2025-01-05 10:28:15,ST007,CUST00614,In-store,Card,Completed,34.6,0.0,4.64,0.0,39.24
ORD003983,2025-03-19 13:58:52,ST001,CUST00399,In-store,Mobile Wallet,Completed,18.7,0.0,1.2,0.0,19.9
ORD003984,2025-03-09 06:01:22,ST008,,In-store,Cash,Completed,41.1,0.0,2.88,0.0,43.98
ORD003985,2025-05-19 18:33:06,ST003,CUST00440,In-store,Cash,Completed,24.8,0.0,0.0,0.0,24.8
ORD003986,2025-02-25 08:14:12,ST004,CUST00224,In-store,Card,Completed,16.25,0.0,0.0,0.0,16.25
ORD003987,2025-10-22 05:29:37,ST003,CUST00054,In-store,Card,Completed,56.4,0.0,2.8,0.0,59.2
ORD003988,2025-05-11 19:37:40,ST005,CUST00027,In-store,Card,Completed,9.2,0.0,1.6,0.0,10.8
ORD003989,2025-05-28 13:13:12,ST006,,Online,Card,Completed,24.8,0.0,3.64,3.49,31.93
ORD003990,2025-07-30 15:26:56,ST002,CUST00118,In-store,Card,Completed,11.75,0.0,0.3,0.0,12.05
ORD003991,2025-02-08 15:50:09,ST006,CUST00160,In-store,Cash,Completed,4.25,0.0,0.37,0.0,4.62
ORD003992,2025-09-14 06:06:03,ST006,,Online,Mobile Wallet,Completed,39.8,0.9,1.86,3.49,44.25
ORD003993,2025-06-12 01:33:51,ST004,CUST00648,Online,Card,Completed,18.0,0.0,1.6,3.49,23.09
ORD003994,2025-10-02 00:52:16,ST002,,In-store,Card,Completed,47.5,0.0,6.1,0.0,53.6
ORD003995,2025-08-30 10:30:47,ST007,CUST00554,In-store,Card,Completed,30.3,0.0,5.3,0.0,35.6
ORD003996,2025-05-10 21:45:30,ST006,CUST00415,In-store,Card,Completed,20.15,0.0,1.09,0.0,21.24
ORD003997,2025-04-01 10:22:17,ST001,CUST00649,In-store,Mobile Wallet,Completed,6.8,0.0,0.0,0.0,6.8
ORD003998,2025-11-23 01:06:54,ST001,CUST00574,Click & Collect,Cash,Completed,26.4,0.0,0.9,0.0,27.3
ORD003999,2025-01-04 07:49:30,ST001,,In-store,Mobile Wallet,Completed,33.2,0.0,0.0,0.0,33.2
ORD004000,2025-05-04 04:05:21,ST006,CUST00334,Online,Gift Card,Completed,48.05,0.0,1.26,0.0,49.31
ORD004001,2025-01-26 23:37:35,ST003,CUST00332,Online,Mobile Wallet,Completed,16.5,0.0,0.0,3.49,19.99
ORD004002,2025-09-18 19:06:35,ST008,CUST00658,In-store,Card,Completed,43.9,0.6,1.16,0.0,44.46
ORD004003,2025-12-26 03:31:47,ST006,CUST00708,In-store,Cash,Completed,16.0,0.0,0.52,0.0,16.52
ORD004004,2025-10-26 05:22:32,ST007,CUST00702,In-store,Card,Completed,25.95,0.0,1.16,0.0,27.11
ORD004005,2025-07-29 16:27:53,ST005,CUST00094,In-store,Cash,Completed,28.6,0.0,5.72,0.0,34.32
ORD004006,2025-04-14 22:33:46,ST006,,In-store,Mobile Wallet,Refunded,14.45,0.0,0.36,0.0,14.81
ORD004007,2025-06-08 18:11:28,ST004,,Online,Cash,Completed,33.6,0.0,2.16,3.49,39.25
ORD004008,2025-09-08 01:02:59,ST001,CUST00005,In-store,Cash,Completed,18.3,0.0,0.0,0.0,18.3
ORD004009,2025-12-09 08:39:14,ST002,CUST00141,In-store,Card,Completed,1.5,0.12,0.28,0.0,1.66
ORD004010,2025-11-29 22:22:15,ST001,,In-store,Cash,Completed,54.25,0.0,3.36,0.0,57.61
ORD004011,2025-11-28 21:47:53,ST001,CUST00740,In-store,Card,Completed,52.85,0.0,6.35,0.0,59.2
ORD004012,2025-09-24 03:08:17,ST007,CUST00114,In-store,Card,Completed,23.0,0.0,1.32,0.0,24.32
ORD004013,2025-08-10 22:35:55,ST008,CUST00756,In-store,Card,Completed,40.0,0.0,1.3,0.0,41.3
ORD004014,2025-11-14 21:49:09,ST007,CUST00097,In-store,Mobile Wallet,Refunded,5.2,0.0,0.0,0.0,5.2
ORD004015,2025-01-30 09:09:34,ST006,CUST00281,In-store,Cash,Completed,4.25,0.0,0.0,0.0,4.25
ORD004016,2025-12-06 14:45:52,ST003,CUST00103,Online,Card,Completed,2.2,0.0,0.0,3.49,5.69
ORD004017,2025-01-03 01:44:45,ST004,CUST00694,Click & Collect,Mobile Wallet,Completed,7.3,0.0,0.0,0.0,7.3
ORD004018,2025-06-17 23:19:40,ST004,CUST00336,Online,Mobile Wallet,Completed,6.8,0.0,1.36,3.49,11.65
ORD004019,2025-04-04 10:03:35,ST002,CUST00085,In-store,Mobile Wallet,Completed,23.8,0.0,0.0,0.0,23.8
ORD004020,2025-09-03 05:50:20,ST004,CUST00179,Online,Card,Completed,39.05,0.0,5.02,3.49,47.56
ORD004021,2025-08-04 10:49:50,ST001,CUST00574,In-store,Card,Completed,25.1,0.0,2.3,0.0,27.4
ORD004022,2025-09-22 14:09:52,ST006,CUST00195,Click & Collect,Card,Completed,42.05,0.0,2.98,0.0,45.03
ORD004023,2025-04-19 20:58:19,ST004,,In-store,Card,Completed,49.8,1.37,5.72,0.0,54.15
ORD004024,2025-12-20 19:36:49,ST007,CUST00450,In-store,Card,Completed,21.1,0.0,0.64,0.0,21.74
ORD004025,2025-11-20 02:38:41,ST002,,In-store,Card,Completed,44.85,0.0,5.69,0.0,50.54
ORD004026,2025-12-05 00:49:55,ST001,CUST00046,In-store,Card,Completed,15.3,0.0,1.2,0.0,16.5
ORD004027,2025-04-26 01:07:36,ST008,CUST00094,In-store,Card,Completed,31.8,0.0,0.8,0.0,32.6
ORD004028,2025-11-24 10:06:19,ST003,CUST00764,In-store,Card,Completed,14.4,0.0,1.84,0.0,16.24
ORD004029,2025-10-17 04:38:29,ST008,CUST00253,Online,Card,Completed,30.95,0.0,2.02,3.49,36.46
ORD004030,2025-12-11 21:20:53,ST005,CUST00257,In-store,Mobile Wallet,Completed,52.9,0.24,8.23,0.0,60.89
ORD004031,2025-07-29 23:52:52,ST003,CUST00318,In-store,Cash,Completed,31.0,1.44,1.82,0.0,31.38
ORD004032,2025-11-28 17:18:10,ST003,CUST00525,Online,Mobile Wallet,Completed,7.2,0.0,0.0,3.49,10.69
ORD004033,2025-10-02 02:10:51,ST002,,In-store,Card,Completed,26.5,0.0,0.94,0.0,27.44
ORD004034,2025-03-18 15:42:33,ST005,CUST00012,In-store,Card,Completed,13.1,0.0,0.64,0.0,13.74
ORD004035,2025-06-11 08:16:54,ST004,,In-store,Card,Completed,17.0,0.0,0.4,0.0,17.4
ORD004036,2025-12-31 23:31:26,ST006,,In-store,Card,Completed,32.35,0.0,3.9,0.0,36.25
ORD004037,2025-10-14 00:05:45,ST008,CUST00399,In-store,Cash,Completed,18.1,0.0,0.0,0.0,18.1
ORD004038,2025-03-27 16:18:55,ST001,,In-store,Mobile Wallet,Completed,11.55,0.0,0.3,0.0,11.85
ORD004039,2025-05-29 01:56:31,ST008,CUST00762,In-store,Card,Completed,16.7,0.0,0.0,0.0,16.7
ORD004040,2025-10-04 11:01:52,ST003,CUST00791,In-store,Card,Completed,3.8,0.0,0.0,0.0,3.8
ORD004041,2025-05-16 07:31:47,ST002,CUST00429,Online,Cash,Cancelled,3.7,0.0,0.0,3.49,0.0
ORD004042,2025-07-09 23:47:16,ST008,CUST00357,In-store,Card,Completed,19.85,0.96,0.82,0.0,19.71
ORD004043,2025-09-20 06:22:31,ST007,CUST00671,In-store,Card,Completed,51.4,0.0,3.52,0.0,54.92
ORD004044,2025-05-06 16:22:03,ST008,CUST00484,Online,Mobile Wallet,Completed,16.1,0.0,0.0,3.49,19.59
ORD004045,2025-04-29 12:17:58,ST008,CUST00256,In-store,Cash,Completed,17.45,0.0,1.94,0.0,19.39
ORD004046,2025-02-02 14:10:23,ST002,,In-store,Card,Completed,35.8,0.17,0.0,0.0,35.64
ORD004047,2025-01-15 18:57:19,ST006,CUST00489,In-store,Card,Completed,20.35,0.0,1.26,0.0,21.61
ORD004048,2025-01-13 05:50:09,ST003,CUST00688,In-store,Mobile Wallet,Completed,21.1,0.24,3.74,0.0,24.6
ORD004049,2025-08-31 23:30:15,ST002,CUST00198,In-store,Card,Completed,19.2,0.72,1.2,0.0,19.68
ORD004050,2025-11-14 13:23:31,ST008,,In-store,Card,Completed,9.8,0.0,1.96,0.0,11.76
ORD004051,2025-11-04 18:22:27,ST001,,In-store,Gift Card,Completed,26.1,0.0,2.96,0.0,29.06
ORD004052,2025-12-13 12:42:43,ST004,CUST00678,In-store,Card,Completed,16.3,0.0,0.24,0.0,16.54
ORD004053,2025-07-30 04:09:53,ST002,CUST00411,Online,Card,Completed,40.6,0.0,5.92,0.0,46.52
ORD004054,2025-06-24 15:37:15,ST001,CUST00661,In-store,Card,Completed,27.2,0.0,4.0,0.0,31.2
ORD004055,2025-04-10 11:52:55,ST008,,In-store,Mobile Wallet,Completed,33.2,0.0,2.8,0.0,36.0
ORD004056,2025-01-16 21:43:41,ST003,,Online,Cash,Completed,30.65,0.0,2.94,3.49,37.08
ORD004057,2025-06-21 15:54:19,ST008,CUST00735,Online,Cash,Completed,62.2,1.2,6.86,0.0,67.86
ORD004058,2025-03-11 18:26:07,ST005,CUST00269,In-store,Card,Completed,49.1,0.0,1.12,0.0,50.22
ORD004059,2025-05-09 00:32:17,ST006,CUST00510,In-store,Card,Completed,26.7,0.0,0.0,0.0,26.7
ORD004060,2025-11-25 13:13:48,ST005,CUST00780,Click & Collect,Card,Completed,27.95,0.0,2.21,0.0,30.16
ORD004061,2025-01-15 13:21:39,ST001,CUST00594,In-store,Cash,Completed,24.3,0.55,1.04,0.0,24.79
ORD004062,2025-01-11 23:05:22,ST001,CUST00425,Click & Collect,Card,Completed,23.55,0.0,1.04,0.0,24.59
ORD004063,2025-04-16 01:25:42,ST005,CUST00053,Online,Card,Completed,22.0,0.94,1.04,3.49,25.59
ORD004064,2025-01-14 09:22:44,ST002,CUST00660,Click & Collect,Card,Completed,10.55,0.0,0.72,0.0,11.27
ORD004065,2025-09-10 13:53:02,ST002,CUST00393,Click & Collect,Card,Completed,12.45,0.0,0.0,0.0,12.45
ORD004066,2025-03-09 19:40:20,ST007,CUST00450,In-store,Card,Completed,17.95,0.0,0.88,0.0,18.83
ORD004067,2025-01-13 11:34:48,ST002,,Online,Card,Completed,24.95,0.0,0.91,3.49,29.35
ORD004068,2025-11-08 07:09:14,ST001,CUST00742,In-store,Card,Completed,6.6,0.0,0.0,0.0,6.6
ORD004069,2025-01-06 20:21:20,ST008,CUST00778,In-store,Card,Completed,29.45,0.22,3.45,0.0,32.68
ORD004070,2025-08-27 23:13:25,ST005,,In-store,Card,Completed,30.4,0.23,0.6,0.0,30.77
ORD004071,2025-03-15 02:28:58,ST002,,Online,Card,Completed,38.55,0.0,2.4,3.49,44.44
ORD004072,2025-04-10 23:35:10,ST007,CUST00799,In-store,Mobile Wallet,Completed,40.6,0.0,1.92,0.0,42.52
ORD004073,2025-12-17 15:58:34,ST003,CUST00788,Click & Collect,Gift Card,Completed,29.85,0.0,2.46,0.0,32.31
ORD004074,2025-03-14 05:04:49,ST008,CUST00179,Online,Card,Completed,1.9,0.0,0.0,3.49,5.39
ORD004075,2025-07-05 05:32:17,ST002,CUST00793,In-store,Card,Refunded,23.45,1.31,0.37,0.0,22.51
ORD004076,2025-08-22 16:18:31,ST004,,In-store,Mobile Wallet,Completed,42.75,2.16,3.48,0.0,44.07
ORD004077,2025-01-25 10:33:24,ST007,,Online,Card,Completed,20.8,0.0,0.0,3.49,24.29
ORD004078,2025-08-07 15:05:21,ST006,CUST00035,In-store,Mobile Wallet,Completed,17.3,0.0,2.46,0.0,19.76
ORD004079,2025-01-05 23:17:11,ST007,,In-store,Card,Completed,111.2,1.22,4.32,0.0,114.3
ORD004080,2025-11-03 18:07:54,ST003,,In-store,Card,Completed,1.5,0.0,0.0,0.0,1.5
ORD004081,2025-11-21 06:43:11,ST004,CUST00703,In-store,Card,Completed,8.7,0.0,0.72,0.0,9.42
ORD004082,2025-12-05 03:04:01,ST005,CUST00006,In-store,Cash,Refunded,58.15,0.54,7.95,0.0,65.57
ORD004083,2025-06-29 16:40:09,ST001,,In-store,Card,Completed,29.0,0.0,0.92,0.0,29.92
ORD004084,2025-09-01 05:39:23,ST001,CUST00250,Online,Card,Completed,19.7,0.0,1.7,3.49,24.89
ORD004085,2025-01-02 22:35:07,ST002,CUST00336,In-store,Card,Completed,46.9,2.75,1.2,0.0,45.35
ORD004086,2025-01-01 12:17:24,ST006,,Online,Cash,Completed,30.85,0.0,2.05,3.49,36.39
ORD004087,2025-01-10 21:33:27,ST006,CUST00613,Click & Collect,Card,Completed,24.9,0.0,1.2,0.0,26.1
ORD004088,2025-11-15 10:08:19,ST003,CUST00749,In-store,Card,Completed,43.2,0.0,2.08,0.0,45.28
ORD004089,2025-04-10 18:09:21,ST001,CUST00537,In-store,Cash,Completed,20.75,0.0,2.0,0.0,22.75
ORD004090,2025-06-18 11:22:31,ST002,CUST00269,In-store,Card,Completed,30.85,0.0,2.68,0.0,33.53
ORD004091,2025-12-30 06:03:02,ST006,,In-store,Cash,Completed,19.75,0.0,0.0,0.0,19.75
ORD004092,2025-12-01 17:03:06,ST006,CUST00638,Online,Card,Completed,10.6,0.0,1.36,3.49,15.45
ORD004093,2025-02-03 10:31:53,ST003,CUST00012,In-store,Card,Completed,22.9,0.67,2.04,0.0,24.27
ORD004094,2025-02-10 03:47:47,ST004,CUST00168,Click & Collect,Card,Completed,34.2,0.0,4.44,0.0,38.64
ORD004095,2025-04-26 21:18:02,ST007,,In-store,Cash,Completed,50.7,0.0,8.72,0.0,59.42
ORD004096,2025-03-05 13:52:56,ST007,CUST00163,In-store,Card,Completed,43.6,0.0,0.0,0.0,43.6
ORD004097,2025-03-02 02:11:08,ST006,CUST00416,In-store,Card,Completed,13.7,0.0,0.3,0.0,14.0
ORD004098,2025-01-03 07:00:09,ST002,,In-store,Card,Completed,31.7,0.12,2.4,0.0,33.98
ORD004099,2025-11-08 12:39:44,ST003,,In-store,Cash,Completed,13.1,0.0,2.14,0.0,15.24
ORD004100,2025-09-09 10:48:38,ST006,CUST00173,In-store,Mobile Wallet,Completed,18.9,0.0,2.08,0.0,20.98
ORD004101,2025-04-28 03:58:50,ST003,CUST00217,In-store,Card,Completed,30.95,0.0,0.37,0.0,31.32
ORD004102,2025-06-24 18:52:44,ST003,CUST00689,In-store,Cash,Completed,10.45,0.0,0.6,0.0,11.05
ORD004103,2025-05-19 21:53:25,ST008,,In-store,Card,Completed,26.95,0.0,1.86,0.0,28.81
ORD004104,2025-02-14 16:35:40,ST008,CUST00685,In-store,Card,Completed,12.1,0.0,0.9,0.0,13.0
ORD004105,2025-11-18 09:20:48,ST004,CUST00740,In-store,Cash,Completed,10.2,0.0,0.36,0.0,10.56
ORD004106,2025-06-02 22:40:05,ST007,CUST00111,In-store,Card,Completed,44.3,0.0,3.9,0.0,48.2
ORD004107,2025-03-15 21:21:23,ST007,CUST00753,Online,Card,Completed,62.55,0.0,3.72,0.0,66.27
ORD004108,2025-06-12 21:22:55,ST006,CUST00533,In-store,Card,Completed,4.0,0.0,0.0,0.0,4.0
ORD004109,2025-11-16 01:50:51,ST006,,In-store,Gift Card,Completed,20.25,0.0,2.36,0.0,22.61
ORD004110,2025-09-09 18:31:44,ST003,,In-store,Card,Completed,48.6,0.0,6.76,0.0,55.36
ORD004111,2025-05-25 06:32:54,ST007,,In-store,Card,Completed,48.9,0.0,4.1,0.0,53.0
ORD004112,2025-09-13 08:30:00,ST006,,In-store,Mobile Wallet,Refunded,26.0,1.8,3.8,0.0,28.0
ORD004113,2025-10-24 12:27:38,ST002,CUST00609,In-store,Card,Completed,18.2,0.0,0.4,0.0,18.6
ORD004114,2025-04-18 23:59:14,ST006,CUST00426,In-store,Card,Completed,52.35,2.78,1.88,0.0,51.45
ORD004115,2025-08-18 13:11:35,ST002,,In-store,Cash,Completed,1.1,0.0,0.0,0.0,1.1
ORD004116,2025-05-22 20:17:32,ST006,CUST00200,In-store,Mobile Wallet,Completed,24.8,0.0,1.32,0.0,26.12
ORD004117,2025-04-07 10:32:21,ST001,CUST00532,Click & Collect,Card,Completed,39.3,0.33,2.08,0.0,41.05
ORD004118,2025-06-17 12:19:50,ST002,CUST00295,In-store,Card,Completed,30.5,0.0,3.3,0.0,33.8
ORD004119,2025-11-13 15:56:08,ST005,,In-store,Card,Completed,9.6,0.0,0.0,0.0,9.6
ORD004120,2025-06-17 19:05:37,ST005,CUST00213,In-store,Card,Completed,19.8,0.0,0.92,0.0,20.72
ORD004121,2025-11-27 09:28:31,ST007,CUST00575,In-store,Cash,Completed,40.7,0.0,1.8,0.0,42.5
ORD004122,2025-10-15 22:05:25,ST006,CUST00107,In-store,Card,Completed,2.2,0.0,0.0,0.0,2.2
ORD004123,2025-12-11 10:09:06,ST002,CUST00729,Online,Gift Card,Completed,48.6,0.0,0.3,0.0,48.9
ORD004124,2025-07-02 16:44:58,ST008,CUST00656,In-store,Card,Completed,15.4,0.0,0.0,0.0,15.4
ORD004125,2025-07-24 03:40:00,ST007,,Online,Card,Completed,48.3,0.0,4.7,0.0,53.0
ORD004126,2025-11-19 22:37:07,ST008,CUST00138,In-store,Card,Completed,84.3,0.0,5.4,0.0,89.7
ORD004127,2025-10-31 20:23:08,ST008,CUST00111,In-store,Mobile Wallet,Completed,16.6,0.0,3.32,0.0,19.92
ORD004128,2025-10-04 07:08:31,ST001,,In-store,Mobile Wallet,Completed,32.8,0.0,3.24,0.0,36.04
ORD004129,2025-05-05 09:58:30,ST001,,In-store,Cash,Completed,19.9,0.0,2.39,0.0,22.29
ORD004130,2025-11-29 21:39:50,ST006,CUST00621,In-store,Card,Refunded,8.6,0.0,0.76,0.0,9.36
ORD004131,2025-03-31 12:26:22,ST004,CUST00286,In-store,Mobile Wallet,Completed,11.0,0.0,0.34,0.0,11.34
ORD004132,2025-11-26 20:15:15,ST006,,Online,Card,Completed,14.5,0.0,1.04,3.49,19.03
ORD004133,2025-05-23 11:41:12,ST004,,In-store,Card,Completed,8.7,0.0,0.54,0.0,9.24
ORD004134,2025-11-18 17:12:48,ST001,CUST00265,In-store,Card,Completed,6.9,0.0,0.0,0.0,6.9
ORD004135,2025-03-31 03:58:47,ST004,CUST00423,Online,Mobile Wallet,Completed,3.1,0.0,0.0,3.49,6.59
ORD004136,2025-01-12 07:18:56,ST008,CUST00040,In-store,Cash,Completed,18.6,0.0,1.08,0.0,19.68
ORD004137,2025-07-10 06:24:11,ST003,CUST00800,In-store,Card,Completed,22.35,0.96,0.0,0.0,21.39
ORD004138,2025-06-26 22:58:27,ST002,CUST00702,In-store,Card,Completed,11.9,0.6,0.42,0.0,11.72
ORD004139,2025-10-09 14:00:39,ST004,,Click & Collect,Card,Completed,14.9,0.0,0.88,0.0,15.78
ORD004140,2025-11-14 08:36:29,ST001,CUST00704,In-store,Card,Completed,42.25,0.0,2.74,0.0,44.99
ORD004141,2025-07-01 02:16:23,ST005,,In-store,Card,Completed,15.5,0.0,1.28,0.0,16.78
ORD004142,2025-02-18 10:56:58,ST002,CUST00230,Click & Collect,Card,Completed,51.0,0.0,3.72,0.0,54.72
ORD004143,2025-10-15 03:51:53,ST005,CUST00360,In-store,Card,Completed,12.0,0.0,0.0,0.0,12.0
ORD004144,2025-06-12 13:19:41,ST008,CUST00371,In-store,Cash,Completed,24.8,0.23,0.58,0.0,25.15
ORD004145,2025-08-04 10:37:34,ST004,CUST00586,In-store,Cash,Completed,43.2,0.0,2.16,0.0,45.36
ORD004146,2025-10-28 17:28:51,ST007,CUST00736,In-store,Card,Completed,11.7,0.0,0.86,0.0,12.56
ORD004147,2025-08-21 03:55:02,ST005,,Online,Card,Completed,25.5,0.0,1.32,3.49,30.31
ORD004148,2025-09-09 17:28:09,ST007,,In-store,Card,Completed,4.2,0.0,0.0,0.0,4.2
ORD004149,2025-06-04 15:11:22,ST001,,Click & Collect,Card,Completed,47.95,0.92,2.37,0.0,49.4
ORD004150,2025-03-11 16:35:15,ST008,CUST00567,Online,Cash,Completed,43.85,0.0,0.64,0.0,44.49
ORD004151,2025-02-02 08:00:25,ST005,CUST00378,In-store,Card,Completed,37.35,0.33,2.08,0.0,39.1
ORD004152,2025-10-17 17:28:37,ST006,CUST00161,Online,Card,Completed,62.0,0.0,7.82,0.0,69.82
ORD004153,2025-10-27 22:43:32,ST006,CUST00621,Click & Collect,Card,Completed,26.5,0.0,1.5,0.0,28.0
ORD004154,2025-06-03 02:10:14,ST008,CUST00264,In-store,Card,Completed,25.4,0.0,0.9,0.0,26.3
ORD004155,2025-01-12 10:45:19,ST001,CUST00686,Online,Card,Completed,31.3,0.19,1.86,3.49,36.46
ORD004156,2025-07-07 12:08:28,ST002,CUST00270,Click & Collect,Cash,Completed,12.55,0.0,0.0,0.0,12.55
ORD004157,2025-09-12 11:16:35,ST007,,Online,Card,Completed,13.0,0.0,2.6,3.49,19.09
ORD004158,2025-01-26 01:51:00,ST003,CUST00429,In-store,Card,Completed,25.2,0.0,1.52,0.0,26.72
ORD004159,2025-08-06 03:08:07,ST003,CUST00590,In-store,Card,Completed,12.1,0.0,1.02,0.0,13.12
ORD004160,2025-06-05 16:18:41,ST006,CUST00392,In-store,Cash,Completed,18.0,1.8,0.0,0.0,16.2
ORD004161,2025-03-27 19:59:27,ST005,CUST00779,Online,Card,Completed,24.5,0.0,3.68,3.49,31.67
ORD004162,2025-11-29 23:28:14,ST006,CUST00087,Online,Cash,Completed,44.9,0.0,3.1,0.0,48.0
ORD004163,2025-05-30 04:58:12,ST005,,In-store,Card,Completed,11.1,0.0,0.0,0.0,11.1
ORD004164,2025-02-24 09:06:48,ST008,CUST00185,In-store,Card,Completed,36.0,0.0,1.2,0.0,37.2
ORD004165,2025-08-15 19:40:32,ST005,CUST00369,In-store,Card,Completed,14.65,0.0,0.36,0.0,15.01
ORD004166,2025-01-29 22:27:23,ST001,CUST00391,In-store,Card,Completed,31.65,1.37,0.0,0.0,30.28
ORD004167,2025-05-20 05:06:34,ST003,,In-store,Card,Completed,28.05,0.0,0.37,0.0,28.42
ORD004168,2025-03-23 21:38:48,ST006,CUST00444,In-store,Cash,Completed,14.35,0.0,0.61,0.0,14.96
ORD004169,2025-03-15 12:07:46,ST001,CUST00182,In-store,Mobile Wallet,Completed,45.3,0.0,2.52,0.0,47.82
ORD004170,2025-06-07 23:17:08,ST005,CUST00680,In-store,Gift Card,Completed,5.0,0.0,0.3,0.0,5.3
ORD004171,2025-11-03 08:31:28,ST004,CUST00705,Online,Card,Completed,23.6,0.0,1.04,3.49,28.13
ORD004172,2025-05-29 09:11:02,ST006,CUST00772,Click & Collect,Card,Completed,15.25,0.0,0.98,0.0,16.23
ORD004173,2025-12-25 18:45:58,ST007,,In-store,Card,Completed,58.1,0.0,6.6,0.0,64.7
ORD004174,2025-12-26 15:34:16,ST006,,In-store,Card,Completed,18.7,0.0,0.36,0.0,19.06
ORD004175,2025-10-14 18:23:36,ST002,,In-store,Card,Completed,46.0,0.0,4.44,0.0,50.44
ORD004176,2025-03-20 16:08:34,ST004,,Click & Collect,Cash,Completed,24.1,0.0,0.72,0.0,24.82
ORD004177,2025-01-17 15:48:25,ST005,,In-store,Card,Completed,16.7,0.0,1.26,0.0,17.96
ORD004178,2025-07-30 06:52:05,ST008,CUST00532,Click & Collect,Gift Card,Completed,36.0,0.6,2.46,0.0,37.86
ORD004179,2025-02-25 01:03:47,ST004,,In-store,Cash,Completed,47.55,0.0,3.92,0.0,51.47
ORD004180,2025-01-11 00:40:28,ST001,CUST00696,In-store,Gift Card,Completed,3.6,0.0,0.72,0.0,4.32
ORD004181,2025-02-15 20:42:46,ST005,CUST00231,In-store,Card,Completed,14.4,0.17,1.42,0.0,15.66
ORD004182,2025-11-05 12:53:08,ST004,,Click & Collect,Gift Card,Completed,7.1,0.0,0.18,0.0,7.28
ORD004183,2025-09-05 08:56:33,ST004,CUST00454,In-store,Card,Completed,4.8,0.3,0.9,0.0,5.4
ORD004184,2025-05-22 11:18:46,ST005,,In-store,Card,Completed,50.45,0.0,2.1,0.0,52.55
ORD004185,2025-01-02 20:29:26,ST004,CUST00060,In-store,Cash,Completed,32.1,0.0,0.0,0.0,32.1
ORD004186,2025-09-26 11:30:53,ST007,CUST00780,In-store,Cash,Completed,28.55,0.0,0.52,0.0,29.07
ORD004187,2025-12-06 07:07:23,ST004,,In-store,Card,Completed,8.7,0.0,1.26,0.0,9.96
ORD004188,2025-02-10 17:49:41,ST008,,In-store,Card,Completed,33.4,1.57,0.66,0.0,32.49
ORD004189,2025-09-20 13:21:01,ST006,CUST00311,In-store,Card,Completed,27.15,0.6,1.86,0.0,28.41
ORD004190,2025-06-29 01:30:25,ST001,CUST00317,Click & Collect,Cash,Completed,22.85,0.0,1.28,0.0,24.13
ORD004191,2025-01-19 10:30:23,ST004,CUST00122,In-store,Card,Completed,8.25,0.44,0.77,0.0,8.58
ORD004192,2025-12-07 14:24:29,ST003,,In-store,Mobile Wallet,Completed,38.6,0.0,0.64,0.0,39.24
ORD004193,2025-09-02 22:10:45,ST008,CUST00165,In-store,Card,Completed,2.2,0.0,0.0,0.0,2.2
ORD004194,2025-08-30 01:58:05,ST008,CUST00314,Click & Collect,Cash,Completed,37.1,0.0,3.28,0.0,40.38
ORD004195,2025-04-08 06:19:40,ST006,CUST00124,Online,Card,Completed,10.7,0.0,1.26,3.49,15.45
ORD004196,2025-05-19 06:36:36,ST008,,In-store,Card,Completed,5.05,0.0,0.0,0.0,5.05
ORD004197,2025-03-24 16:00:19,ST004,CUST00658,In-store,Mobile Wallet,Completed,35.6,0.0,2.92,0.0,38.52
ORD004198,2025-06-20 23:16:05,ST007,CUST00129,In-store,Mobile Wallet,Completed,33.5,0.0,2.0,0.0,35.5
ORD004199,2025-05-21 05:04:55,ST005,CUST00235,Online,Card,Completed,34.0,0.0,0.0,3.49,37.49
ORD004200,2025-06-24 21:30:22,ST004,,In-store,Card,Completed,9.6,0.0,0.6,0.0,10.2
ORD004201,2025-06-04 23:42:03,ST007,CUST00562,In-store,Card,Completed,22.65,0.0,3.0,0.0,25.65
ORD004202,2025-03-18 15:09:20,ST007,CUST00096,In-store,Card,Completed,36.5,0.0,0.74,0.0,37.24
ORD004203,2025-02-26 03:08:04,ST006,CUST00460,In-store,Card,Completed,17.75,1.8,0.0,0.0,15.95
ORD004204,2025-02-16 08:28:21,ST008,,In-store,Card,Completed,6.45,0.0,0.0,0.0,6.45
ORD004205,2025-06-04 03:26:50,ST005,CUST00283,Online,Card,Completed,30.3,0.0,2.36,3.49,36.15
ORD004206,2025-09-12 11:55:29,ST005,CUST00646,Online,Card,Completed,41.0,0.0,2.52,0.0,43.52
ORD004207,2025-06-08 12:13:39,ST003,CUST00582,In-store,Card,Completed,9.5,0.0,0.64,0.0,10.14
ORD004208,2025-11-09 01:43:28,ST006,CUST00123,In-store,Cash,Completed,14.75,0.0,0.64,0.0,15.39
ORD004209,2025-05-13 02:42:16,ST003,CUST00179,In-store,Mobile Wallet,Completed,23.8,0.0,3.46,0.0,27.26
ORD004210,2025-11-16 00:16:48,ST005,,In-store,Card,Completed,8.5,0.0,0.0,0.0,8.5
ORD004211,2025-05-31 12:36:49,ST007,CUST00508,In-store,Card,Completed,5.5,0.0,0.3,0.0,5.8
ORD004212,2025-07-06 06:40:06,ST006,CUST00302,In-store,Card,Completed,18.4,0.6,0.36,0.0,18.16
ORD004213,2025-01-14 05:05:07,ST006,CUST00415,In-store,Card,Completed,18.1,0.0,1.68,0.0,19.78
ORD004214,2025-12-13 00:29:38,ST004,,Online,Card,Completed,24.7,0.0,0.37,3.49,28.56
ORD004215,2025-06-06 22:44:31,ST004,,In-store,Cash,Completed,67.0,0.0,10.04,0.0,77.04
ORD004216,2025-08-02 18:53:19,ST005,CUST00134,In-store,Card,Completed,12.6,0.0,0.3,0.0,12.9
ORD004217,2025-06-10 00:03:46,ST002,,In-store,Card,Completed,46.6,0.0,8.52,0.0,55.12
ORD004218,2025-03-28 05:22:13,ST002,,In-store,Cash,Completed,28.1,0.0,0.8,0.0,28.9
ORD004219,2025-08-29 16:01:45,ST002,CUST00431,Click & Collect,Mobile Wallet,Completed,4.8,0.0,0.96,0.0,5.76
ORD004220,2025-04-24 09:04:38,ST004,,Click & Collect,Cash,Completed,33.8,0.0,0.0,0.0,33.8
ORD004221,2025-05-15 08:07:58,ST005,CUST00146,Online,Card,Completed,2.4,0.0,0.0,3.49,5.89
ORD004222,2025-09-26 03:16:22,ST007,,In-store,Cash,Completed,14.0,0.0,0.0,0.0,14.0
ORD004223,2025-09-20 05:27:42,ST007,CUST00128,Click & Collect,Card,Completed,8.4,0.0,0.0,0.0,8.4
ORD004224,2025-09-14 14:24:25,ST002,CUST00288,In-store,Mobile Wallet,Cancelled,24.6,1.8,1.08,0.0,0.0
ORD004225,2025-07-12 09:19:18,ST001,CUST00454,In-store,Mobile Wallet,Completed,2.6,0.0,0.52,0.0,3.12
ORD004226,2025-06-27 17:28:48,ST003,,In-store,Card,Completed,10.9,0.0,0.9,0.0,11.8
ORD004227,2025-01-14 14:43:48,ST002,CUST00603,In-store,Mobile Wallet,Completed,16.8,0.3,0.0,0.0,16.5
ORD004228,2025-05-03 13:43:18,ST002,,In-store,Card,Completed,30.05,0.0,3.98,0.0,34.03
ORD004229,2025-02-24 13:08:34,ST004,CUST00618,Online,Card,Completed,34.9,0.32,1.0,3.49,39.08
ORD004230,2025-11-07 11:48:54,ST006,CUST00432,Online,Cash,Completed,42.8,0.0,4.7,0.0,47.5
ORD004231,2025-06-07 19:35:09,ST007,CUST00532,Online,Card,Completed,24.25,0.0,4.48,3.49,32.22
ORD004232,2025-07-15 10:34:10,ST008,,In-store,Card,Completed,13.1,0.0,1.86,0.0,14.96
ORD004233,2025-05-09 02:05:20,ST002,CUST00791,Click & Collect,Card,Completed,11.4,0.0,0.0,0.0,11.4
ORD004234,2025-11-03 13:42:23,ST006,CUST00708,In-store,Card,Completed,7.2,0.0,0.0,0.0,7.2
ORD004235,2025-08-24 21:31:30,ST003,CUST00744,Online,Card,Completed,7.0,0.0,0.0,3.49,10.49
ORD004236,2025-12-16 06:35:33,ST002,CUST00492,Online,Cash,Completed,19.9,0.0,2.46,3.49,25.85
ORD004237,2025-10-16 03:13:13,ST002,,Click & Collect,Card,Completed,10.3,0.0,0.0,0.0,10.3
ORD004238,2025-12-30 17:28:20,ST002,CUST00576,In-store,Mobile Wallet,Completed,1.3,0.0,0.0,0.0,1.3
ORD004239,2025-05-19 04:25:31,ST003,CUST00531,In-store,Card,Completed,21.6,0.0,0.72,0.0,22.32
ORD004240,2025-12-30 09:39:42,ST008,CUST00214,In-store,Card,Completed,27.25,0.0,3.54,0.0,30.79
ORD004241,2025-05-13 15:11:35,ST007,CUST00677,In-store,Card,Completed,43.1,0.0,2.17,0.0,45.27
ORD004242,2025-10-28 14:21:00,ST003,,Online,Cash,Completed,18.9,0.0,2.14,3.49,24.53
ORD004243,2025-04-25 11:00:58,ST008,CUST00525,In-store,Card,Completed,30.45,0.0,2.1,0.0,32.55
ORD004244,2025-07-19 00:53:35,ST004,CUST00421,In-store,Card,Completed,18.15,0.0,0.96,0.0,19.11
ORD004245,2025-03-28 07:42:21,ST005,,Click & Collect,Mobile Wallet,Completed,38.15,0.0,1.44,0.0,39.59
ORD004246,2025-10-26 17:45:56,ST001,,Online,Cash,Completed,4.8,0.0,0.96,3.49,9.25
ORD004247,2025-11-29 14:55:39,ST003,CUST00273,In-store,Card,Completed,12.15,0.0,0.44,0.0,12.59
ORD004248,2025-09-26 14:36:40,ST007,CUST00005,In-store,Card,Completed,30.35,0.0,1.9,0.0,32.25
ORD004249,2025-04-08 06:06:24,ST003,CUST00529,In-store,Card,Completed,5.55,0.0,0.92,0.0,6.47
ORD004250,2025-04-26 22:14:38,ST008,CUST00185,Click & Collect,Card,Completed,41.35,0.0,0.0,0.0,41.35
ORD004251,2025-07-24 02:23:38,ST001,,In-store,Mobile Wallet,Completed,4.4,0.0,0.0,0.0,4.4
ORD004252,2025-10-07 03:18:02,ST007,CUST00720,Click & Collect,Card,Completed,21.1,0.0,3.5,0.0,24.6
ORD004253,2025-01-19 23:39:35,ST003,CUST00270,Online,Card,Completed,1.6,0.0,0.0,3.49,5.09
ORD004254,2025-06-19 11:24:37,ST003,CUST00647,Online,Mobile Wallet,Completed,11.0,0.0,0.0,3.49,14.49
ORD004255,2025-03-18 17:58:12,ST007,CUST00184,In-store,Card,Completed,30.45,0.0,0.0,0.0,30.45
ORD004256,2025-03-10 21:56:06,ST005,,In-store,Card,Completed,25.0,0.0,2.52,0.0,27.52
ORD004257,2025-06-11 11:25:51,ST001,CUST00060,In-store,Card,Completed,25.05,0.0,4.02,0.0,29.07
ORD004258,2025-03-16 04:04:41,ST002,,Click & Collect,Card,Completed,12.4,0.0,0.48,0.0,12.88
ORD004259,2025-10-11 06:03:49,ST001,CUST00241,Online,Card,Completed,30.7,0.0,0.0,3.49,34.19
ORD004260,2025-01-09 07:27:08,ST005,CUST00523,Online,Card,Completed,22.05,0.0,3.5,3.49,29.04
ORD004261,2025-03-05 07:54:25,ST006,,Online,Card,Completed,35.6,0.0,0.6,3.49,39.69
ORD004262,2025-01-26 22:16:05,ST004,CUST00298,Online,Card,Completed,25.05,0.11,4.15,3.49,32.58
ORD004263,2025-11-14 17:23:34,ST002,CUST00325,Online,Card,Completed,33.3,0.0,0.0,3.49,36.79
ORD004264,2025-03-16 14:41:42,ST004,CUST00065,Online,Card,Completed,34.65,0.0,0.75,3.49,38.89
ORD004265,2025-09-20 17:02:58,ST003,CUST00428,In-store,Card,Completed,9.7,0.0,0.0,0.0,9.7
ORD004266,2025-10-05 09:44:39,ST005,,Click & Collect,Card,Completed,22.25,0.0,0.74,0.0,22.99
ORD004267,2025-09-06 12:09:31,ST006,,In-store,Card,Completed,23.8,0.3,2.48,0.0,25.98
ORD004268,2025-09-21 05:11:28,ST003,CUST00206,In-store,Card,Completed,8.8,0.0,1.04,0.0,9.84
ORD004269,2025-12-24 19:52:58,ST007,CUST00001,Online,Mobile Wallet,Completed,18.45,0.0,0.92,3.49,22.86
ORD004270,2025-12-12 14:27:29,ST001,CUST00778,In-store,Card,Completed,18.7,0.3,1.76,0.0,20.16
ORD004271,2025-12-17 08:46:03,ST005,,In-store,Cash,Completed,35.6,0.0,3.68,0.0,39.28
ORD004272,2025-04-13 03:03:19,ST008,CUST00104,Online,Card,Completed,15.35,0.0,0.78,3.49,19.62
ORD004273,2025-02-06 14:23:19,ST006,CUST00230,In-store,Cash,Completed,34.45,0.0,5.54,0.0,39.99
ORD004274,2025-11-17 07:54:21,ST004,CUST00145,In-store,Card,Completed,37.1,0.0,6.5,0.0,43.6
ORD004275,2025-11-26 13:20:36,ST001,,In-store,Mobile Wallet,Completed,26.7,0.0,0.0,0.0,26.7
ORD004276,2025-05-12 15:11:20,ST003,CUST00565,In-store,Card,Completed,23.25,0.0,1.0,0.0,24.25
ORD004277,2025-03-25 16:18:03,ST007,CUST00182,In-store,Card,Completed,29.9,0.0,2.84,0.0,32.74
ORD004278,2025-08-21 10:32:00,ST001,CUST00284,In-store,Card,Completed,4.7,0.0,0.0,0.0,4.7
ORD004279,2025-08-21 20:39:56,ST004,CUST00264,In-store,Card,Completed,23.3,0.0,2.38,0.0,25.68
ORD004280,2025-04-13 05:23:52,ST001,CUST00030,In-store,Card,Completed,7.5,0.0,0.0,0.0,7.5
ORD004281,2025-01-01 19:40:32,ST003,CUST00581,Online,Card,Completed,67.1,1.74,1.68,0.0,67.05
ORD004282,2025-12-01 02:00:51,ST006,CUST00497,In-store,Card,Completed,16.7,0.77,1.77,0.0,17.7
ORD004283,2025-05-13 23:14:19,ST004,CUST00545,In-store,Cash,Completed,9.75,0.0,0.0,0.0,9.75
ORD004284,2025-04-27 13:21:36,ST004,,In-store,Mobile Wallet,Completed,52.3,0.0,2.91,0.0,55.21
ORD004285,2025-04-17 12:34:00,ST007,CUST00239,Click & Collect,Card,Completed,2.0,0.0,0.0,0.0,2.0
ORD004286,2025-07-26 02:14:39,ST005,CUST00521,In-store,Card,Completed,3.4,0.0,0.0,0.0,3.4
ORD004287,2025-02-12 09:15:14,ST001,,Click & Collect,Card,Completed,24.3,0.0,2.76,0.0,27.06
ORD004288,2025-06-17 16:41:01,ST006,CUST00689,In-store,Card,Completed,8.0,0.0,0.44,0.0,8.44
ORD004289,2025-11-06 00:53:59,ST001,CUST00232,In-store,Card,Completed,24.0,0.0,0.0,0.0,24.0
ORD004290,2025-05-28 10:18:46,ST006,,In-store,Card,Completed,29.1,0.0,1.92,0.0,31.02
ORD004291,2025-07-06 14:02:47,ST002,CUST00605,In-store,Mobile Wallet,Completed,43.9,0.0,5.24,0.0,49.14
ORD004292,2025-02-04 07:33:21,ST002,CUST00128,In-store,Card,Completed,52.2,0.0,0.6,0.0,52.8
ORD004293,2025-10-22 18:55:43,ST008,CUST00141,In-store,Mobile Wallet,Cancelled,46.7,0.0,3.66,0.0,0.0
ORD004294,2025-06-14 14:44:29,ST005,CUST00330,Online,Card,Completed,22.8,0.0,0.0,3.49,26.29
ORD004295,2025-09-27 09:55:03,ST004,CUST00045,In-store,Card,Completed,6.3,0.9,1.08,0.0,6.48
ORD004296,2025-12-27 16:32:33,ST005,CUST00334,Online,Card,Completed,35.75,0.0,2.72,3.49,41.96
ORD004297,2025-05-06 10:24:11,ST001,CUST00775,In-store,Card,Completed,16.0,0.0,2.6,0.0,18.6
ORD004298,2025-06-19 06:34:59,ST001,CUST00050,In-store,Card,Completed,14.5,0.0,2.14,0.0,16.64
ORD004299,2025-09-24 16:51:30,ST005,CUST00049,In-store,Cash,Completed,18.4,0.0,2.4,0.0,20.8
ORD004300,2025-04-07 09:24:26,ST007,CUST00615,In-store,Card,Completed,24.95,0.0,0.72,0.0,25.67
ORD004301,2025-04-27 05:16:54,ST008,CUST00443,In-store,Card,Completed,11.95,0.0,1.4,0.0,13.35
ORD004302,2025-12-04 21:22:38,ST008,CUST00296,Online,Card,Completed,28.15,0.54,2.53,3.49,33.64
ORD004303,2025-01-14 10:17:13,ST002,,In-store,Card,Cancelled,41.7,0.6,0.0,0.0,0.0
ORD004304,2025-08-15 00:54:11,ST008,,In-store,Card,Completed,68.75,3.1,3.2,0.0,68.85
ORD004305,2025-04-22 20:17:02,ST001,,In-store,Card,Completed,48.45,0.0,0.54,0.0,48.99
ORD004306,2025-12-26 06:19:06,ST007,CUST00250,In-store,Card,Completed,39.1,0.0,2.7,0.0,41.8
ORD004307,2025-06-07 17:24:06,ST004,CUST00491,In-store,Cash,Completed,1.2,0.0,0.24,0.0,1.44
ORD004308,2025-10-17 17:57:57,ST001,CUST00422,In-store,Card,Completed,6.4,0.0,0.0,0.0,6.4
ORD004309,2025-07-21 19:05:12,ST003,CUST00583,In-store,Card,Completed,63.6,0.0,4.88,0.0,68.48
ORD004310,2025-03-05 20:34:23,ST002,CUST00258,In-store,Card,Completed,25.55,0.0,3.16,0.0,28.71
ORD004311,2025-12-23 02:03:27,ST005,CUST00491,In-store,Cash,Completed,21.4,0.48,1.74,0.0,22.66
ORD004312,2025-10-23 08:47:08,ST002,,Online,Mobile Wallet,Completed,24.2,0.0,1.92,3.49,29.61
ORD004313,2025-12-15 02:26:18,ST002,CUST00670,Click & Collect,Card,Completed,1.1,0.0,0.0,0.0,1.1
ORD004314,2025-07-27 21:21:49,ST006,CUST00379,In-store,Card,Completed,13.7,0.0,2.74,0.0,16.44
ORD004315,2025-07-24 06:57:57,ST004,CUST00472,In-store,Card,Completed,6.0,0.0,0.0,0.0,6.0
ORD004316,2025-04-11 06:13:23,ST004,,In-store,Card,Completed,27.5,0.0,1.04,0.0,28.54
ORD004317,2025-06-21 04:47:21,ST001,CUST00613,Click & Collect,Card,Completed,28.1,0.0,1.12,0.0,29.22
ORD004318,2025-08-26 10:07:32,ST002,CUST00275,In-store,Card,Completed,18.0,0.0,0.0,0.0,18.0
ORD004319,2025-10-09 06:08:47,ST002,,In-store,Card,Completed,11.4,0.0,0.0,0.0,11.4
ORD004320,2025-10-18 06:02:38,ST005,CUST00489,Online,Mobile Wallet,Completed,11.15,0.0,1.08,3.49,15.72
ORD004321,2025-02-04 08:56:45,ST004,CUST00675,In-store,Card,Completed,12.25,0.3,1.36,0.0,13.31
ORD004322,2025-04-19 11:51:39,ST001,CUST00277,Online,Card,Completed,22.0,0.0,0.0,3.49,25.49
ORD004323,2025-10-09 06:52:02,ST007,,In-store,Card,Completed,62.5,0.0,2.4,0.0,64.9
ORD004324,2025-06-28 18:03:15,ST003,CUST00426,Online,Card,Completed,11.2,0.0,1.86,3.49,16.55
ORD004325,2025-07-12 18:12:27,ST001,,Online,Card,Completed,12.85,0.0,0.0,3.49,16.34
ORD004326,2025-04-20 09:34:55,ST002,,In-store,Card,Cancelled,4.9,0.0,0.0,0.0,0.0
ORD004327,2025-06-17 14:44:18,ST003,CUST00686,In-store,Cash,Completed,6.85,0.0,0.3,0.0,7.15
ORD004328,2025-06-11 06:32:02,ST007,CUST00689,In-store,Cash,Completed,83.2,4.2,2.88,0.0,81.88
ORD004329,2025-04-19 04:13:55,ST003,,In-store,Card,Completed,3.6,0.0,0.0,0.0,3.6
ORD004330,2025-08-27 19:06:36,ST007,CUST00028,In-store,Card,Completed,9.2,0.0,1.2,0.0,10.4
ORD004331,2025-01-14 19:40:10,ST008,,Online,Card,Completed,1.2,0.0,0.24,3.49,4.93
ORD004332,2025-01-06 22:36:21,ST008,CUST00777,In-store,Card,Completed,36.2,0.0,3.52,0.0,39.72
ORD004333,2025-09-11 22:04:19,ST008,,In-store,Card,Completed,17.9,0.6,0.56,0.0,17.86
ORD004334,2025-08-30 06:50:28,ST006,,In-store,Cash,Completed,24.0,0.0,4.1,0.0,28.1
ORD004335,2025-08-06 09:25:55,ST004,CUST00678,Online,Card,Completed,29.7,0.0,1.2,3.49,34.39
ORD004336,2025-06-18 07:40:10,ST006,,In-store,Mobile Wallet,Completed,3.3,0.0,0.0,0.0,3.3
ORD004337,2025-04-29 04:47:41,ST008,CUST00536,In-store,Mobile Wallet,Completed,16.8,0.0,0.36,0.0,17.16
ORD004338,2025-05-28 10:53:47,ST004,CUST00265,In-store,Card,Completed,89.9,0.0,11.18,0.0,101.08
ORD004339,2025-07-24 11:25:25,ST001,,In-store,Card,Completed,31.0,0.0,4.92,0.0,35.92
ORD004340,2025-07-24 05:13:51,ST003,CUST00437,Click & Collect,Card,Completed,9.8,0.0,0.0,0.0,9.8
ORD004341,2025-02-15 14:27:58,ST004,CUST00113,Online,Card,Completed,7.9,0.0,0.6,3.49,11.99
ORD004342,2025-10-02 12:39:01,ST003,,In-store,Card,Completed,20.65,0.0,0.67,0.0,21.32
ORD004343,2025-12-16 00:23:39,ST005,CUST00357,In-store,Mobile Wallet,Completed,25.15,0.3,4.6,0.0,29.45
ORD004344,2025-06-03 21:57:03,ST005,CUST00026,In-store,Card,Refunded,32.45,0.0,2.5,0.0,34.95
ORD004345,2025-11-02 13:56:09,ST003,CUST00412,Online,Card,Completed,15.15,0.0,0.38,3.49,19.02
ORD004346,2025-09-09 03:21:43,ST007,CUST00592,Click & Collect,Card,Completed,22.05,0.0,0.3,0.0,22.35
ORD004347,2025-03-23 09:49:37,ST005,,In-store,Card,Completed,19.7,0.0,1.11,0.0,20.81
ORD004348,2025-02-17 08:21:57,ST008,CUST00505,In-store,Card,Completed,16.95,0.0,1.4,0.0,18.35
ORD004349,2025-03-03 21:04:05,ST004,CUST00230,In-store,Card,Completed,50.55,0.0,0.76,0.0,51.31
ORD004350,2025-04-06 15:55:18,ST008,,In-store,Card,Completed,25.7,1.15,0.82,0.0,25.37
ORD004351,2025-01-23 15:31:59,ST007,,Click & Collect,Card,Completed,40.8,0.0,5.82,0.0,46.62
ORD004352,2025-07-03 03:36:00,ST003,CUST00792,Online,Card,Completed,33.5,1.44,1.04,3.49,36.59
ORD004353,2025-06-21 17:38:44,ST007,CUST00265,Online,Card,Completed,47.2,2.48,1.84,0.0,46.56
ORD004354,2025-11-21 22:46:10,ST002,CUST00055,In-store,Card,Completed,21.8,0.0,0.0,0.0,21.8
ORD004355,2025-09-05 19:49:55,ST008,CUST00388,In-store,Card,Completed,44.2,0.0,2.24,0.0,46.44
ORD004356,2025-11-06 09:51:42,ST004,,In-store,Card,Completed,22.0,0.0,2.0,0.0,24.0
ORD004357,2025-12-27 11:40:08,ST008,CUST00554,In-store,Card,Completed,48.6,0.0,2.6,0.0,51.2
ORD004358,2025-04-15 10:56:59,ST002,CUST00180,In-store,Card,Refunded,7.1,0.0,0.24,0.0,7.34
ORD004359,2025-02-02 03:04:53,ST003,,Online,Card,Refunded,33.8,0.0,3.74,3.49,41.03
ORD004360,2025-03-19 12:57:37,ST008,,In-store,Card,Completed,33.7,0.0,5.06,0.0,38.76
ORD004361,2025-03-02 02:14:15,ST007,CUST00285,In-store,Card,Completed,20.15,0.0,0.3,0.0,20.45
ORD004362,2025-02-26 13:02:04,ST005,CUST00291,In-store,Card,Completed,7.55,0.0,0.4,0.0,7.95
ORD004363,2025-03-21 05:42:24,ST004,CUST00405,In-store,Card,Completed,53.05,0.0,0.72,0.0,53.77
ORD004364,2025-01-10 23:07:02,ST005,CUST00480,In-store,Card,Completed,19.05,0.0,3.37,0.0,22.42
ORD004365,2025-06-30 20:24:28,ST001,,In-store,Card,Completed,10.5,0.0,0.0,0.0,10.5
ORD004366,2025-01-23 07:23:24,ST008,CUST00147,In-store,Card,Completed,5.6,0.3,0.52,0.0,5.82
ORD004367,2025-05-27 15:54:36,ST001,,In-store,Mobile Wallet,Completed,23.55,0.0,3.38,0.0,26.93
ORD004368,2025-05-15 12:51:30,ST006,CUST00608,In-store,Cash,Completed,14.4,0.0,0.9,0.0,15.3
ORD004369,2025-01-10 11:01:56,ST004,CUST00569,Online,Cash,Completed,12.0,0.0,0.37,3.49,15.86
ORD004370,2025-12-07 21:52:53,ST001,CUST00631,In-store,Card,Completed,15.8,0.0,0.96,0.0,16.76
ORD004371,2025-08-27 14:05:06,ST008,CUST00483,In-store,Card,Completed,23.55,0.0,1.43,0.0,24.98
ORD004372,2025-09-27 13:10:10,ST007,CUST00448,Online,Cash,Completed,26.0,0.6,1.2,3.49,30.09
ORD004373,2025-08-06 06:05:18,ST002,CUST00647,In-store,Card,Completed,22.7,0.0,0.74,0.0,23.44
ORD004374,2025-03-31 14:08:24,ST008,,In-store,Card,Completed,24.9,0.0,2.0,0.0,26.9
ORD004375,2025-09-13 01:02:27,ST004,CUST00596,In-store,Mobile Wallet,Completed,37.0,0.0,5.1,0.0,42.1
ORD004376,2025-08-22 20:36:30,ST006,CUST00382,Online,Card,Completed,41.7,0.72,4.8,0.0,45.78
ORD004377,2025-05-14 00:18:32,ST001,,In-store,Card,Completed,3.7,0.0,0.0,0.0,3.7
ORD004378,2025-01-13 06:56:49,ST002,,In-store,Mobile Wallet,Completed,25.9,0.0,3.2,0.0,29.1
ORD004379,2025-12-04 22:17:26,ST007,,In-store,Card,Completed,5.2,0.0,1.04,0.0,6.24
ORD004380,2025-07-21 00:16:10,ST007,,In-store,Card,Completed,57.4,0.72,7.8,0.0,64.48
ORD004381,2025-07-22 10:57:09,ST007,CUST00581,In-store,Card,Completed,29.4,0.0,3.46,0.0,32.86
ORD004382,2025-10-14 08:29:34,ST005,CUST00566,In-store,Card,Completed,18.8,0.0,1.52,0.0,20.32
ORD004383,2025-12-17 12:44:54,ST006,CUST00768,In-store,Card,Completed,14.6,0.0,0.0,0.0,14.6
ORD004384,2025-08-24 23:34:43,ST003,,In-store,Card,Completed,24.15,0.0,1.16,0.0,25.31
ORD004385,2025-08-24 07:54:53,ST004,CUST00337,In-store,Cash,Completed,52.2,0.62,1.3,0.0,52.88
ORD004386,2025-01-09 05:51:39,ST002,CUST00288,Online,Card,Completed,32.85,0.0,0.88,3.49,37.22
ORD004387,2025-10-07 04:12:49,ST006,CUST00538,Online,Card,Completed,33.2,0.0,0.9,3.49,37.59
ORD004388,2025-07-16 10:54:23,ST008,CUST00569,Online,Card,Completed,22.8,0.0,1.86,3.49,28.15
ORD004389,2025-06-25 10:43:55,ST003,CUST00236,Online,Gift Card,Cancelled,1.5,0.0,0.3,3.49,0.0
ORD004390,2025-10-08 20:01:24,ST008,,In-store,Cash,Completed,15.0,0.0,1.32,0.0,16.32
ORD004391,2025-10-06 16:08:11,ST001,,In-store,Mobile Wallet,Completed,14.5,0.0,0.37,0.0,14.87
ORD004392,2025-02-13 00:22:21,ST002,CUST00105,Online,Cash,Cancelled,10.8,0.0,1.92,3.49,0.0
ORD004393,2025-08-08 02:33:29,ST006,CUST00584,Click & Collect,Card,Completed,46.6,1.44,3.9,0.0,49.06
ORD004394,2025-08-29 11:32:18,ST006,,In-store,Cash,Completed,2.75,0.0,0.0,0.0,2.75
ORD004395,2025-03-13 05:22:01,ST001,,In-store,Card,Completed,49.2,0.0,1.04,0.0,50.24
ORD004396,2025-01-18 03:08:49,ST004,CUST00198,In-store,Card,Completed,1.5,0.0,0.0,0.0,1.5
ORD004397,2025-03-22 00:16:00,ST004,CUST00683,Online,Cash,Completed,27.6,0.0,3.1,3.49,34.19
ORD004398,2025-05-22 12:27:17,ST003,CUST00672,Click & Collect,Card,Completed,32.15,0.0,3.1,0.0,35.25
ORD004399,2025-03-01 07:17:45,ST004,CUST00029,Online,Cash,Completed,23.0,0.0,1.04,3.49,27.53
ORD004400,2025-10-18 20:26:38,ST003,,In-store,Card,Completed,20.1,0.0,4.02,0.0,24.12
ORD004401,2025-04-11 11:19:36,ST005,CUST00702,Online,Card,Completed,27.1,0.0,3.82,3.49,34.41
ORD004402,2025-01-01 18:36:17,ST008,CUST00421,Online,Mobile Wallet,Completed,10.25,0.8,0.0,3.49,12.94
ORD004403,2025-09-10 00:07:38,ST008,CUST00110,In-store,Card,Cancelled,42.1,0.3,2.32,0.0,0.0
ORD004404,2025-01-25 05:37:04,ST005,CUST00711,In-store,Card,Completed,6.8,0.0,0.88,0.0,7.68
ORD004405,2025-09-30 18:52:14,ST002,CUST00122,Online,Card,Completed,12.0,0.0,0.0,3.49,15.49
ORD004406,2025-10-04 21:47:31,ST001,CUST00436,Online,Mobile Wallet,Completed,52.35,0.0,2.6,0.0,54.95
ORD004407,2025-12-22 12:10:33,ST007,CUST00191,Online,Card,Completed,14.85,0.0,0.0,3.49,18.34
ORD004408,2025-12-03 12:58:52,ST003,CUST00562,Online,Card,Completed,81.15,0.0,4.12,0.0,85.27
ORD004409,2025-05-25 16:27:54,ST004,CUST00424,In-store,Mobile Wallet,Completed,19.6,0.0,0.96,0.0,20.56
ORD004410,2025-10-31 00:11:59,ST007,CUST00406,In-store,Card,Completed,11.85,0.0,1.08,0.0,12.93
ORD004411,2025-12-27 03:14:45,ST004,CUST00483,In-store,Card,Completed,10.2,0.0,1.0,0.0,11.2
ORD004412,2025-12-23 04:43:32,ST006,CUST00558,In-store,Card,Completed,23.9,0.12,2.72,0.0,26.5
ORD004413,2025-09-17 20:59:06,ST002,,In-store,Card,Completed,17.8,0.0,0.0,0.0,17.8
ORD004414,2025-03-24 05:44:05,ST003,CUST00210,Online,Card,Completed,27.6,0.0,3.58,3.49,34.67
ORD004415,2025-05-04 18:01:52,ST005,CUST00215,In-store,Card,Completed,7.95,0.0,0.0,0.0,7.95
ORD004416,2025-05-10 14:27:30,ST003,CUST00177,In-store,Card,Completed,17.75,0.0,1.58,0.0,19.33
ORD004417,2025-04-21 18:34:01,ST005,,In-store,Card,Completed,19.95,0.0,0.0,0.0,19.95
ORD004418,2025-03-18 07:31:07,ST005,CUST00607,In-store,Card,Completed,43.05,0.0,0.0,0.0,43.05
ORD004419,2025-06-05 05:53:53,ST004,CUST00715,In-store,Card,Completed,16.15,0.0,1.92,0.0,18.07
ORD004420,2025-02-27 23:29:21,ST003,CUST00417,In-store,Mobile Wallet,Completed,70.8,0.0,2.6,0.0,73.4
ORD004421,2025-12-12 20:57:09,ST005,,Online,Card,Completed,11.95,0.44,1.02,3.49,16.02
ORD004422,2025-03-09 02:45:57,ST004,,In-store,Card,Completed,24.35,0.0,0.0,0.0,24.35
ORD004423,2025-03-19 08:29:02,ST006,CUST00656,In-store,Card,Completed,20.55,0.0,1.02,0.0,21.57
ORD004424,2025-01-25 07:30:38,ST008,CUST00117,Online,Card,Completed,5.2,0.0,0.0,3.49,8.69
ORD004425,2025-09-10 14:02:32,ST001,CUST00051,Online,Card,Completed,26.6,0.0,2.02,3.49,32.11
ORD004426,2025-07-04 06:42:02,ST007,CUST00562,In-store,Card,Completed,14.1,0.0,0.44,0.0,14.54
ORD004427,2025-09-01 07:41:39,ST001,CUST00023,Online,Card,Completed,35.6,0.0,1.26,3.49,40.35
ORD004428,2025-03-18 05:34:25,ST004,CUST00654,Click & Collect,Card,Completed,33.2,0.0,1.98,0.0,35.18
ORD004429,2025-12-31 05:42:16,ST008,CUST00225,In-store,Mobile Wallet,Completed,8.8,0.0,0.38,0.0,9.18
ORD004430,2025-06-08 16:09:26,ST006,,In-store,Cash,Completed,24.7,0.0,4.5,0.0,29.2
ORD004431,2025-10-10 10:49:38,ST007,,In-store,Card,Completed,5.0,0.0,0.3,0.0,5.3
ORD004432,2025-01-23 00:13:18,ST003,,In-store,Card,Completed,45.5,0.0,1.62,0.0,47.12
ORD004433,2025-09-10 16:44:39,ST007,CUST00770,In-store,Card,Completed,6.45,0.0,0.89,0.0,7.34
ORD004434,2025-05-26 15:24:59,ST006,CUST00124,Online,Card,Completed,5.35,0.0,0.0,3.49,8.84
ORD004435,2025-01-22 19:08:57,ST002,CUST00792,In-store,Card,Completed,9.0,0.28,0.64,0.0,9.36
ORD004436,2025-03-18 12:43:27,ST006,CUST00462,In-store,Mobile Wallet,Completed,30.6,0.0,0.52,0.0,31.12
ORD004437,2025-02-13 19:24:48,ST001,CUST00531,In-store,Card,Completed,9.2,0.3,0.0,0.0,8.9
ORD004438,2025-01-02 04:44:09,ST008,CUST00777,In-store,Card,Completed,27.4,0.17,4.26,0.0,31.49
ORD004439,2025-05-25 12:33:33,ST003,CUST00120,In-store,Cash,Completed,23.55,0.0,2.6,0.0,26.15
ORD004440,2025-04-27 02:01:43,ST007,CUST00326,In-store,Card,Refunded,23.4,0.0,1.04,0.0,24.44
ORD004441,2025-12-05 02:42:10,ST008,CUST00671,Online,Card,Completed,3.0,0.0,0.0,3.49,6.49
ORD004442,2025-08-29 13:54:24,ST005,CUST00791,In-store,Card,Completed,13.4,0.0,0.0,0.0,13.4
ORD004443,2025-06-06 20:34:34,ST008,CUST00042,In-store,Card,Completed,25.7,0.0,1.3,0.0,27.0
ORD004444,2025-07-26 10:53:16,ST007,CUST00076,Click & Collect,Card,Cancelled,17.6,0.0,1.62,0.0,0.0
ORD004445,2025-03-18 13:39:00,ST003,CUST00651,In-store,Card,Completed,4.2,0.0,0.44,0.0,4.64
ORD004446,2025-05-07 02:11:37,ST004,CUST00016,In-store,Mobile Wallet,Completed,18.0,0.0,1.2,0.0,19.2
ORD004447,2025-08-14 20:54:25,ST006,CUST00470,Online,Card,Completed,3.2,0.0,0.0,3.49,6.69
ORD004448,2025-03-21 13:47:10,ST003,,In-store,Mobile Wallet,Completed,22.1,0.0,0.64,0.0,22.74
ORD004449,2025-01-11 03:33:56,ST005,CUST00797,In-store,Card,Completed,23.8,0.3,0.84,0.0,24.34
ORD004450,2025-04-14 12:11:31,ST007,,In-store,Mobile Wallet,Completed,14.9,0.0,0.78,0.0,15.68
ORD004451,2025-07-06 03:03:16,ST004,,In-store,Card,Completed,6.9,0.0,0.24,0.0,7.14
ORD004452,2025-08-31 19:37:59,ST004,CUST00560,Online,Card,Completed,14.2,0.0,2.44,3.49,20.13
ORD004453,2025-04-01 16:21:16,ST006,CUST00072,In-store,Card,Completed,38.4,0.0,1.06,0.0,39.46
ORD004454,2025-12-11 04:14:11,ST006,,In-store,Card,Completed,14.95,0.0,1.06,0.0,16.01
ORD004455,2025-01-31 01:29:06,ST007,CUST00699,In-store,Mobile Wallet,Completed,14.2,0.0,2.08,0.0,16.28
ORD004456,2025-02-05 21:21:05,ST008,CUST00513,In-store,Card,Completed,16.95,0.0,0.64,0.0,17.59
ORD004457,2025-06-27 00:33:59,ST006,,In-store,Card,Completed,28.8,0.96,2.56,0.0,30.4
ORD004458,2025-04-07 04:09:44,ST006,CUST00282,Click & Collect,Card,Completed,14.9,1.25,0.0,0.0,13.65
ORD004459,2025-06-25 05:14:19,ST007,CUST00031,In-store,Cash,Completed,10.75,0.0,0.38,0.0,11.13
ORD004460,2025-03-27 07:56:59,ST007,CUST00697,Online,Card,Completed,23.4,0.0,1.26,3.49,28.15
ORD004461,2025-01-23 04:51:56,ST002,CUST00271,In-store,Card,Completed,46.95,0.0,1.92,0.0,48.87
ORD004462,2025-06-22 16:45:12,ST005,,In-store,Card,Completed,43.0,0.0,0.36,0.0,43.36
ORD004463,2025-10-10 20:30:39,ST004,,In-store,Card,Completed,4.4,0.0,0.88,0.0,5.28
ORD004464,2025-08-04 05:33:10,ST008,,In-store,Mobile Wallet,Completed,17.4,0.0,2.08,0.0,19.48
ORD004465,2025-01-16 10:20:24,ST006,CUST00790,In-store,Card,Completed,1.9,0.0,0.38,0.0,2.28
ORD004466,2025-11-01 04:32:44,ST001,CUST00785,In-store,Cash,Completed,1.2,0.0,0.0,0.0,1.2
ORD004467,2025-12-03 04:16:33,ST001,,In-store,Card,Completed,7.6,0.0,0.48,0.0,8.08
ORD004468,2025-10-11 08:39:29,ST004,CUST00326,In-store,Mobile Wallet,Completed,29.6,0.0,1.5,0.0,31.1
ORD004469,2025-12-06 23:06:03,ST005,CUST00496,In-store,Mobile Wallet,Completed,25.35,0.0,2.88,0.0,28.23
ORD004470,2025-12-11 05:10:01,ST004,CUST00478,In-store,Card,Completed,12.15,0.0,0.0,0.0,12.15
ORD004471,2025-11-20 15:20:02,ST004,,In-store,Mobile Wallet,Completed,40.5,0.0,4.78,0.0,45.28
ORD004472,2025-04-15 03:38:07,ST005,,In-store,Cash,Completed,29.7,0.19,1.6,0.0,31.11
ORD004473,2025-12-14 14:37:30,ST003,CUST00170,In-store,Cash,Completed,35.45,0.0,0.0,0.0,35.45
ORD004474,2025-07-19 01:12:00,ST005,CUST00360,In-store,Card,Completed,40.5,1.2,2.52,0.0,41.82
ORD004475,2025-03-15 09:54:32,ST001,,Online,Card,Completed,23.2,0.0,1.8,3.49,28.49
ORD004476,2025-01-30 17:30:27,ST006,CUST00309,In-store,Mobile Wallet,Completed,21.3,0.0,0.0,0.0,21.3
ORD004477,2025-03-04 00:03:30,ST002,CUST00107,Online,Card,Completed,14.5,0.0,1.72,3.49,19.71
ORD004478,2025-10-18 06:06:24,ST002,CUST00785,Online,Mobile Wallet,Completed,6.9,0.0,0.72,3.49,11.11
ORD004479,2025-08-04 17:13:03,ST002,,In-store,Card,Completed,3.2,0.0,0.0,0.0,3.2
ORD004480,2025-02-27 23:08:53,ST005,CUST00487,In-store,Card,Completed,17.3,0.0,3.06,0.0,20.36
ORD004481,2025-10-28 12:06:52,ST008,CUST00784,In-store,Card,Completed,34.4,0.0,0.52,0.0,34.92
ORD004482,2025-02-08 14:28:59,ST006,CUST00720,In-store,Card,Completed,44.7,0.0,0.0,0.0,44.7
ORD004483,2025-09-13 04:57:42,ST004,CUST00271,Click & Collect,Card,Completed,44.8,0.3,2.68,0.0,47.18
ORD004484,2025-09-17 12:26:23,ST003,,In-store,Card,Completed,24.6,0.0,3.2,0.0,27.8
ORD004485,2025-05-26 21:17:34,ST006,CUST00417,Online,Mobile Wallet,Completed,22.05,0.0,3.76,3.49,29.3
ORD004486,2025-07-04 10:53:58,ST002,CUST00369,In-store,Mobile Wallet,Completed,33.4,0.0,1.62,0.0,35.02
ORD004487,2025-12-16 08:31:14,ST001,CUST00743,In-store,Card,Completed,16.0,0.15,1.04,0.0,16.89
ORD004488,2025-04-09 22:23:36,ST003,,In-store,Gift Card,Completed,19.8,0.0,3.66,0.0,23.46
ORD004489,2025-05-10 15:01:17,ST003,CUST00552,Online,Mobile Wallet,Completed,5.2,0.0,1.04,3.49,9.73
ORD004490,2025-03-28 03:32:33,ST001,CUST00132,Click & Collect,Card,Completed,29.8,0.0,2.88,0.0,32.68
ORD004491,2025-10-25 15:30:31,ST008,CUST00081,Online,Card,Completed,15.8,0.0,0.0,3.49,19.29
ORD004492,2025-10-07 16:50:00,ST002,CUST00470,In-store,Card,Completed,11.4,0.0,1.32,0.0,12.72
ORD004493,2025-04-17 14:02:06,ST007,,Click & Collect,Card,Completed,8.4,0.0,0.24,0.0,8.64
ORD004494,2025-11-16 08:00:06,ST001,CUST00148,In-store,Card,Completed,23.2,0.0,2.24,0.0,25.44
ORD004495,2025-01-19 00:27:55,ST003,CUST00284,Click & Collect,Card,Completed,37.15,0.0,5.15,0.0,42.3
ORD004496,2025-03-12 02:21:27,ST004,CUST00213,In-store,Card,Completed,28.2,0.0,0.42,0.0,28.62
ORD004497,2025-10-31 00:51:29,ST008,CUST00774,Click & Collect,Card,Completed,28.1,0.0,0.0,0.0,28.1
ORD004498,2025-09-02 07:55:49,ST004,CUST00432,In-store,Cash,Completed,29.6,0.9,3.02,0.0,31.72
ORD004499,2025-12-05 11:29:57,ST002,CUST00540,In-store,Card,Completed,25.9,0.0,5.18,0.0,31.08
ORD004500,2025-10-21 10:47:57,ST002,CUST00660,Online,Card,Completed,66.3,0.0,2.24,0.0,68.54
ORD004501,2025-10-09 11:13:07,ST004,CUST00409,In-store,Cash,Completed,28.55,0.0,2.28,0.0,30.83
ORD004502,2025-07-16 05:10:57,ST007,,Online,Card,Completed,28.8,2.88,0.0,3.49,29.41
ORD004503,2025-04-29 18:15:33,ST006,CUST00241,In-store,Card,Completed,31.95,0.0,3.18,0.0,35.13
ORD004504,2025-12-02 16:22:30,ST001,,In-store,Card,Completed,13.9,0.0,0.0,0.0,13.9
ORD004505,2025-07-03 13:59:09,ST004,CUST00265,Online,Card,Completed,38.4,0.0,0.3,3.49,42.19
ORD004506,2025-12-21 12:51:25,ST002,CUST00713,In-store,Cash,Completed,48.8,0.0,2.14,0.0,50.94
ORD004507,2025-01-09 12:15:39,ST004,CUST00213,In-store,Card,Completed,19.7,0.64,0.44,0.0,19.5
ORD004508,2025-01-11 23:18:11,ST005,CUST00636,In-store,Card,Completed,40.3,0.0,4.16,0.0,44.46
ORD004509,2025-07-10 13:23:52,ST002,CUST00383,Click & Collect,Card,Completed,23.5,0.0,4.46,0.0,27.96
ORD004510,2025-06-21 20:07:01,ST005,,Click & Collect,Card,Completed,58.55,1.44,2.22,0.0,59.33
ORD004511,2025-07-16 01:39:10,ST001,CUST00380,In-store,Card,Completed,21.55,0.0,1.32,0.0,22.87
ORD004512,2025-09-19 17:43:47,ST003,,In-store,Card,Completed,13.8,0.0,0.0,0.0,13.8
ORD004513,2025-12-24 05:34:17,ST003,CUST00004,In-store,Mobile Wallet,Refunded,16.8,0.0,0.36,0.0,17.16
ORD004514,2025-05-14 15:21:21,ST006,CUST00409,In-store,Card,Completed,31.55,0.0,0.52,0.0,32.07
ORD004515,2025-03-22 11:02:20,ST001,CUST00335,Online,Card,Completed,31.8,0.0,3.64,3.49,38.93
ORD004516,2025-02-12 13:21:03,ST003,,In-store,Cash,Completed,28.45,0.67,0.0,0.0,27.78
ORD004517,2025-01-20 02:22:51,ST004,CUST00286,In-store,Card,Completed,45.85,0.1,2.86,0.0,48.61
ORD004518,2025-12-20 22:41:14,ST005,CUST00692,Online,Cash,Completed,19.8,0.0,3.12,3.49,26.41
ORD004519,2025-05-11 23:50:03,ST003,,In-store,Card,Completed,37.5,0.0,0.8,0.0,38.3
ORD004520,2025-02-10 17:34:48,ST006,CUST00349,In-store,Card,Completed,30.7,0.0,1.56,0.0,32.26
ORD004521,2025-07-03 16:10:08,ST001,CUST00628,In-store,Card,Completed,26.6,0.48,0.0,0.0,26.12
ORD004522,2025-05-28 10:57:17,ST002,CUST00107,In-store,Card,Completed,32.35,0.0,0.9,0.0,33.25
ORD004523,2025-11-05 02:37:19,ST005,CUST00743,In-store,Card,Completed,30.5,0.0,0.37,0.0,30.87
ORD004524,2025-10-15 10:39:57,ST006,CUST00069,Online,Mobile Wallet,Completed,9.15,0.0,0.88,3.49,13.52
ORD004525,2025-03-28 16:09:53,ST007,CUST00068,Click & Collect,Card,Completed,8.65,0.0,0.0,0.0,8.65
ORD004526,2025-07-17 15:51:19,ST002,CUST00772,In-store,Card,Completed,41.75,0.0,5.48,0.0,47.23
ORD004527,2025-12-01 02:24:41,ST005,CUST00157,In-store,Card,Completed,32.8,2.16,5.33,0.0,35.97
ORD004528,2025-07-24 19:12:08,ST005,,In-store,Card,Completed,6.3,0.0,0.3,0.0,6.6
ORD004529,2025-07-10 15:57:06,ST007,CUST00274,In-store,Card,Completed,2.2,0.0,0.18,0.0,2.38
ORD004530,2025-05-29 08:20:40,ST007,CUST00652,In-store,Card,Completed,29.5,0.0,3.52,0.0,33.02
ORD004531,2025-03-26 22:17:39,ST003,CUST00351,In-store,Mobile Wallet,Completed,39.6,0.0,1.94,0.0,41.54
ORD004532,2025-09-11 23:36:17,ST008,CUST00758,In-store,Card,Completed,6.7,0.0,0.24,0.0,6.94
ORD004533,2025-08-13 20:29:19,ST001,,In-store,Card,Completed,32.65,0.0,1.74,0.0,34.39
ORD004534,2025-02-09 04:01:56,ST002,CUST00095,In-store,Card,Completed,3.2,0.0,0.0,0.0,3.2
ORD004535,2025-04-07 11:46:58,ST006,CUST00173,Online,Cash,Completed,34.1,0.0,1.92,3.49,39.51
ORD004536,2025-08-29 12:10:33,ST008,CUST00774,In-store,Cash,Completed,13.6,0.0,0.8,0.0,14.4
ORD004537,2025-01-19 11:27:36,ST008,CUST00553,In-store,Card,Completed,55.65,0.0,3.88,0.0,59.53
ORD004538,2025-07-24 14:08:29,ST006,CUST00039,In-store,Card,Completed,37.3,2.48,1.2,0.0,36.02
ORD004539,2025-09-23 08:51:24,ST002,,Click & Collect,Card,Completed,16.45,0.0,0.0,0.0,16.45
ORD004540,2025-05-13 13:03:06,ST007,CUST00056,In-store,Card,Completed,21.75,0.0,0.52,0.0,22.27
ORD004541,2025-04-05 15:29:12,ST006,CUST00050,In-store,Card,Completed,31.95,1.15,2.14,0.0,32.94
ORD004542,2025-06-04 16:22:46,ST006,CUST00176,In-store,Card,Completed,43.25,0.0,0.9,0.0,44.15
ORD004543,2025-01-08 13:00:18,ST006,CUST00776,Online,Card,Completed,28.6,0.0,2.46,3.49,34.55
ORD004544,2025-08-19 01:57:41,ST005,CUST00345,Online,Mobile Wallet,Completed,64.75,0.23,10.26,0.0,74.78
ORD004545,2025-02-08 10:16:48,ST003,CUST00368,In-store,Cash,Completed,50.25,0.0,6.75,0.0,57.0
ORD004546,2025-09-06 04:04:35,ST002,,In-store,Card,Completed,15.9,0.0,0.86,0.0,16.76
ORD004547,2025-03-31 03:40:44,ST001,CUST00459,In-store,Cash,Completed,14.65,0.0,0.36,0.0,15.01
ORD004548,2025-04-04 10:14:31,ST002,CUST00636,In-store,Mobile Wallet,Completed,28.4,0.0,1.7,0.0,30.1
ORD004549,2025-03-23 12:59:07,ST008,CUST00390,Click & Collect,Mobile Wallet,Refunded,69.7,0.0,0.42,0.0,70.12
ORD004550,2025-07-30 01:34:42,ST005,CUST00459,In-store,Card,Completed,23.35,0.0,2.0,0.0,25.35
ORD004551,2025-07-22 23:49:12,ST002,CUST00713,Online,Card,Completed,18.2,0.6,0.0,3.49,21.09
ORD004552,2025-01-01 06:30:36,ST003,CUST00252,In-store,Card,Completed,15.6,0.12,0.34,0.0,15.82
ORD004553,2025-04-16 02:45:08,ST004,,In-store,Card,Completed,41.1,0.0,0.9,0.0,42.0
ORD004554,2025-05-06 06:44:07,ST005,CUST00331,Click & Collect,Card,Completed,41.15,0.0,5.18,0.0,46.33
ORD004555,2025-10-21 15:48:26,ST003,CUST00687,Online,Mobile Wallet,Completed,4.2,0.0,0.0,3.49,7.69
ORD004556,2025-09-02 00:26:54,ST007,CUST00317,Online,Card,Completed,16.3,0.0,0.24,3.49,20.03
ORD004557,2025-03-09 09:51:17,ST005,CUST00168,In-store,Mobile Wallet,Completed,2.2,0.0,0.44,0.0,2.64
ORD004558,2025-06-02 19:52:36,ST005,CUST00277,In-store,Card,Completed,25.65,0.23,1.08,0.0,26.5
ORD004559,2025-06-19 15:46:31,ST008,,In-store,Card,Completed,27.65,0.0,0.0,0.0,27.65
ORD004560,2025-12-31 21:52:49,ST003,CUST00162,In-store,Card,Completed,33.45,0.0,0.37,0.0,33.82
ORD004561,2025-05-25 22:07:32,ST001,,In-store,Card,Completed,70.75,0.0,0.36,0.0,71.11
ORD004562,2025-02-06 12:25:50,ST001,,Online,Card,Completed,44.75,0.0,0.0,0.0,44.75
ORD004563,2025-06-17 22:44:04,ST005,CUST00207,In-store,Mobile Wallet,Refunded,15.6,0.6,0.0,0.0,15.0
ORD004564,2025-08-28 11:44:14,ST001,CUST00117,In-store,Card,Completed,16.7,0.0,2.52,0.0,19.22
ORD004565,2025-12-26 06:14:50,ST008,CUST00585,In-store,Cash,Completed,9.5,0.0,0.82,0.0,10.32
ORD004566,2025-05-30 17:34:06,ST002,CUST00638,In-store,Cash,Completed,12.9,0.0,1.84,0.0,14.74
ORD004567,2025-08-02 03:06:47,ST005,,In-store,Mobile Wallet,Completed,27.05,1.24,0.0,0.0,25.81
ORD004568,2025-10-06 09:36:58,ST004,CUST00227,In-store,Card,Completed,22.95,0.0,0.0,0.0,22.95
ORD004569,2025-12-10 15:44:03,ST008,CUST00195,In-store,Cash,Completed,25.9,0.0,1.68,0.0,27.58
ORD004570,2025-03-14 10:12:14,ST005,,In-store,Card,Completed,4.8,0.0,0.52,0.0,5.32
ORD004571,2025-08-30 08:08:48,ST003,,Online,Cash,Completed,22.15,0.0,1.7,3.49,27.34
ORD004572,2025-01-20 13:53:46,ST004,CUST00462,In-store,Card,Completed,44.55,0.17,5.29,0.0,49.67
ORD004573,2025-09-21 00:48:23,ST003,,In-store,Card,Completed,66.75,0.0,0.24,0.0,66.99
ORD004574,2025-04-04 14:50:47,ST001,CUST00475,In-store,Card,Completed,16.6,0.0,3.32,0.0,19.92
ORD004575,2025-09-22 06:24:26,ST002,CUST00299,In-store,Card,Completed,22.7,2.1,1.8,0.0,22.4
ORD004576,2025-08-19 08:35:01,ST008,CUST00766,Click & Collect,Card,Completed,28.1,0.0,3.0,0.0,31.1
ORD004577,2025-03-12 17:46:49,ST005,CUST00423,In-store,Card,Completed,28.45,0.0,0.0,0.0,28.45
ORD004578,2025-10-29 09:52:48,ST007,CUST00744,In-store,Card,Completed,21.9,0.0,1.26,0.0,23.16
ORD004579,2025-01-20 01:22:05,ST006,CUST00107,Click & Collect,Card,Completed,11.4,0.24,0.4,0.0,11.56
ORD004580,2025-08-06 11:31:16,ST001,CUST00179,Online,Mobile Wallet,Completed,35.35,1.8,2.46,3.49,39.5
ORD004581,2025-07-25 21:20:49,ST008,,Click & Collect,Cash,Completed,17.4,0.48,0.0,0.0,16.92
ORD004582,2025-03-24 06:59:46,ST005,CUST00621,Online,Gift Card,Completed,46.8,0.0,3.98,0.0,50.78
ORD004583,2025-10-13 09:30:46,ST006,CUST00148,In-store,Mobile Wallet,Completed,30.95,0.0,2.2,0.0,33.15
ORD004584,2025-02-26 11:15:37,ST003,CUST00715,In-store,Card,Completed,23.2,0.0,1.56,0.0,24.76
ORD004585,2025-04-02 11:36:46,ST001,CUST00038,Online,Card,Completed,29.7,0.0,0.9,3.49,34.09
ORD004586,2025-06-14 04:30:03,ST006,CUST00489,In-store,Card,Completed,18.6,0.6,2.52,0.0,20.52
ORD004587,2025-09-10 22:56:08,ST001,CUST00427,In-store,Card,Completed,21.25,0.9,3.4,0.0,23.75
ORD004588,2025-10-21 05:36:57,ST007,CUST00316,Click & Collect,Card,Completed,11.45,0.0,0.36,0.0,11.81
ORD004589,2025-05-16 13:43:17,ST004,CUST00283,In-store,Card,Completed,49.6,0.0,6.92,0.0,56.52
ORD004590,2025-11-01 21:59:51,ST002,CUST00187,In-store,Card,Completed,10.1,0.0,0.0,0.0,10.1
ORD004591,2025-08-03 09:31:09,ST003,,In-store,Gift Card,Completed,12.4,0.0,2.48,0.0,14.88
ORD004592,2025-11-29 14:38:36,ST008,CUST00621,In-store,Card,Completed,2.1,0.0,0.0,0.0,2.1
ORD004593,2025-10-11 00:03:59,ST003,CUST00785,In-store,Cash,Cancelled,60.55,0.0,0.0,0.0,0.0
ORD004594,2025-04-09 09:42:47,ST006,,In-store,Mobile Wallet,Completed,12.7,0.0,0.96,0.0,13.66
ORD004595,2025-09-06 01:19:37,ST007,CUST00055,In-store,Card,Completed,16.95,0.0,0.0,0.0,16.95
ORD004596,2025-08-09 10:31:02,ST004,CUST00014,Click & Collect,Card,Completed,63.9,3.72,2.72,0.0,62.9
ORD004597,2025-01-13 04:31:42,ST005,,Online,Cash,Completed,26.6,0.17,1.36,3.49,31.28
ORD004598,2025-08-03 05:15:45,ST002,CUST00482,In-store,Card,Completed,16.95,0.0,2.88,0.0,19.83
ORD004599,2025-11-01 22:54:12,ST002,,Online,Card,Completed,7.2,0.0,1.04,3.49,11.73
ORD004600,2025-06-13 12:51:27,ST005,CUST00479,In-store,Card,Completed,37.8,0.6,1.92,0.0,39.12
ORD004601,2025-01-30 08:26:51,ST003,,Online,Card,Refunded,7.85,0.1,0.34,3.49,11.59
ORD004602,2025-12-02 15:08:50,ST006,CUST00259,In-store,Card,Completed,13.7,0.0,0.0,0.0,13.7
ORD004603,2025-01-22 01:05:27,ST001,,In-store,Cash,Completed,55.35,1.1,2.56,0.0,56.81
ORD004604,2025-11-08 13:01:01,ST007,CUST00407,In-store,Card,Completed,14.3,0.0,0.34,0.0,14.64
ORD004605,2025-04-04 20:00:58,ST001,CUST00540,In-store,Card,Completed,13.5,0.0,2.7,0.0,16.2
ORD004606,2025-09-15 22:18:37,ST004,CUST00317,In-store,Cash,Completed,34.45,0.3,4.6,0.0,38.75
ORD004607,2025-09-14 10:45:04,ST007,CUST00752,In-store,Mobile Wallet,Completed,16.5,0.0,1.02,0.0,17.52
ORD004608,2025-06-14 05:07:04,ST001,CUST00465,In-store,Mobile Wallet,Completed,49.6,0.0,7.04,0.0,56.64
ORD004609,2025-10-21 08:42:45,ST004,,In-store,Card,Completed,0.95,0.0,0.0,0.0,0.95
ORD004610,2025-05-10 13:29:15,ST007,CUST00080,In-store,Cash,Completed,48.6,0.0,2.85,0.0,51.45
ORD004611,2025-08-18 11:21:46,ST005,CUST00580,In-store,Card,Completed,50.1,0.0,4.24,0.0,54.34
ORD004612,2025-05-06 00:16:27,ST006,CUST00560,In-store,Card,Completed,15.0,0.0,0.0,0.0,15.0
ORD004613,2025-10-01 22:51:22,ST008,,In-store,Card,Completed,12.95,0.0,0.84,0.0,13.79
ORD004614,2025-09-02 00:05:46,ST007,CUST00286,In-store,Card,Completed,28.9,0.0,1.8,0.0,30.7
ORD004615,2025-05-21 02:55:25,ST007,,Online,Card,Completed,60.6,0.0,0.98,0.0,61.58
ORD004616,2025-07-02 17:02:14,ST003,CUST00507,In-store,Cash,Completed,28.95,0.0,1.72,0.0,30.67
ORD004617,2025-11-29 05:10:50,ST007,CUST00656,In-store,Card,Completed,9.95,0.0,0.0,0.0,9.95
ORD004618,2025-09-15 04:38:49,ST005,CUST00667,In-store,Mobile Wallet,Completed,29.2,0.0,2.18,0.0,31.38
ORD004619,2025-01-01 23:37:21,ST002,CUST00505,In-store,Cash,Completed,3.6,0.15,0.42,0.0,3.87
ORD004620,2025-01-12 15:16:53,ST002,CUST00586,In-store,Mobile Wallet,Completed,31.5,0.0,3.9,0.0,35.4
ORD004621,2025-07-17 10:50:24,ST004,,In-store,Mobile Wallet,Completed,9.55,0.0,0.6,0.0,10.15
ORD004622,2025-07-10 07:35:06,ST002,,Online,Card,Completed,1.1,0.0,0.0,3.49,4.59
ORD004623,2025-01-23 03:47:26,ST006,CUST00329,In-store,Gift Card,Completed,28.2,1.0,1.04,0.0,28.24
ORD004624,2025-12-30 01:02:35,ST003,,Online,Mobile Wallet,Completed,38.5,0.0,0.74,3.49,42.73
ORD004625,2025-04-09 02:41:45,ST004,CUST00001,Online,Card,Completed,9.6,0.0,0.0,3.49,13.09
ORD004626,2025-10-02 14:59:06,ST003,CUST00168,In-store,Card,Completed,7.3,0.0,0.3,0.0,7.6
ORD004627,2025-01-09 03:05:55,ST007,,In-store,Card,Completed,12.9,0.24,0.9,0.0,13.56
ORD004628,2025-03-06 03:13:19,ST004,CUST00680,Online,Card,Completed,25.45,0.0,3.78,3.49,32.72
ORD004629,2025-01-03 20:18:28,ST005,CUST00129,Online,Cash,Completed,16.1,0.66,1.44,3.49,20.37
ORD004630,2025-12-03 07:14:18,ST008,CUST00693,In-store,Card,Completed,15.6,0.0,1.04,0.0,16.64
ORD004631,2025-03-11 15:32:05,ST008,CUST00578,In-store,Cash,Completed,20.3,0.0,2.04,0.0,22.34
ORD004632,2025-05-11 15:34:03,ST008,,Online,Mobile Wallet,Completed,1.1,0.0,0.0,3.49,4.59
ORD004633,2025-02-26 02:20:02,ST008,CUST00002,Click & Collect,Mobile Wallet,Completed,23.75,1.24,1.12,0.0,23.62
ORD004634,2025-01-31 18:00:46,ST002,CUST00606,In-store,Card,Completed,3.8,0.0,0.0,0.0,3.8
ORD004635,2025-09-12 22:57:01,ST005,CUST00694,In-store,Card,Completed,36.85,0.0,0.44,0.0,37.29
ORD004636,2025-09-11 22:14:00,ST004,CUST00153,In-store,Mobile Wallet,Completed,3.6,0.0,0.0,0.0,3.6
ORD004637,2025-03-04 19:18:53,ST008,CUST00184,In-store,Card,Completed,36.05,0.0,0.9,0.0,36.95
ORD004638,2025-05-01 13:01:57,ST002,CUST00480,Online,Card,Completed,35.7,0.0,2.12,3.49,41.31
ORD004639,2025-08-07 23:50:32,ST001,CUST00673,In-store,Card,Completed,51.2,0.0,1.46,0.0,52.66
ORD004640,2025-02-07 14:18:03,ST006,,Online,Mobile Wallet,Completed,12.45,0.0,0.96,3.49,16.9
ORD004641,2025-04-19 16:29:12,ST006,,In-store,Card,Completed,11.1,0.0,1.26,0.0,12.36
ORD004642,2025-11-24 22:22:56,ST005,CUST00026,Online,Card,Completed,16.45,0.0,2.68,3.49,22.62
ORD004643,2025-04-26 08:20:06,ST004,CUST00376,In-store,Card,Completed,57.0,0.0,3.92,0.0,60.92
ORD004644,2025-10-14 02:11:35,ST008,CUST00681,Online,Card,Completed,32.4,0.0,0.36,3.49,36.25
ORD004645,2025-08-13 05:42:53,ST006,CUST00155,In-store,Card,Completed,27.8,0.0,2.84,0.0,30.64
ORD004646,2025-06-18 08:53:51,ST005,CUST00308,Online,Card,Completed,7.8,0.0,0.0,3.49,11.29
ORD004647,2025-01-17 04:31:34,ST001,CUST00034,In-store,Card,Completed,23.8,0.0,2.84,0.0,26.64
ORD004648,2025-09-07 22:51:37,ST004,,Online,Card,Completed,16.3,0.0,2.96,3.49,22.75
ORD004649,2025-08-15 17:59:38,ST004,CUST00270,Click & Collect,Cash,Completed,12.3,0.0,0.0,0.0,12.3
ORD004650,2025-06-18 04:12:13,ST002,CUST00114,Online,Mobile Wallet,Completed,13.0,0.92,0.0,3.49,15.57
ORD004651,2025-12-02 15:09:58,ST008,,In-store,Mobile Wallet,Completed,13.2,0.0,2.64,0.0,15.84
ORD004652,2025-07-15 14:29:45,ST003,CUST00656,Online,Card,Completed,77.2,1.8,4.96,0.0,80.36
ORD004653,2025-07-02 23:25:26,ST007,CUST00118,In-store,Card,Completed,9.6,0.6,0.72,0.0,9.72
ORD004654,2025-10-20 12:18:22,ST007,,In-store,Mobile Wallet,Completed,1.7,0.0,0.0,0.0,1.7
ORD004655,2025-10-09 18:19:16,ST004,,Online,Card,Completed,24.8,0.0,3.06,3.49,31.35
ORD004656,2025-08-11 14:53:19,ST001,CUST00285,Online,Card,Completed,12.85,0.0,0.52,3.49,16.86
ORD004657,2025-11-01 22:10:06,ST004,CUST00129,In-store,Card,Completed,45.5,0.0,3.12,0.0,48.62
ORD004658,2025-12-31 16:52:46,ST005,,In-store,Card,Completed,17.45,0.0,0.92,0.0,18.37
ORD004659,2025-08-16 18:28:52,ST002,CUST00452,In-store,Cash,Completed,17.8,0.0,0.72,0.0,18.52
ORD004660,2025-08-08 23:49:17,ST003,,Online,Gift Card,Completed,10.15,0.0,0.0,3.49,13.64
ORD004661,2025-05-28 02:35:52,ST005,CUST00004,Click & Collect,Card,Completed,12.6,0.0,0.6,0.0,13.2
ORD004662,2025-03-30 20:08:31,ST002,CUST00325,In-store,Card,Completed,17.85,0.0,0.64,0.0,18.49
ORD004663,2025-08-10 04:14:26,ST008,CUST00218,In-store,Card,Completed,23.45,0.0,2.9,0.0,26.35
ORD004664,2025-01-06 05:48:00,ST002,CUST00341,In-store,Card,Completed,3.5,0.0,0.0,0.0,3.5
ORD004665,2025-07-08 20:53:02,ST008,CUST00618,In-store,Card,Completed,38.2,0.0,2.52,0.0,40.72
ORD004666,2025-03-03 22:36:14,ST004,CUST00219,Online,Cash,Completed,24.4,0.0,3.04,3.49,30.93
ORD004667,2025-12-14 00:36:44,ST006,CUST00668,Online,Cash,Completed,26.0,0.0,0.6,3.49,30.09
ORD004668,2025-04-01 23:38:11,ST006,,Online,Card,Completed,15.7,0.0,0.0,3.49,19.19
ORD004669,2025-10-22 02:37:32,ST005,CUST00129,In-store,Gift Card,Completed,14.9,0.0,0.72,0.0,15.62
ORD004670,2025-10-22 21:52:32,ST006,,In-store,Card,Completed,12.7,0.0,1.86,0.0,14.56
ORD004671,2025-11-27 06:23:09,ST004,CUST00659,Online,Card,Completed,42.5,0.0,1.8,0.0,44.3
ORD004672,2025-06-12 23:05:01,ST008,CUST00086,In-store,Cash,Completed,1.5,0.0,0.3,0.0,1.8
ORD004673,2025-06-04 01:54:27,ST002,CUST00745,In-store,Card,Completed,33.9,0.0,1.34,0.0,35.24
ORD004674,2025-02-06 00:19:16,ST005,,Online,Mobile Wallet,Completed,22.7,0.0,1.78,3.49,27.97
ORD004675,2025-08-15 11:35:32,ST004,CUST00761,In-store,Mobile Wallet,Completed,21.7,1.2,0.72,0.0,21.22
ORD004676,2025-08-17 19:46:38,ST007,CUST00268,In-store,Card,Completed,25.9,0.0,4.38,0.0,30.28
ORD004677,2025-04-25 13:26:18,ST002,CUST00027,Click & Collect,Card,Completed,16.8,0.0,0.0,0.0,16.8
ORD004678,2025-06-08 22:25:12,ST003,,In-store,Card,Completed,28.9,0.6,2.12,0.0,30.42
ORD004679,2025-12-07 05:54:24,ST007,,In-store,Card,Completed,22.8,0.77,1.77,0.0,23.8
ORD004680,2025-01-03 15:10:10,ST004,CUST00033,Click & Collect,Card,Completed,2.0,0.0,0.0,0.0,2.0
ORD004681,2025-07-05 19:02:15,ST007,CUST00657,In-store,Card,Completed,28.25,0.0,0.6,0.0,28.85
ORD004682,2025-07-19 01:53:48,ST005,CUST00466,In-store,Card,Completed,18.0,0.0,1.92,0.0,19.92
ORD004683,2025-10-17 06:49:15,ST001,CUST00332,In-store,Cash,Completed,11.0,0.0,0.0,0.0,11.0
ORD004684,2025-10-09 03:46:18,ST001,,In-store,Card,Completed,33.7,0.0,2.6,0.0,36.3
ORD004685,2025-04-04 18:25:15,ST006,CUST00202,Online,Cash,Completed,19.7,0.0,1.56,3.49,24.75
ORD004686,2025-04-03 15:48:16,ST001,,Click & Collect,Card,Completed,5.4,0.0,0.0,0.0,5.4
ORD004687,2025-06-20 15:47:06,ST002,,In-store,Cash,Completed,64.6,0.0,1.5,0.0,66.1
ORD004688,2025-05-13 07:15:07,ST007,,Online,Card,Refunded,13.9,0.0,2.34,3.49,19.73
ORD004689,2025-06-12 19:07:46,ST004,CUST00242,In-store,Mobile Wallet,Refunded,47.4,2.16,1.5,0.0,46.74
ORD004690,2025-12-06 02:22:10,ST001,CUST00211,Click & Collect,Card,Completed,14.4,0.0,1.22,0.0,15.62
ORD004691,2025-05-14 16:46:11,ST008,CUST00289,In-store,Cash,Completed,6.5,0.0,1.3,0.0,7.8
ORD004692,2025-05-05 14:23:50,ST006,CUST00431,Online,Card,Completed,13.15,0.0,0.73,3.49,17.37
ORD004693,2025-04-30 20:28:26,ST007,CUST00502,In-store,Cash,Completed,18.55,0.0,0.37,0.0,18.92
ORD004694,2025-03-31 05:55:45,ST004,CUST00642,In-store,Card,Completed,6.4,0.0,0.0,0.0,6.4
ORD004695,2025-10-04 10:32:24,ST003,,In-store,Card,Completed,14.2,0.0,1.26,0.0,15.46
ORD004696,2025-02-23 19:07:32,ST002,CUST00586,In-store,Card,Completed,39.9,0.0,1.78,0.0,41.68
ORD004697,2025-04-13 18:22:53,ST002,CUST00194,In-store,Cash,Completed,4.8,0.0,0.0,0.0,4.8
ORD004698,2025-11-08 17:51:10,ST006,CUST00370,In-store,Mobile Wallet,Completed,23.85,0.0,1.96,0.0,25.81
ORD004699,2025-05-11 06:58:45,ST004,CUST00070,In-store,Card,Completed,39.5,0.0,1.52,0.0,41.02
ORD004700,2025-02-28 02:22:12,ST007,CUST00753,Click & Collect,Card,Completed,26.2,0.0,2.0,0.0,28.2
ORD004701,2025-12-29 00:34:51,ST008,,In-store,Gift Card,Completed,5.2,0.0,0.8,0.0,6.0
ORD004702,2025-01-07 10:16:27,ST002,CUST00620,In-store,Card,Completed,32.2,1.58,0.3,0.0,30.92
ORD004703,2025-02-08 04:51:36,ST006,CUST00676,In-store,Card,Completed,16.35,0.28,1.64,0.0,17.71
ORD004704,2025-07-21 18:18:40,ST006,,In-store,Card,Completed,35.85,0.0,3.66,0.0,39.51
ORD004705,2025-06-14 11:08:28,ST004,CUST00741,In-store,Card,Completed,35.5,1.44,0.0,0.0,34.06
ORD004706,2025-07-17 02:20:08,ST004,CUST00148,In-store,Card,Cancelled,7.75,0.0,0.0,0.0,0.0
ORD004707,2025-07-22 13:44:33,ST005,CUST00504,Online,Mobile Wallet,Refunded,27.75,0.0,1.04,3.49,32.28
ORD004708,2025-12-21 21:49:17,ST007,,Online,Cash,Completed,55.95,0.0,0.64,0.0,56.59
ORD004709,2025-10-18 13:28:03,ST001,CUST00482,In-store,Cash,Completed,20.6,0.0,0.64,0.0,21.24
ORD004710,2025-03-29 22:52:59,ST007,CUST00414,In-store,Cash,Completed,22.05,0.0,2.04,0.0,24.09
ORD004711,2025-01-20 03:04:29,ST002,,Click & Collect,Cash,Completed,31.2,0.24,0.0,0.0,30.96
ORD004712,2025-02-15 02:14:03,ST007,CUST00423,Online,Mobile Wallet,Completed,27.85,0.43,1.04,3.49,31.95
ORD004713,2025-05-15 20:08:22,ST001,CUST00208,In-store,Gift Card,Completed,26.0,0.0,5.2,0.0,31.2
ORD004714,2025-05-10 05:36:51,ST007,CUST00036,Online,Card,Completed,19.4,0.0,0.68,3.49,23.57
ORD004715,2025-10-21 16:48:05,ST001,CUST00316,Click & Collect,Gift Card,Completed,30.7,0.0,2.4,0.0,33.1
ORD004716,2025-02-10 06:18:10,ST008,,In-store,Cash,Completed,35.1,0.0,3.34,0.0,38.44
ORD004717,2025-04-27 22:59:02,ST004,CUST00144,In-store,Card,Completed,21.2,0.0,2.44,0.0,23.64
ORD004718,2025-06-18 01:08:34,ST002,CUST00130,In-store,Cash,Completed,50.4,1.44,3.84,0.0,52.8
ORD004719,2025-07-19 17:56:53,ST008,,Click & Collect,Card,Completed,6.9,0.0,0.0,0.0,6.9
ORD004720,2025-07-30 07:03:10,ST005,,In-store,Card,Completed,12.8,0.0,0.0,0.0,12.8
ORD004721,2025-09-27 07:32:50,ST005,CUST00537,In-store,Card,Completed,6.9,0.0,1.06,0.0,7.96
ORD004722,2025-05-13 10:58:47,ST005,CUST00157,Online,Card,Completed,25.1,0.0,2.08,3.49,30.67
ORD004723,2025-10-20 07:24:24,ST001,CUST00105,In-store,Card,Completed,33.95,0.0,4.71,0.0,38.66
ORD004724,2025-09-20 16:49:20,ST002,,In-store,Card,Completed,17.55,0.6,2.22,0.0,19.17
ORD004725,2025-05-23 12:07:13,ST007,,In-store,Cash,Completed,81.8,0.0,0.0,0.0,81.8
ORD004726,2025-02-24 20:26:28,ST002,CUST00279,In-store,Card,Completed,80.6,1.2,5.5,0.0,84.9
ORD004727,2025-09-12 01:45:30,ST006,CUST00203,In-store,Card,Completed,30.5,0.0,1.5,0.0,32.0
ORD004728,2025-07-17 20:20:26,ST007,,In-store,Card,Completed,31.75,0.0,1.24,0.0,32.99
ORD004729,2025-02-25 07:19:41,ST008,CUST00601,Online,Card,Completed,25.0,0.0,3.72,3.49,32.21
ORD004730,2025-04-07 23:42:45,ST008,CUST00102,In-store,Card,Completed,17.6,0.38,0.6,0.0,17.82
ORD004731,2025-04-10 01:50:40,ST004,CUST00716,In-store,Cash,Completed,40.6,0.0,0.64,0.0,41.24
ORD004732,2025-08-05 14:54:38,ST003,CUST00617,In-store,Mobile Wallet,Completed,34.15,0.96,2.94,0.0,36.13
ORD004733,2025-01-01 06:19:00,ST003,CUST00393,In-store,Cash,Completed,28.95,0.0,1.96,0.0,30.91
ORD004734,2025-02-22 09:03:21,ST001,CUST00304,Click & Collect,Card,Completed,17.9,0.49,0.0,0.0,17.41
ORD004735,2025-03-06 03:43:24,ST007,CUST00580,In-store,Card,Completed,31.9,0.0,5.17,0.0,37.07
ORD004736,2025-04-21 10:52:48,ST008,,Online,Card,Completed,9.6,0.54,0.0,3.49,12.55
ORD004737,2025-06-14 04:15:25,ST001,,In-store,Card,Completed,12.65,0.0,1.26,0.0,13.91
ORD004738,2025-03-08 13:46:46,ST003,,In-store,Card,Completed,24.3,0.0,1.36,0.0,25.66
ORD004739,2025-03-26 12:08:06,ST007,CUST00380,In-store,Mobile Wallet,Completed,1.5,0.0,0.3,0.0,1.8
ORD004740,2025-08-31 05:00:49,ST008,CUST00269,Online,Card,Completed,14.4,0.0,2.88,3.49,20.77
ORD004741,2025-05-13 12:19:12,ST002,CUST00211,Click & Collect,Card,Completed,13.0,0.0,2.6,0.0,15.6
ORD004742,2025-08-28 01:45:22,ST002,CUST00100,Online,Mobile Wallet,Completed,28.8,0.71,0.6,3.49,32.18
ORD004743,2025-02-11 05:36:09,ST007,CUST00077,Click & Collect,Cash,Completed,16.05,0.32,0.36,0.0,16.1
ORD004744,2025-02-10 15:18:54,ST001,CUST00457,In-store,Card,Completed,11.6,0.0,0.18,0.0,11.78
ORD004745,2025-06-27 08:14:12,ST001,CUST00187,In-store,Card,Completed,72.2,3.6,0.9,0.0,69.5
ORD004746,2025-12-28 14:06:00,ST001,CUST00121,In-store,Cash,Completed,11.2,0.0,1.36,0.0,12.56
ORD004747,2025-09-17 01:02:52,ST007,CUST00473,Online,Mobile Wallet,Completed,21.0,0.0,1.56,3.49,26.05
ORD004748,2025-03-13 23:44:04,ST008,CUST00478,In-store,Cash,Completed,20.6,0.0,0.64,0.0,21.24
ORD004749,2025-10-25 11:21:49,ST001,,In-store,Card,Completed,48.05,0.0,0.0,0.0,48.05
ORD004750,2025-12-30 01:41:37,ST008,CUST00217,In-store,Mobile Wallet,Completed,9.8,0.0,0.34,0.0,10.14
ORD004751,2025-05-30 08:27:34,ST003,CUST00582,Online,Card,Completed,4.75,0.0,0.0,3.49,8.24
ORD004752,2025-04-29 11:48:48,ST002,CUST00780,Online,Card,Completed,2.0,0.0,0.0,3.49,5.49
ORD004753,2025-02-13 08:51:34,ST002,,Click & Collect,Card,Completed,42.6,0.0,2.56,0.0,45.16
ORD004754,2025-08-25 21:04:03,ST006,,In-store,Gift Card,Completed,22.9,0.0,3.0,0.0,25.9
ORD004755,2025-04-21 23:05:59,ST005,CUST00573,In-store,Card,Completed,47.6,0.0,3.06,0.0,50.66
ORD004756,2025-04-30 01:41:10,ST002,,Online,Card,Completed,1.1,0.0,0.0,3.49,4.59
ORD004757,2025-05-02 01:49:34,ST007,CUST00141,In-store,Gift Card,Completed,39.75,0.0,3.14,0.0,42.89
ORD004758,2025-03-28 09:19:32,ST002,CUST00202,Click & Collect,Card,Completed,30.55,0.0,0.52,0.0,31.07
ORD004759,2025-04-11 13:11:54,ST002,CUST00770,Click & Collect,Card,Completed,26.15,0.0,4.26,0.0,30.41
ORD004760,2025-02-28 11:43:31,ST001,CUST00272,Online,Card,Completed,7.4,0.0,0.0,3.49,10.89
ORD004761,2025-04-29 07:05:41,ST003,CUST00118,In-store,Cash,Completed,13.35,0.0,1.01,0.0,14.36
ORD004762,2025-04-25 11:29:24,ST005,,Online,Mobile Wallet,Completed,4.4,0.0,0.64,3.49,8.53
ORD004763,2025-05-21 04:00:18,ST005,,In-store,Card,Completed,34.85,0.0,0.6,0.0,35.45
ORD004764,2025-03-21 05:41:54,ST002,CUST00778,Click & Collect,Card,Completed,31.0,0.0,1.04,0.0,32.04
ORD004765,2025-12-03 05:59:18,ST005,CUST00155,In-store,Mobile Wallet,Completed,2.85,0.0,0.0,0.0,2.85
ORD004766,2025-09-25 09:43:42,ST004,,In-store,Card,Completed,23.2,0.0,1.04,0.0,24.24
ORD004767,2025-12-17 06:20:43,ST002,CUST00378,In-store,Mobile Wallet,Completed,34.2,0.0,2.22,0.0,36.42
ORD004768,2025-04-20 04:29:37,ST008,CUST00404,Online,Cash,Completed,15.3,0.38,1.02,3.49,19.43
ORD004769,2025-04-09 14:56:01,ST001,CUST00326,In-store,Mobile Wallet,Completed,21.65,0.0,2.9,0.0,24.55
ORD004770,2025-08-04 11:31:41,ST007,CUST00348,In-store,Card,Completed,24.3,0.0,1.1,0.0,25.4
ORD004771,2025-02-15 07:23:05,ST004,CUST00420,Online,Mobile Wallet,Completed,14.15,0.0,1.6,3.49,19.24
ORD004772,2025-06-16 13:50:38,ST006,CUST00323,In-store,Gift Card,Completed,13.05,0.0,0.9,0.0,13.95
ORD004773,2025-08-31 18:19:07,ST002,CUST00136,In-store,Card,Completed,9.6,0.0,0.0,0.0,9.6
ORD004774,2025-04-18 06:44:04,ST002,CUST00544,Click & Collect,Card,Completed,14.7,0.0,0.0,0.0,14.7
ORD004775,2025-01-06 02:39:15,ST003,CUST00672,In-store,Card,Completed,15.7,0.0,2.68,0.0,18.38
ORD004776,2025-02-28 22:32:07,ST008,CUST00011,In-store,Card,Completed,7.5,0.0,0.34,0.0,7.84
ORD004777,2025-11-16 23:10:59,ST002,,In-store,Card,Cancelled,44.7,0.0,0.66,0.0,0.0
ORD004778,2025-04-01 07:53:25,ST003,CUST00438,In-store,Mobile Wallet,Completed,3.0,0.0,0.0,0.0,3.0
ORD004779,2025-10-07 22:03:15,ST008,,Online,Card,Completed,22.9,0.0,3.72,3.49,30.11
ORD004780,2025-05-04 15:20:31,ST004,CUST00504,Click & Collect,Card,Completed,47.2,0.0,8.06,0.0,55.26
ORD004781,2025-04-25 04:48:01,ST001,,Online,Mobile Wallet,Completed,47.8,0.0,0.64,0.0,48.44
ORD004782,2025-09-03 08:49:36,ST004,CUST00215,Click & Collect,Card,Completed,18.6,0.9,1.08,0.0,18.78
ORD004783,2025-08-23 22:45:44,ST001,,In-store,Card,Completed,15.25,0.0,1.42,0.0,16.67
ORD004784,2025-12-08 09:22:04,ST006,CUST00549,Online,Card,Completed,33.5,0.0,1.02,3.49,38.01
ORD004785,2025-01-21 08:54:58,ST005,CUST00377,In-store,Card,Completed,21.7,0.31,1.8,0.0,23.19
ORD004786,2025-05-03 05:41:11,ST004,,In-store,Cash,Completed,18.5,0.0,0.0,0.0,18.5
ORD004787,2025-09-19 10:03:41,ST001,,In-store,Card,Completed,33.4,0.0,1.34,0.0,34.74
ORD004788,2025-02-19 09:36:22,ST001,,In-store,Mobile Wallet,Completed,11.55,0.0,0.96,0.0,12.51
ORD004789,2025-04-26 01:42:07,ST006,,In-store,Card,Completed,34.7,0.0,1.34,0.0,36.04
ORD004790,2025-05-25 15:48:08,ST003,CUST00185,Online,Card,Completed,3.0,0.0,0.0,3.49,6.49
ORD004791,2025-07-31 17:13:06,ST005,CUST00666,In-store,Card,Completed,10.2,0.0,0.36,0.0,10.56
ORD004792,2025-04-24 15:55:39,ST003,CUST00072,In-store,Card,Completed,23.0,0.0,3.84,0.0,26.84
ORD004793,2025-05-02 17:17:33,ST002,CUST00006,In-store,Card,Completed,15.05,0.0,0.64,0.0,15.69
ORD004794,2025-12-09 11:43:06,ST001,,In-store,Card,Completed,77.8,0.0,2.76,0.0,80.56
ORD004795,2025-07-05 03:12:18,ST001,,Online,Mobile Wallet,Completed,74.85,4.06,0.96,0.0,71.75
ORD004796,2025-05-18 17:30:30,ST006,CUST00319,In-store,Mobile Wallet,Completed,8.3,0.0,0.8,0.0,9.1
ORD004797,2025-02-20 03:52:12,ST006,,In-store,Card,Completed,15.2,0.45,0.96,0.0,15.71
ORD004798,2025-07-22 04:11:33,ST004,,In-store,Card,Completed,52.75,0.0,8.16,0.0,60.91
ORD004799,2025-11-27 05:35:01,ST007,,Online,Card,Completed,11.85,0.0,0.68,3.49,16.02
ORD004800,2025-10-12 04:04:44,ST002,,In-store,Card,Completed,26.0,0.0,1.04,0.0,27.04
ORD004801,2025-11-29 23:15:58,ST003,,Online,Mobile Wallet,Completed,36.1,0.0,1.52,3.49,41.11
ORD004802,2025-10-02 18:23:04,ST003,CUST00039,In-store,Cash,Completed,29.65,0.0,0.0,0.0,29.65
ORD004803,2025-09-14 07:55:37,ST002,,In-store,Card,Completed,3.0,0.0,0.0,0.0,3.0
ORD004804,2025-07-20 21:17:32,ST001,CUST00760,Click & Collect,Gift Card,Completed,25.7,0.0,1.28,0.0,26.98
ORD004805,2025-11-10 23:53:24,ST007,,Online,Card,Completed,3.0,0.0,0.0,3.49,6.49
ORD004806,2025-04-09 09:09:35,ST005,CUST00085,Online,Mobile Wallet,Completed,28.45,0.19,3.48,3.49,35.23
ORD004807,2025-11-27 09:27:52,ST003,,Click & Collect,Card,Completed,48.3,0.0,2.2,0.0,50.5
ORD004808,2025-11-30 13:39:25,ST008,,In-store,Card,Completed,2.4,0.0,0.0,0.0,2.4
ORD004809,2025-02-09 18:19:29,ST005,CUST00543,Online,Card,Completed,40.3,0.22,4.8,0.0,44.88
ORD004810,2025-10-30 19:14:39,ST008,CUST00294,In-store,Mobile Wallet,Completed,17.5,0.0,2.32,0.0,19.82
ORD004811,2025-10-02 07:06:18,ST005,,In-store,Cash,Completed,22.5,0.0,3.06,0.0,25.56
ORD004812,2025-03-31 02:23:12,ST007,,In-store,Card,Completed,10.3,0.0,0.0,0.0,10.3
ORD004813,2025-04-02 15:46:04,ST007,CUST00698,In-store,Card,Completed,22.6,0.38,0.36,0.0,22.58
ORD004814,2025-02-20 07:28:50,ST007,,In-store,Card,Completed,17.4,0.0,1.64,0.0,19.04
ORD004815,2025-09-03 13:30:06,ST002,CUST00513,In-store,Card,Completed,21.35,0.0,1.04,0.0,22.39
ORD004816,2025-05-09 16:47:25,ST005,CUST00565,In-store,Cash,Completed,24.7,0.0,0.84,0.0,25.54
ORD004817,2025-04-12 16:34:19,ST002,CUST00461,Online,Card,Completed,3.7,0.0,0.37,3.49,7.56
ORD004818,2025-01-15 10:14:14,ST003,CUST00788,In-store,Mobile Wallet,Completed,8.7,0.0,0.48,0.0,9.18
ORD004819,2025-03-22 14:00:42,ST008,CUST00081,In-store,Card,Completed,69.95,0.0,3.82,0.0,73.77
ORD004820,2025-10-25 11:44:12,ST006,CUST00131,In-store,Card,Completed,14.9,0.0,0.0,0.0,14.9
ORD004821,2025-10-13 09:33:53,ST007,,Online,Cash,Completed,35.3,0.0,1.56,3.49,40.35
ORD004822,2025-11-26 15:55:46,ST008,CUST00149,Click & Collect,Card,Completed,20.2,0.0,0.54,0.0,20.74
ORD004823,2025-07-23 09:32:53,ST005,CUST00236,In-store,Card,Completed,31.5,1.19,2.08,0.0,32.39
ORD004824,2025-01-08 07:30:39,ST004,CUST00522,Online,Cash,Completed,6.15,0.0,1.04,3.49,10.68
ORD004825,2025-06-18 10:37:44,ST003,CUST00071,In-store,Card,Completed,24.35,1.86,0.3,0.0,22.79
ORD004826,2025-03-06 03:09:47,ST003,,In-store,Card,Completed,27.2,0.0,1.2,0.0,28.4
ORD004827,2025-04-08 09:08:10,ST008,,In-store,Card,Completed,11.15,0.0,1.35,0.0,12.5
ORD004828,2025-06-02 10:50:38,ST003,CUST00187,In-store,Card,Completed,19.65,0.0,2.56,0.0,22.21
ORD004829,2025-03-21 12:08:36,ST003,,In-store,Card,Completed,28.1,0.0,0.96,0.0,29.06
ORD004830,2025-09-23 18:06:43,ST004,CUST00461,In-store,Card,Completed,27.1,0.0,3.08,0.0,30.18
ORD004831,2025-06-26 07:37:23,ST001,CUST00156,In-store,Gift Card,Completed,51.6,0.0,1.16,0.0,52.76
ORD004832,2025-10-16 16:24:55,ST006,CUST00207,In-store,Card,Completed,4.8,0.0,0.96,0.0,5.76
ORD004833,2025-08-26 06:26:33,ST008,CUST00786,Click & Collect,Card,Completed,13.6,0.0,2.08,0.0,15.68
ORD004834,2025-05-01 17:14:10,ST001,,Online,Card,Completed,26.4,0.0,2.88,3.49,32.77
ORD004835,2025-04-18 11:00:56,ST006,CUST00717,In-store,Card,Completed,20.05,0.0,0.0,0.0,20.05
ORD004836,2025-05-25 08:42:15,ST002,CUST00495,In-store,Card,Completed,75.9,0.0,5.54,0.0,81.44
ORD004837,2025-12-10 23:45:34,ST001,,In-store,Cash,Completed,20.05,0.0,1.28,0.0,21.33
ORD004838,2025-04-08 22:37:07,ST004,CUST00030,In-store,Card,Completed,26.0,0.0,1.64,0.0,27.64
ORD004839,2025-02-21 02:41:32,ST008,CUST00294,In-store,Mobile Wallet,Completed,15.95,0.0,1.47,0.0,17.42
ORD004840,2025-08-21 21:50:36,ST007,CUST00330,In-store,Cash,Completed,19.4,0.0,0.72,0.0,20.12
ORD004841,2025-10-07 16:54:32,ST002,,Click & Collect,Cash,Completed,21.4,0.0,3.04,0.0,24.44
ORD004842,2025-07-27 09:06:36,ST008,CUST00321,In-store,Card,Completed,15.4,0.0,0.0,0.0,15.4
ORD004843,2025-02-23 18:27:46,ST001,CUST00331,Online,Mobile Wallet,Completed,19.3,0.45,0.0,3.49,22.34
ORD004844,2025-05-18 02:38:55,ST006,CUST00114,In-store,Card,Completed,11.95,0.0,1.14,0.0,13.09
ORD004845,2025-01-04 10:44:20,ST005,CUST00246,In-store,Mobile Wallet,Completed,14.9,0.0,1.12,0.0,16.02
ORD004846,2025-01-23 12:56:52,ST007,,Online,Card,Completed,9.8,0.0,0.82,3.49,14.11
ORD004847,2025-05-08 23:55:18,ST008,CUST00451,Click & Collect,Card,Completed,10.1,0.0,1.26,0.0,11.36
ORD004848,2025-10-10 05:10:48,ST001,CUST00240,In-store,Mobile Wallet,Completed,24.45,0.0,0.0,0.0,24.45
ORD004849,2025-10-15 04:11:10,ST007,CUST00580,In-store,Card,Completed,27.25,0.0,3.68,0.0,30.93
ORD004850,2025-10-27 02:26:01,ST007,CUST00785,In-store,Mobile Wallet,Completed,12.8,0.0,0.72,0.0,13.52
ORD004851,2025-05-01 10:09:42,ST006,CUST00710,In-store,Card,Completed,42.2,0.0,7.14,0.0,49.34
ORD004852,2025-11-18 08:02:56,ST001,,In-store,Card,Completed,2.2,0.0,0.0,0.0,2.2
ORD004853,2025-11-27 21:46:34,ST003,CUST00588,In-store,Mobile Wallet,Completed,3.0,0.0,0.0,0.0,3.0
ORD004854,2025-05-25 13:13:58,ST003,CUST00537,In-store,Cash,Completed,12.35,0.0,1.04,0.0,13.39
ORD004855,2025-09-30 06:07:46,ST006,CUST00787,In-store,Mobile Wallet,Cancelled,19.1,0.0,0.0,0.0,0.0
ORD004856,2025-10-03 05:09:32,ST003,CUST00304,In-store,Card,Completed,87.05,0.0,4.02,0.0,91.07
ORD004857,2025-05-14 07:00:53,ST006,,Online,Card,Completed,10.15,0.0,1.2,3.49,14.84
ORD004858,2025-07-19 15:25:16,ST007,,In-store,Card,Completed,3.2,0.0,0.0,0.0,3.2
ORD004859,2025-12-26 20:41:41,ST008,,In-store,Card,Completed,2.4,0.0,0.0,0.0,2.4
ORD004860,2025-09-13 08:09:57,ST007,CUST00573,In-store,Card,Completed,3.4,0.0,0.44,0.0,3.84
ORD004861,2025-12-07 14:07:17,ST002,CUST00035,In-store,Mobile Wallet,Completed,8.6,0.0,0.68,0.0,9.28
ORD004862,2025-05-07 01:12:20,ST004,,Online,Cash,Completed,18.65,0.0,0.0,3.49,22.14
ORD004863,2025-03-30 07:42:39,ST002,CUST00718,In-store,Mobile Wallet,Completed,2.9,0.0,0.0,0.0,2.9
ORD004864,2025-08-01 14:20:35,ST003,CUST00142,Online,Card,Completed,26.7,0.0,3.82,3.49,34.01
ORD004865,2025-02-02 13:25:34,ST006,CUST00617,In-store,Card,Completed,7.2,0.0,0.0,0.0,7.2
ORD004866,2025-04-04 07:09:23,ST008,CUST00760,In-store,Card,Completed,11.1,0.0,1.92,0.0,13.02
ORD004867,2025-03-30 04:59:00,ST004,CUST00748,In-store,Card,Completed,6.0,0.0,0.0,0.0,6.0
ORD004868,2025-12-29 13:19:27,ST004,CUST00125,In-store,Card,Completed,3.0,0.0,0.0,0.0,3.0
ORD004869,2025-11-29 12:13:59,ST003,,In-store,Card,Completed,13.25,0.0,0.72,0.0,13.97
ORD004870,2025-03-05 21:19:12,ST002,CUST00350,Online,Card,Completed,8.15,0.0,1.11,3.49,12.75
ORD004871,2025-11-26 09:32:25,ST008,,In-store,Card,Completed,10.5,0.0,0.34,0.0,10.84
ORD004872,2025-01-07 02:42:20,ST004,CUST00282,In-store,Card,Refunded,32.8,0.0,2.08,0.0,34.88
ORD004873,2025-01-23 05:50:56,ST004,CUST00288,In-store,Card,Completed,25.25,0.33,2.56,0.0,27.48
ORD004874,2025-03-11 10:38:44,ST007,CUST00116,In-store,Card,Completed,14.2,0.0,0.0,0.0,14.2
ORD004875,2025-02-20 03:07:13,ST006,CUST00107,Online,Card,Completed,4.8,0.39,0.0,3.49,7.9
ORD004876,2025-10-31 06:43:57,ST003,CUST00786,In-store,Card,Completed,24.9,0.0,2.43,0.0,27.33
ORD004877,2025-08-18 05:31:41,ST006,,In-store,Card,Completed,23.3,0.0,0.0,0.0,23.3
ORD004878,2025-11-24 12:43:58,ST004,CUST00378,In-store,Cash,Completed,7.3,0.0,0.36,0.0,7.66
ORD004879,2025-10-17 20:55:06,ST006,,Click & Collect,Card,Completed,37.8,0.0,2.56,0.0,40.36
ORD004880,2025-10-18 00:06:32,ST007,CUST00774,Online,Card,Completed,9.2,0.0,0.8,3.49,13.49
ORD004881,2025-08-29 07:48:13,ST001,CUST00295,Online,Gift Card,Completed,15.4,0.0,1.28,3.49,20.17
ORD004882,2025-02-18 18:05:15,ST007,CUST00688,In-store,Card,Completed,10.45,0.33,0.37,0.0,10.49
ORD004883,2025-01-16 19:27:27,ST008,,In-store,Card,Completed,44.3,0.0,5.64,0.0,49.94
ORD004884,2025-10-16 14:39:32,ST006,CUST00483,Online,Mobile Wallet,Completed,10.8,0.0,0.0,3.49,14.29
ORD004885,2025-02-05 00:09:48,ST003,CUST00433,In-store,Card,Completed,20.3,0.0,0.96,0.0,21.26
ORD004886,2025-05-13 18:59:57,ST004,,In-store,Card,Completed,27.8,0.0,1.68,0.0,29.48
ORD004887,2025-06-05 05:57:26,ST004,CUST00002,In-store,Card,Completed,51.1,2.16,3.16,0.0,52.1
ORD004888,2025-03-04 12:34:36,ST008,CUST00033,In-store,Card,Completed,12.95,0.0,0.0,0.0,12.95
ORD004889,2025-07-20 03:10:53,ST003,,In-store,Card,Completed,26.4,0.0,3.4,0.0,29.8
ORD004890,2025-11-13 15:52:11,ST004,,In-store,Cash,Completed,18.4,0.0,1.2,0.0,19.6
ORD004891,2025-09-06 10:04:34,ST005,CUST00601,Online,Card,Completed,11.9,0.0,1.62,3.49,17.01
ORD004892,2025-01-18 23:31:41,ST003,,Click & Collect,Mobile Wallet,Completed,21.0,1.04,0.52,0.0,20.48
ORD004893,2025-03-18 16:30:56,ST006,CUST00240,Click & Collect,Card,Completed,20.6,0.0,1.04,0.0,21.64
ORD004894,2025-11-17 12:26:34,ST008,,In-store,Mobile Wallet,Completed,16.0,0.0,2.44,0.0,18.44
ORD004895,2025-03-24 16:43:51,ST006,CUST00072,Click & Collect,Card,Cancelled,21.1,0.0,1.42,0.0,0.0
ORD004896,2025-11-17 08:09:05,ST004,CUST00433,In-store,Card,Completed,7.2,0.0,0.0,0.0,7.2
ORD004897,2025-07-17 22:52:53,ST001,CUST00367,In-store,Cash,Completed,19.9,0.0,1.92,0.0,21.82
ORD004898,2025-07-17 21:14:26,ST002,,In-store,Cash,Completed,19.55,0.0,1.64,0.0,21.19
ORD004899,2025-03-15 17:27:47,ST008,CUST00448,In-store,Card,Completed,19.65,0.0,1.64,0.0,21.29
ORD004900,2025-02-01 13:24:37,ST008,CUST00477,In-store,Card,Completed,15.6,0.0,0.0,0.0,15.6
ORD004901,2025-01-01 11:22:11,ST004,CUST00563,In-store,Card,Completed,49.85,0.22,2.91,0.0,52.54
ORD004902,2025-01-25 09:37:00,ST007,,In-store,Card,Completed,22.25,0.1,1.14,0.0,23.3
ORD004903,2025-02-23 05:50:02,ST001,CUST00440,In-store,Card,Completed,21.1,1.59,0.96,0.0,20.47
ORD004904,2025-08-03 18:24:01,ST002,CUST00267,Online,Card,Completed,63.1,1.8,2.08,0.0,63.38
ORD004905,2025-12-31 22:53:30,ST008,CUST00655,Click & Collect,Card,Completed,38.0,0.0,0.82,0.0,38.82
ORD004906,2025-11-06 16:21:31,ST005,CUST00329,Click & Collect,Cash,Completed,0.75,0.0,0.0,0.0,0.75
ORD004907,2025-12-26 19:23:13,ST004,,In-store,Card,Completed,30.4,0.0,2.54,0.0,32.94
ORD004908,2025-04-25 20:07:40,ST001,CUST00248,Online,Card,Completed,33.9,0.0,4.44,3.49,41.83
ORD004909,2025-01-13 05:55:11,ST002,,In-store,Card,Completed,42.8,1.89,0.9,0.0,41.81
ORD004910,2025-10-27 19:53:35,ST001,,In-store,Card,Completed,4.45,0.0,0.0,0.0,4.45
ORD004911,2025-05-18 22:57:53,ST004,CUST00684,In-store,Card,Completed,27.5,0.0,3.1,0.0,30.6
ORD004912,2025-11-14 20:30:17,ST008,CUST00776,Click & Collect,Card,Completed,8.9,0.0,1.02,0.0,9.92
ORD004913,2025-10-25 08:08:40,ST006,CUST00560,In-store,Mobile Wallet,Completed,21.85,0.0,1.78,0.0,23.63
ORD004914,2025-01-24 20:11:23,ST006,CUST00142,In-store,Card,Completed,36.2,0.11,6.06,0.0,42.15
ORD004915,2025-05-05 07:38:48,ST003,,In-store,Card,Completed,26.3,0.0,4.52,0.0,30.82
ORD004916,2025-10-20 05:33:39,ST004,CUST00217,In-store,Cash,Completed,21.55,0.0,3.41,0.0,24.96
ORD004917,2025-04-11 14:03:46,ST004,,Click & Collect,Cash,Completed,22.5,0.77,0.64,0.0,22.37
ORD004918,2025-09-12 12:59:16,ST003,CUST00120,Online,Cash,Completed,15.7,0.0,0.64,3.49,19.83
ORD004919,2025-04-07 07:19:35,ST007,CUST00659,In-store,Cash,Completed,14.0,0.0,0.4,0.0,14.4
ORD004920,2025-03-08 14:40:41,ST005,,Online,Card,Completed,15.2,0.0,0.0,3.49,18.69
ORD004921,2025-10-08 20:42:51,ST004,CUST00196,Online,Card,Completed,39.7,0.0,5.82,3.49,49.01
ORD004922,2025-11-25 19:27:14,ST003,CUST00081,In-store,Card,Completed,62.0,0.0,2.68,0.0,64.68
ORD004923,2025-03-15 10:52:22,ST007,CUST00008,Online,Card,Completed,29.05,0.0,0.9,3.49,33.44
ORD004924,2025-06-27 22:27:56,ST005,CUST00445,In-store,Gift Card,Completed,30.4,0.0,3.26,0.0,33.66
ORD004925,2025-01-27 13:35:42,ST002,CUST00152,In-store,Card,Completed,14.3,0.2,0.84,0.0,14.94
ORD004926,2025-05-05 00:24:18,ST001,,Click & Collect,Card,Cancelled,27.6,0.0,2.04,0.0,0.0
ORD004927,2025-04-06 21:46:07,ST003,CUST00351,In-store,Card,Completed,18.45,0.0,1.92,0.0,20.37
ORD004928,2025-03-12 13:30:02,ST001,CUST00744,In-store,Card,Completed,11.05,0.0,1.04,0.0,12.09
ORD004929,2025-07-29 07:07:00,ST006,,In-store,Mobile Wallet,Completed,26.45,0.0,1.2,0.0,27.65
ORD004930,2025-04-18 08:02:42,ST004,,In-store,Cash,Completed,10.5,0.68,0.0,0.0,9.82
ORD004931,2025-06-17 15:59:23,ST003,CUST00691,In-store,Card,Completed,43.3,0.0,5.1,0.0,48.4
ORD004932,2025-01-08 19:41:22,ST005,,In-store,Card,Completed,1.8,0.0,0.0,0.0,1.8
ORD004933,2025-06-25 09:39:49,ST007,CUST00619,Online,Mobile Wallet,Completed,22.75,0.0,1.6,3.49,27.84
ORD004934,2025-06-08 04:33:40,ST003,CUST00729,In-store,Mobile Wallet,Completed,24.2,0.48,1.4,0.0,25.12
ORD004935,2025-09-02 11:07:58,ST003,,In-store,Card,Completed,39.85,0.0,0.38,0.0,40.23
ORD004936,2025-08-24 21:31:33,ST008,,In-store,Card,Completed,19.35,0.0,1.32,0.0,20.67
ORD004937,2025-04-27 20:42:54,ST003,,In-store,Cash,Completed,37.0,0.0,3.2,0.0,40.2
ORD004938,2025-01-07 07:47:14,ST002,CUST00202,Click & Collect,Card,Completed,45.8,0.0,1.3,0.0,47.1
ORD004939,2025-03-03 19:24:30,ST006,,Online,Cash,Completed,9.1,0.0,0.36,3.49,12.95
ORD004940,2025-05-01 10:34:10,ST006,CUST00380,In-store,Card,Completed,6.6,0.0,1.32,0.0,7.92
ORD004941,2025-03-23 06:19:41,ST001,,Click & Collect,Cash,Completed,27.1,0.0,2.24,0.0,29.34
ORD004942,2025-11-07 00:45:24,ST006,,In-store,Card,Refunded,18.0,0.0,2.4,0.0,20.4
ORD004943,2025-02-20 13:23:02,ST003,CUST00545,In-store,Card,Completed,28.15,0.17,2.05,0.0,30.04
ORD004944,2025-05-01 10:36:54,ST007,CUST00333,In-store,Card,Completed,6.5,0.0,0.82,0.0,7.32
ORD004945,2025-09-21 13:58:30,ST004,,Online,Gift Card,Completed,17.5,1.8,2.1,3.49,21.29
ORD004946,2025-09-13 03:51:05,ST002,,In-store,Card,Completed,4.6,0.0,0.92,0.0,5.52
ORD004947,2025-09-15 18:56:08,ST003,CUST00752,Click & Collect,Card,Refunded,27.0,0.0,1.4,0.0,28.4
ORD004948,2025-08-16 07:14:52,ST003,CUST00597,In-store,Card,Completed,7.0,0.0,0.0,0.0,7.0
ORD004949,2025-04-14 12:20:25,ST001,,Online,Card,Completed,25.05,0.33,3.9,3.49,32.11
ORD004950,2025-02-10 02:27:54,ST001,CUST00183,Click & Collect,Card,Completed,39.7,0.0,0.76,0.0,40.46
ORD004951,2025-02-23 22:41:58,ST002,CUST00398,In-store,Mobile Wallet,Completed,34.2,0.0,3.04,0.0,37.24
ORD004952,2025-04-03 18:55:22,ST001,CUST00724,Online,Mobile Wallet,Completed,34.2,0.0,3.58,3.49,41.27
ORD004953,2025-03-18 01:53:22,ST003,CUST00222,In-store,Card,Completed,26.05,0.0,0.0,0.0,26.05
ORD004954,2025-11-16 04:54:11,ST002,,Online,Card,Completed,45.3,0.0,6.5,0.0,51.8
ORD004955,2025-04-06 01:55:38,ST007,CUST00628,In-store,Card,Completed,12.4,0.31,0.9,0.0,12.99
ORD004956,2025-08-06 19:23:55,ST001,CUST00688,In-store,Mobile Wallet,Completed,13.55,0.0,0.64,0.0,14.19
ORD004957,2025-08-07 15:03:32,ST008,,Online,Card,Completed,52.6,0.0,3.2,0.0,55.8
ORD004958,2025-01-01 17:12:34,ST006,CUST00424,In-store,Card,Completed,36.3,0.55,0.64,0.0,36.39
ORD004959,2025-01-02 07:50:34,ST007,CUST00531,In-store,Cash,Refunded,28.45,0.0,3.26,0.0,31.71
ORD004960,2025-12-19 13:24:14,ST007,CUST00477,In-store,Card,Completed,19.05,0.15,3.17,0.0,22.07
ORD004961,2025-09-30 01:07:41,ST008,CUST00712,Online,Card,Completed,23.1,0.0,2.08,3.49,28.67
ORD004962,2025-03-20 20:58:51,ST004,,In-store,Card,Completed,8.7,0.0,0.0,0.0,8.7
ORD004963,2025-07-18 21:59:05,ST002,CUST00676,Click & Collect,Mobile Wallet,Completed,3.7,0.0,0.0,0.0,3.7
ORD004964,2025-12-04 19:59:33,ST003,CUST00294,In-store,Cash,Completed,1.8,0.0,0.36,0.0,2.16
ORD004965,2025-10-20 07:46:43,ST003,,In-store,Card,Completed,27.9,0.0,2.52,0.0,30.42
ORD004966,2025-06-07 09:30:11,ST001,CUST00035,Click & Collect,Card,Completed,40.85,3.83,0.0,0.0,37.02
ORD004967,2025-10-24 14:09:49,ST002,,In-store,Card,Completed,15.4,0.0,0.36,0.0,15.76
ORD004968,2025-08-16 11:32:13,ST007,CUST00060,In-store,Card,Completed,4.35,0.0,0.0,0.0,4.35
ORD004969,2025-04-02 12:35:51,ST007,,In-store,Card,Completed,29.8,0.0,1.24,0.0,31.04
ORD004970,2025-12-20 02:30:16,ST004,CUST00474,In-store,Card,Completed,33.95,0.0,3.48,0.0,37.43
ORD004971,2025-05-13 18:11:26,ST005,,In-store,Card,Completed,20.2,0.0,0.0,0.0,20.2
ORD004972,2025-10-10 10:14:54,ST003,,In-store,Card,Completed,17.3,0.0,2.02,0.0,19.32
ORD004973,2025-04-13 02:44:16,ST008,CUST00742,In-store,Mobile Wallet,Completed,3.5,0.0,0.0,0.0,3.5
ORD004974,2025-04-10 06:10:54,ST004,CUST00215,Click & Collect,Card,Completed,41.4,0.0,5.94,0.0,47.34
ORD004975,2025-08-06 11:54:25,ST008,CUST00786,Online,Mobile Wallet,Completed,5.0,0.0,0.78,3.49,9.27
ORD004976,2025-11-08 18:33:09,ST006,CUST00027,Click & Collect,Card,Completed,8.2,0.0,0.6,0.0,8.8
ORD004977,2025-04-08 12:54:07,ST001,CUST00309,Online,Card,Completed,6.9,0.0,0.98,3.49,11.37
ORD004978,2025-10-12 17:42:04,ST005,CUST00133,In-store,Card,Completed,24.5,0.0,0.72,0.0,25.22
ORD004979,2025-09-24 14:56:47,ST007,CUST00093,In-store,Card,Completed,26.2,0.0,0.0,0.0,26.2
ORD004980,2025-08-22 06:36:16,ST001,,In-store,Card,Completed,28.6,1.24,0.68,0.0,28.04
ORD004981,2025-05-14 04:19:28,ST004,CUST00788,Click & Collect,Card,Completed,64.3,0.0,1.94,0.0,66.24
ORD004982,2025-09-07 02:19:52,ST006,CUST00425,In-store,Card,Completed,26.0,0.0,2.84,0.0,28.84
ORD004983,2025-04-06 08:37:44,ST002,CUST00693,In-store,Card,Completed,20.35,0.0,0.48,0.0,20.83
ORD004984,2025-08-15 11:49:49,ST003,,In-store,Mobile Wallet,Completed,14.9,0.0,2.98,0.0,17.88
ORD004985,2025-09-20 23:42:16,ST006,CUST00215,In-store,Card,Completed,38.6,0.0,0.64,0.0,39.24
ORD004986,2025-06-07 15:42:46,ST008,CUST00403,In-store,Card,Completed,16.7,0.0,0.64,0.0,17.34
ORD004987,2025-11-03 04:46:16,ST005,CUST00367,In-store,Card,Completed,31.55,0.0,2.68,0.0,34.23
ORD004988,2025-01-21 12:16:43,ST004,CUST00014,In-store,Card,Completed,12.0,0.0,2.4,0.0,14.4
ORD004989,2025-12-14 17:38:16,ST006,,In-store,Card,Completed,13.5,0.0,2.7,0.0,16.2
ORD004990,2025-05-11 15:05:05,ST005,CUST00796,In-store,Card,Completed,14.55,0.0,0.0,0.0,14.55
ORD004991,2025-08-27 18:07:50,ST005,CUST00067,In-store,Card,Completed,6.35,0.0,1.1,0.0,7.45
ORD004992,2025-04-28 20:36:39,ST007,CUST00145,In-store,Card,Completed,27.05,0.0,1.3,0.0,28.35
ORD004993,2025-01-07 23:50:06,ST005,,Click & Collect,Card,Completed,8.1,0.0,1.62,0.0,9.72
ORD004994,2025-08-01 06:36:09,ST005,CUST00259,Online,Card,Completed,11.6,0.0,1.02,3.49,16.11
ORD004995,2025-11-07 00:07:09,ST005,CUST00637,In-store,Card,Completed,51.95,0.0,6.22,0.0,58.17
ORD004996,2025-08-02 20:53:00,ST002,CUST00379,In-store,Gift Card,Cancelled,31.0,1.92,0.6,0.0,0.0
ORD004997,2025-10-07 13:30:19,ST008,CUST00226,In-store,Gift Card,Completed,58.0,0.0,1.04,0.0,59.04
ORD004998,2025-12-21 17:07:34,ST006,CUST00463,In-store,Card,Completed,32.45,0.0,0.52,0.0,32.97
ORD004999,2025-11-06 05:58:24,ST005,CUST00301,In-store,Gift Card,Completed,25.0,0.0,1.04,0.0,26.04
ORD005000,2025-05-24 20:33:19,ST003,CUST00431,In-store,Card,Completed,37.0,0.0,2.72,0.0,39.72
ORD005001,2025-02-09 05:34:51,ST005,,In-store,Card,Completed,9.15,0.0,0.52,0.0,9.67
ORD005002,2025-04-25 08:44:06,ST008,,In-store,Card,Completed,33.1,0.0,3.06,0.0,36.16
ORD005003,2025-10-27 11:40:39,ST007,CUST00535,In-store,Cash,Completed,30.9,0.0,0.6,0.0,31.5
ORD005004,2025-11-21 16:57:37,ST007,CUST00436,Online,Mobile Wallet,Completed,25.0,0.0,1.34,3.49,29.83
ORD005005,2025-09-19 19:31:28,ST005,CUST00055,In-store,Card,Completed,29.6,0.0,2.08,0.0,31.68
ORD005006,2025-08-19 15:14:43,ST006,CUST00629,In-store,Card,Completed,1.8,0.0,0.0,0.0,1.8
ORD005007,2025-04-13 17:56:20,ST002,,In-store,Card,Refunded,19.1,0.0,1.12,0.0,20.22
ORD005008,2025-03-12 00:27:11,ST007,CUST00521,In-store,Cash,Completed,18.2,0.0,2.29,0.0,20.49
ORD005009,2025-02-23 06:12:49,ST005,CUST00686,In-store,Card,Completed,16.85,0.0,0.38,0.0,17.23
ORD005010,2025-06-18 19:29:54,ST005,,In-store,Card,Completed,41.1,0.0,3.2,0.0,44.3
ORD005011,2025-05-06 17:28:34,ST002,CUST00375,In-store,Mobile Wallet,Completed,8.4,0.0,0.88,0.0,9.28
ORD005012,2025-09-04 09:16:46,ST007,CUST00329,In-store,Card,Completed,41.3,0.9,2.66,0.0,43.06
ORD005013,2025-01-04 10:59:26,ST003,CUST00327,Click & Collect,Card,Completed,16.7,0.3,1.66,0.0,18.06
ORD005014,2025-09-17 03:56:59,ST008,CUST00493,In-store,Gift Card,Completed,16.65,0.0,1.26,0.0,17.91
ORD005015,2025-03-12 13:57:41,ST005,CUST00269,In-store,Cash,Refunded,7.1,0.0,0.0,0.0,7.1
ORD005016,2025-11-24 03:56:05,ST005,,In-store,Card,Completed,34.85,0.0,3.4,0.0,38.25
ORD005017,2025-08-31 10:33:55,ST001,,Online,Card,Completed,41.45,0.46,3.34,0.0,44.33
ORD005018,2025-12-28 09:36:17,ST005,CUST00131,In-store,Mobile Wallet,Completed,36.4,0.0,4.5,0.0,40.9
ORD005019,2025-09-11 01:12:17,ST006,,In-store,Card,Completed,2.6,0.0,0.0,0.0,2.6
ORD005020,2025-07-13 14:32:43,ST006,CUST00560,In-store,Card,Refunded,12.2,0.48,0.84,0.0,12.56
ORD005021,2025-05-06 05:42:38,ST006,,In-store,Card,Completed,15.7,0.0,3.14,0.0,18.84
ORD005022,2025-03-12 03:38:13,ST006,CUST00338,Online,Cash,Refunded,64.8,0.0,0.0,0.0,64.8
ORD005023,2025-05-14 02:16:56,ST004,,In-store,Card,Completed,13.1,0.0,0.84,0.0,13.94
ORD005024,2025-05-15 15:15:26,ST005,,Online,Cash,Completed,20.9,0.0,1.08,3.49,25.47
ORD005025,2025-02-06 05:59:20,ST008,,In-store,Card,Completed,24.65,0.0,2.6,0.0,27.25
ORD005026,2025-10-29 05:33:13,ST006,CUST00083,In-store,Gift Card,Completed,64.25,0.0,4.76,0.0,69.01
ORD005027,2025-10-22 15:49:04,ST007,CUST00405,In-store,Mobile Wallet,Completed,45.55,0.0,0.48,0.0,46.03
ORD005028,2025-04-22 12:34:17,ST002,,In-store,Card,Completed,37.1,0.0,2.8,0.0,39.9
ORD005029,2025-12-05 04:33:49,ST005,CUST00569,In-store,Card,Completed,2.4,0.0,0.48,0.0,2.88
ORD005030,2025-09-13 18:57:36,ST002,CUST00747,In-store,Mobile Wallet,Completed,19.6,0.0,0.3,0.0,19.9
ORD005031,2025-02-28 23:45:31,ST004,,In-store,Card,Completed,5.75,0.0,0.0,0.0,5.75
ORD005032,2025-03-23 00:38:36,ST007,CUST00451,Online,Mobile Wallet,Completed,34.0,0.0,2.36,3.49,39.85
ORD005033,2025-11-07 07:45:00,ST008,CUST00545,In-store,Card,Completed,12.0,0.0,1.02,0.0,13.02
ORD005034,2025-01-23 06:33:17,ST006,CUST00321,In-store,Card,Completed,39.45,0.3,3.04,0.0,42.19
ORD005035,2025-12-02 05:23:00,ST008,CUST00457,In-store,Card,Completed,16.55,0.44,1.02,0.0,17.13
ORD005036,2025-01-06 21:47:09,ST001,,In-store,Card,Completed,20.8,0.3,3.34,0.0,23.84
ORD005037,2025-04-27 13:16:12,ST005,CUST00007,In-store,Cash,Completed,34.3,0.0,1.9,0.0,36.2
ORD005038,2025-04-05 00:37:52,ST004,CUST00530,Click & Collect,Card,Completed,26.3,0.0,4.0,0.0,30.3
ORD005039,2025-08-05 13:16:36,ST004,CUST00198,Online,Card,Completed,20.15,0.0,3.46,3.49,27.1
ORD005040,2025-09-22 12:16:47,ST007,CUST00023,In-store,Card,Completed,26.3,0.3,2.0,0.0,28.0
ORD005041,2025-03-12 05:06:33,ST008,CUST00585,In-store,Cash,Completed,16.9,0.0,1.28,0.0,18.18
ORD005042,2025-11-18 21:34:12,ST006,,Online,Card,Refunded,12.6,0.0,1.2,3.49,17.29
ORD005043,2025-08-16 08:06:15,ST003,CUST00004,In-store,Gift Card,Completed,13.2,0.0,0.98,0.0,14.18
ORD005044,2025-10-13 13:34:44,ST002,CUST00477,Online,Cash,Completed,18.5,0.0,2.54,3.49,24.53
ORD005045,2025-10-04 05:44:21,ST005,,In-store,Gift Card,Completed,8.0,0.0,1.6,0.0,9.6
ORD005046,2025-09-06 18:01:36,ST005,CUST00794,Click & Collect,Card,Completed,1.85,0.0,0.37,0.0,2.22
ORD005047,2025-03-08 19:32:14,ST002,CUST00710,In-store,Mobile Wallet,Completed,22.6,0.0,1.68,0.0,24.28
ORD005048,2025-09-21 18:02:23,ST004,,In-store,Card,Completed,12.0,0.0,0.0,0.0,12.0
ORD005049,2025-06-06 11:01:45,ST006,CUST00771,In-store,Gift Card,Refunded,9.7,0.0,1.94,0.0,11.64
ORD005050,2025-03-31 16:47:19,ST006,CUST00432,Online,Card,Completed,23.2,0.0,0.37,3.49,27.06
ORD005051,2025-08-27 19:24:32,ST003,CUST00133,Online,Cash,Completed,12.4,0.0,2.48,3.49,18.37
ORD005052,2025-01-29 07:26:49,ST005,CUST00716,In-store,Cash,Completed,11.7,0.0,1.32,0.0,13.02
ORD005053,2025-10-07 23:45:18,ST005,,In-store,Card,Completed,39.5,0.0,4.38,0.0,43.88
ORD005054,2025-02-20 04:56:38,ST008,,In-store,Card,Cancelled,12.2,0.0,0.6,0.0,0.0
ORD005055,2025-12-16 06:12:50,ST007,CUST00373,Online,Card,Completed,28.8,2.3,5.3,3.49,35.29
ORD005056,2025-05-22 09:22:45,ST006,CUST00278,In-store,Cash,Refunded,50.05,0.0,2.02,0.0,52.07
ORD005057,2025-09-22 22:11:56,ST002,CUST00603,Click & Collect,Cash,Completed,27.35,0.3,4.44,0.0,31.49
ORD005058,2025-09-07 12:22:11,ST005,CUST00690,In-store,Mobile Wallet,Completed,57.7,0.3,1.99,0.0,59.39
ORD005059,2025-09-03 04:08:00,ST001,CUST00265,In-store,Card,Completed,4.8,0.0,0.0,0.0,4.8
ORD005060,2025-03-20 23:05:25,ST007,CUST00257,In-store,Cash,Completed,1.5,0.0,0.3,0.0,1.8
ORD005061,2025-05-12 07:44:55,ST006,,In-store,Card,Completed,44.6,0.0,5.8,0.0,50.4
ORD005062,2025-09-22 19:31:15,ST007,,In-store,Mobile Wallet,Completed,1.5,0.0,0.0,0.0,1.5
ORD005063,2025-07-12 19:10:01,ST007,,In-store,Card,Completed,3.6,0.0,0.0,0.0,3.6
ORD005064,2025-08-25 04:34:54,ST001,CUST00371,In-store,Cash,Completed,24.2,1.2,1.2,0.0,24.2
ORD005065,2025-02-15 05:28:28,ST003,CUST00155,In-store,Cash,Completed,30.3,0.52,2.32,0.0,32.09
ORD005066,2025-12-09 22:30:02,ST002,CUST00185,In-store,Card,Completed,11.3,0.0,0.0,0.0,11.3
ORD005067,2025-04-13 17:19:13,ST004,CUST00283,In-store,Mobile Wallet,Completed,23.8,0.38,1.58,0.0,25.0
ORD005068,2025-05-04 23:16:51,ST001,CUST00473,Click & Collect,Card,Completed,3.6,0.0,0.72,0.0,4.32
ORD005069,2025-04-13 11:30:32,ST007,,In-store,Card,Completed,34.9,0.0,1.08,0.0,35.98
ORD005070,2025-10-07 05:27:22,ST001,CUST00118,Online,Card,Completed,22.3,0.0,0.9,3.49,26.69
ORD005071,2025-09-03 04:56:32,ST003,,In-store,Mobile Wallet,Completed,39.5,0.0,3.72,0.0,43.22
ORD005072,2025-05-31 00:52:35,ST005,,Click & Collect,Card,Completed,27.85,0.0,0.6,0.0,28.45
ORD005073,2025-08-18 19:20:47,ST003,,In-store,Card,Completed,22.75,0.0,2.53,0.0,25.28
ORD005074,2025-06-09 18:24:08,ST002,,In-store,Card,Completed,42.7,0.23,6.0,0.0,48.47
ORD005075,2025-12-08 10:34:56,ST003,,In-store,Card,Completed,3.4,0.0,0.0,0.0,3.4
ORD005076,2025-04-03 18:13:07,ST004,,In-store,Card,Completed,12.4,0.77,0.0,0.0,11.63
ORD005077,2025-03-07 07:22:32,ST005,CUST00296,In-store,Card,Completed,27.9,0.0,0.8,0.0,28.7
ORD005078,2025-12-14 12:06:55,ST003,CUST00217,In-store,Card,Completed,3.7,0.0,0.52,0.0,4.22
ORD005079,2025-06-16 00:11:51,ST001,,In-store,Card,Completed,29.5,0.0,4.62,0.0,34.12
ORD005080,2025-11-04 04:15:47,ST002,CUST00630,In-store,Card,Completed,10.6,0.0,1.64,0.0,12.24
ORD005081,2025-09-29 13:48:45,ST002,CUST00459,In-store,Card,Completed,48.4,0.0,4.34,0.0,52.74
ORD005082,2025-06-23 14:34:22,ST006,CUST00547,In-store,Card,Completed,10.6,0.0,0.64,0.0,11.24
ORD005083,2025-04-23 16:05:03,ST005,,In-store,Card,Completed,22.0,0.0,1.92,0.0,23.92
ORD005084,2025-09-14 12:47:38,ST004,CUST00585,In-store,Card,Completed,26.9,0.0,1.8,0.0,28.7
ORD005085,2025-09-29 00:58:58,ST001,CUST00123,In-store,Mobile Wallet,Completed,19.0,0.3,1.48,0.0,20.18
ORD005086,2025-01-02 21:22:40,ST008,CUST00151,Online,Card,Completed,12.8,0.24,2.08,3.49,18.13
ORD005087,2025-06-17 03:14:22,ST005,CUST00482,In-store,Card,Completed,12.6,0.0,0.3,0.0,12.9
ORD005088,2025-07-02 17:21:57,ST004,CUST00697,In-store,Card,Completed,29.1,0.0,4.84,0.0,33.94
ORD005089,2025-11-07 19:38:36,ST006,,In-store,Card,Completed,11.0,0.0,2.2,0.0,13.2
ORD005090,2025-02-09 05:49:45,ST003,CUST00626,In-store,Card,Completed,28.9,0.0,2.52,0.0,31.42
ORD005091,2025-10-12 22:07:16,ST008,CUST00044,In-store,Cash,Completed,10.4,0.0,2.08,0.0,12.48
ORD005092,2025-02-17 13:17:20,ST002,CUST00414,In-store,Cash,Completed,66.9,0.0,0.3,0.0,67.2
ORD005093,2025-01-22 19:18:05,ST002,,In-store,Mobile Wallet,Completed,29.55,0.0,1.7,0.0,31.25
ORD005094,2025-07-21 15:35:54,ST007,CUST00703,In-store,Card,Completed,10.05,0.0,0.72,0.0,10.77
ORD005095,2025-08-13 00:58:46,ST006,CUST00761,In-store,Card,Completed,7.5,0.0,0.0,0.0,7.5
ORD005096,2025-11-29 15:58:44,ST001,CUST00614,Click & Collect,Card,Completed,20.2,0.0,2.08,0.0,22.28
ORD005097,2025-03-10 01:43:28,ST001,CUST00722,Click & Collect,Cash,Completed,41.2,0.0,4.36,0.0,45.56
ORD005098,2025-05-14 04:45:01,ST004,,In-store,Card,Completed,19.8,0.0,0.0,0.0,19.8
ORD005099,2025-12-01 14:30:12,ST002,CUST00208,In-store,Mobile Wallet,Completed,37.3,0.0,4.2,0.0,41.5
ORD005100,2025-01-16 04:14:46,ST004,CUST00150,In-store,Card,Completed,5.0,0.0,0.24,0.0,5.24
ORD005101,2025-08-26 05:31:19,ST003,CUST00278,In-store,Card,Completed,17.6,0.0,0.0,0.0,17.6
ORD005102,2025-12-28 17:36:28,ST004,CUST00794,In-store,Card,Completed,39.6,0.0,0.0,0.0,39.6
ORD005103,2025-08-18 22:03:42,ST008,CUST00388,Click & Collect,Mobile Wallet,Completed,16.6,0.0,0.6,0.0,17.2
ORD005104,2025-11-21 16:35:05,ST001,CUST00573,Online,Card,Completed,7.8,0.0,0.0,3.49,11.29
ORD005105,2025-02-02 03:21:22,ST005,CUST00473,Online,Cash,Completed,3.05,0.0,0.18,3.49,6.72
ORD005106,2025-03-21 21:04:28,ST002,,In-store,Card,Completed,15.3,0.0,1.96,0.0,17.26
ORD005107,2025-05-21 03:42:54,ST006,,In-store,Card,Completed,9.8,0.0,0.4,0.0,10.2
ORD005108,2025-01-19 17:24:51,ST002,CUST00314,In-store,Cash,Completed,21.1,0.0,1.12,0.0,22.22
ORD005109,2025-03-06 17:59:28,ST003,CUST00583,In-store,Card,Completed,19.15,0.0,0.74,0.0,19.89
ORD005110,2025-11-21 10:57:45,ST002,CUST00230,Online,Card,Completed,26.1,0.0,0.0,3.49,29.59
ORD005111,2025-01-04 02:18:50,ST005,,In-store,Cash,Completed,5.2,0.0,1.04,0.0,6.24
ORD005112,2025-11-20 02:01:36,ST002,,Online,Card,Completed,13.7,0.0,0.94,3.49,18.13
ORD005113,2025-04-05 19:42:35,ST003,,Online,Cash,Completed,32.4,0.0,0.0,3.49,35.89
ORD005114,2025-02-25 20:21:13,ST001,,In-store,Mobile Wallet,Completed,22.6,0.0,1.96,0.0,24.56
ORD005115,2025-11-09 08:38:07,ST007,,In-store,Card,Completed,34.65,0.0,2.68,0.0,37.33
ORD005116,2025-08-15 06:50:16,ST004,CUST00655,Click & Collect,Card,Completed,20.85,1.44,0.37,0.0,19.78
ORD005117,2025-08-25 03:55:04,ST001,CUST00067,In-store,Card,Completed,29.3,0.0,2.84,0.0,32.14
ORD005118,2025-09-10 16:31:15,ST007,CUST00390,In-store,Card,Completed,20.7,0.0,1.02,0.0,21.72
ORD005119,2025-05-04 07:19:16,ST001,CUST00408,In-store,Cash,Completed,35.8,0.0,0.72,0.0,36.52
ORD005120,2025-06-24 22:22:05,ST006,CUST00413,In-store,Card,Completed,23.7,0.0,1.1,0.0,24.8
ORD005121,2025-08-05 01:32:46,ST005,,Click & Collect,Card,Completed,38.0,1.86,1.84,0.0,37.98
ORD005122,2025-06-22 18:27:23,ST001,CUST00551,In-store,Cash,Completed,2.4,0.0,0.0,0.0,2.4
ORD005123,2025-06-01 12:44:18,ST002,CUST00778,Online,Card,Completed,17.6,0.0,1.24,3.49,22.33
ORD005124,2025-06-27 03:24:10,ST002,,In-store,Mobile Wallet,Completed,1.1,0.0,0.0,0.0,1.1
ORD005125,2025-12-19 00:04:12,ST002,CUST00206,Click & Collect,Card,Completed,63.8,0.0,6.8,0.0,70.6
ORD005126,2025-10-11 04:28:55,ST002,CUST00097,In-store,Gift Card,Completed,5.75,0.0,0.24,0.0,5.99
ORD005127,2025-09-15 07:26:59,ST008,CUST00086,In-store,Mobile Wallet,Completed,37.25,1.5,2.2,0.0,37.95
ORD005128,2025-11-21 19:29:11,ST001,CUST00144,In-store,Card,Refunded,17.3,0.0,1.38,0.0,18.68
ORD005129,2025-12-16 19:50:59,ST002,CUST00388,In-store,Card,Completed,19.3,0.15,1.31,0.0,20.46
ORD005130,2025-05-09 10:54:58,ST001,CUST00189,In-store,Card,Completed,8.45,0.0,1.32,0.0,9.77
ORD005131,2025-07-16 08:13:05,ST001,CUST00617,Online,Card,Completed,43.0,0.0,1.3,0.0,44.3
ORD005132,2025-05-16 23:16:52,ST004,CUST00799,In-store,Cash,Completed,8.2,0.0,0.36,0.0,8.56
ORD005133,2025-07-15 18:28:35,ST004,CUST00750,In-store,Card,Completed,8.2,0.0,0.0,0.0,8.2
ORD005134,2025-01-30 06:59:25,ST007,CUST00138,Click & Collect,Card,Completed,5.6,0.0,0.0,0.0,5.6
ORD005135,2025-10-26 19:03:25,ST008,CUST00312,In-store,Card,Completed,7.1,0.0,0.0,0.0,7.1
ORD005136,2025-06-22 12:04:28,ST001,CUST00767,In-store,Card,Completed,21.55,0.0,2.12,0.0,23.67
ORD005137,2025-09-25 03:19:40,ST008,CUST00384,In-store,Card,Completed,27.85,0.3,0.28,0.0,27.83
ORD005138,2025-02-07 03:05:37,ST006,CUST00361,Online,Card,Completed,27.4,0.0,4.44,3.49,35.33
ORD005139,2025-10-19 07:50:34,ST001,CUST00232,In-store,Card,Refunded,66.25,0.0,9.9,0.0,76.15
ORD005140,2025-12-20 09:43:04,ST004,CUST00354,In-store,Card,Completed,10.9,0.0,1.04,0.0,11.94
ORD005141,2025-06-07 15:40:28,ST003,CUST00624,In-store,Card,Completed,17.6,0.0,3.52,0.0,21.12
ORD005142,2025-02-27 22:05:36,ST003,CUST00102,In-store,Cash,Completed,86.3,0.0,1.6,0.0,87.9
ORD005143,2025-06-26 15:43:22,ST005,CUST00237,In-store,Card,Completed,1.7,0.0,0.0,0.0,1.7
ORD005144,2025-12-30 06:02:49,ST008,,In-store,Card,Completed,25.35,0.0,2.48,0.0,27.83
ORD005145,2025-06-05 14:32:16,ST002,CUST00213,In-store,Card,Completed,31.9,0.0,0.0,0.0,31.9
ORD005146,2025-11-16 10:14:44,ST007,CUST00031,In-store,Card,Completed,1.9,0.0,0.0,0.0,1.9
ORD005147,2025-08-18 01:02:36,ST006,CUST00632,In-store,Card,Completed,12.3,0.0,1.32,0.0,13.62
ORD005148,2025-11-17 12:28:16,ST006,CUST00138,In-store,Card,Completed,7.05,0.0,0.18,0.0,7.23
ORD005149,2025-10-01 06:54:26,ST004,CUST00286,In-store,Card,Completed,10.7,0.0,1.1,0.0,11.8
ORD005150,2025-12-13 07:18:43,ST006,CUST00503,In-store,Card,Completed,23.0,0.0,0.0,0.0,23.0
ORD005151,2025-04-10 18:28:51,ST004,CUST00578,In-store,Card,Completed,10.1,0.0,1.8,0.0,11.9
ORD005152,2025-03-21 05:17:56,ST008,CUST00561,In-store,Card,Completed,12.5,0.0,2.1,0.0,14.6
ORD005153,2025-08-18 14:12:53,ST002,CUST00278,In-store,Cash,Completed,19.95,0.72,0.96,0.0,20.19
ORD005154,2025-04-28 11:26:12,ST002,,Online,Mobile Wallet,Completed,17.25,0.0,1.64,3.49,22.38
ORD005155,2025-04-09 10:35:00,ST004,CUST00250,In-store,Card,Completed,22.5,0.31,2.4,0.0,24.59
ORD005156,2025-10-30 13:54:25,ST002,,In-store,Mobile Wallet,Completed,8.6,0.0,0.6,0.0,9.2
ORD005157,2025-02-27 02:24:51,ST008,CUST00351,In-store,Card,Completed,23.9,0.0,2.86,0.0,26.76
ORD005158,2025-12-17 00:03:29,ST004,CUST00050,In-store,Card,Completed,2.4,0.0,0.48,0.0,2.88
ORD005159,2025-03-21 23:07:24,ST001,,In-store,Card,Completed,21.8,0.0,2.92,0.0,24.72
ORD005160,2025-10-21 22:23:33,ST005,CUST00516,Click & Collect,Card,Completed,48.0,0.0,0.3,0.0,48.3
ORD005161,2025-03-26 11:54:10,ST003,CUST00401,In-store,Mobile Wallet,Completed,42.65,0.0,1.8,0.0,44.45
ORD005162,2025-10-02 16:37:20,ST008,CUST00152,In-store,Card,Completed,28.3,0.0,1.76,0.0,30.06
ORD005163,2025-04-30 09:23:22,ST005,CUST00221,In-store,Mobile Wallet,Completed,20.5,0.0,2.2,0.0,22.7
ORD005164,2025-02-18 06:34:34,ST001,CUST00193,Online,Card,Completed,31.8,0.22,5.7,3.49,40.77
ORD005165,2025-09-03 16:39:33,ST003,,In-store,Card,Completed,6.5,0.0,0.0,0.0,6.5
ORD005166,2025-02-22 12:04:27,ST004,CUST00203,In-store,Card,Completed,28.8,0.0,2.04,0.0,30.84
ORD005167,2025-04-27 02:32:23,ST006,CUST00034,In-store,Gift Card,Completed,24.9,0.0,1.28,0.0,26.18
ORD005168,2025-02-03 09:29:00,ST006,CUST00652,In-store,Mobile Wallet,Completed,17.1,0.0,2.18,0.0,19.28
ORD005169,2025-12-09 00:18:54,ST007,CUST00630,In-store,Card,Completed,21.2,0.0,1.8,0.0,23.0
ORD005170,2025-03-03 14:13:35,ST001,,Online,Card,Completed,15.2,0.0,1.54,3.49,20.23
ORD005171,2025-05-30 02:45:08,ST002,CUST00578,In-store,Mobile Wallet,Completed,4.0,0.0,0.8,0.0,4.8
ORD005172,2025-05-21 08:33:05,ST007,CUST00052,In-store,Mobile Wallet,Completed,50.85,0.0,0.76,0.0,51.61
ORD005173,2025-10-12 11:11:46,ST003,CUST00052,In-store,Card,Completed,30.8,0.0,4.24,0.0,35.04
ORD005174,2025-09-20 16:29:52,ST001,,Online,Card,Completed,16.5,0.0,0.0,3.49,19.99
ORD005175,2025-02-15 01:51:18,ST008,CUST00532,Online,Card,Completed,14.0,0.0,0.0,3.49,17.49
ORD005176,2025-07-22 15:21:50,ST007,CUST00647,In-store,Mobile Wallet,Completed,96.6,2.16,9.86,0.0,104.3
ORD005177,2025-03-30 02:46:09,ST003,CUST00528,In-store,Card,Completed,9.4,0.0,1.44,0.0,10.84
ORD005178,2025-04-09 20:44:23,ST001,CUST00369,In-store,Card,Completed,1.8,0.0,0.36,0.0,2.16
ORD005179,2025-02-03 23:32:17,ST001,CUST00566,In-store,Mobile Wallet,Completed,14.5,1.14,0.9,0.0,14.26
ORD005180,2025-06-14 09:58:54,ST007,CUST00218,Click & Collect,Cash,Completed,10.85,0.0,1.17,0.0,12.02
ORD005181,2025-12-30 20:56:42,ST007,,Online,Card,Completed,1.2,0.0,0.0,3.49,4.69
ORD005182,2025-08-12 22:57:45,ST006,CUST00255,Click & Collect,Card,Completed,27.6,0.0,1.68,0.0,29.28
ORD005183,2025-01-04 11:10:30,ST003,CUST00650,In-store,Card,Completed,31.05,0.0,1.2,0.0,32.25
ORD005184,2025-11-21 18:35:27,ST005,,In-store,Card,Completed,26.5,0.0,1.68,0.0,28.18
ORD005185,2025-08-08 12:55:59,ST008,,In-store,Card,Completed,21.2,0.0,3.28,0.0,24.48
ORD005186,2025-11-22 10:55:16,ST008,CUST00025,In-store,Mobile Wallet,Completed,38.1,0.0,5.7,0.0,43.8
ORD005187,2025-05-19 23:59:44,ST005,CUST00114,In-store,Cash,Completed,4.3,0.0,0.44,0.0,4.74
ORD005188,2025-08-01 06:55:48,ST008,CUST00444,Online,Card,Completed,19.95,0.96,0.3,3.49,22.78
ORD005189,2025-10-16 12:49:41,ST001,CUST00307,In-store,Card,Completed,31.0,0.0,3.2,0.0,34.2
ORD005190,2025-06-25 00:43:49,ST005,CUST00249,In-store,Cash,Completed,17.4,0.0,1.56,0.0,18.96
ORD005191,2025-02-27 11:52:00,ST004,CUST00133,In-store,Card,Completed,19.2,0.9,1.68,0.0,19.98
ORD005192,2025-04-17 09:55:52,ST001,,In-store,Card,Completed,25.2,0.0,3.16,0.0,28.36
ORD005193,2025-04-07 12:20:37,ST007,CUST00615,In-store,Card,Completed,38.0,0.0,0.0,0.0,38.0
ORD005194,2025-07-09 07:57:33,ST003,,Online,Card,Completed,46.8,3.4,0.0,0.0,43.4
ORD005195,2025-06-08 11:51:08,ST003,,In-store,Cash,Completed,19.4,0.0,2.6,0.0,22.0
ORD005196,2025-11-06 18:26:14,ST002,CUST00721,In-store,Card,Completed,20.5,0.0,0.0,0.0,20.5
ORD005197,2025-04-12 23:22:05,ST003,CUST00590,In-store,Card,Completed,7.6,0.0,0.0,0.0,7.6
ORD005198,2025-07-20 06:28:29,ST006,,In-store,Mobile Wallet,Completed,26.9,0.48,0.0,0.0,26.42
ORD005199,2025-05-06 02:45:25,ST007,CUST00609,In-store,Card,Completed,18.9,0.0,1.7,0.0,20.6
ORD005200,2025-08-01 18:54:23,ST003,CUST00163,Online,Card,Completed,39.9,0.0,5.98,3.49,49.37
ORD005201,2025-02-22 20:54:40,ST002,CUST00530,Online,Card,Completed,21.4,1.16,1.04,3.49,24.77
ORD005202,2025-03-29 18:46:25,ST002,,In-store,Cash,Completed,24.5,0.0,0.0,0.0,24.5
ORD005203,2025-02-28 13:18:09,ST005,CUST00687,In-store,Mobile Wallet,Completed,15.45,0.0,0.97,0.0,16.42
ORD005204,2025-03-08 00:23:16,ST007,CUST00328,In-store,Gift Card,Completed,6.0,0.0,0.36,0.0,6.36
ORD005205,2025-06-27 10:28:52,ST007,,In-store,Cash,Completed,32.0,0.0,1.6,0.0,33.6
ORD005206,2025-12-20 04:59:07,ST007,,In-store,Card,Completed,47.5,0.0,6.86,0.0,54.36
ORD005207,2025-06-04 01:48:07,ST008,CUST00743,In-store,Mobile Wallet,Completed,70.5,0.0,11.34,0.0,81.84
ORD005208,2025-01-14 00:17:27,ST003,CUST00106,In-store,Card,Completed,16.65,0.1,2.7,0.0,19.25
ORD005209,2025-01-05 14:18:32,ST006,,Online,Card,Completed,26.15,1.2,1.04,3.49,29.48
ORD005210,2025-02-08 08:34:54,ST004,CUST00770,In-store,Gift Card,Refunded,49.7,0.33,5.56,0.0,54.93
ORD005211,2025-02-11 02:12:02,ST003,CUST00364,Click & Collect,Card,Completed,17.75,0.0,2.59,0.0,20.34
ORD005212,2025-02-01 00:44:14,ST002,CUST00095,In-store,Mobile Wallet,Completed,26.5,1.8,1.66,0.0,26.36
ORD005213,2025-04-30 16:20:13,ST002,CUST00359,Click & Collect,Card,Completed,28.0,0.0,2.88,0.0,30.88
ORD005214,2025-04-19 01:59:01,ST006,CUST00500,In-store,Mobile Wallet,Completed,16.85,0.0,1.3,0.0,18.15
ORD005215,2025-11-26 06:34:22,ST006,CUST00285,In-store,Card,Completed,15.15,0.0,0.0,0.0,15.15
ORD005216,2025-12-24 19:41:21,ST004,CUST00092,In-store,Card,Completed,26.85,0.0,2.94,0.0,29.79
ORD005217,2025-05-27 22:42:31,ST004,CUST00717,In-store,Mobile Wallet,Completed,8.3,0.0,0.96,0.0,9.26
ORD005218,2025-08-25 05:48:19,ST001,,Click & Collect,Card,Completed,25.45,0.0,0.34,0.0,25.79
ORD005219,2025-08-23 09:44:58,ST004,CUST00457,In-store,Card,Completed,50.05,3.58,0.0,0.0,46.47
ORD005220,2025-08-10 08:14:39,ST003,CUST00213,Online,Cash,Completed,17.35,0.69,0.38,3.49,20.53
ORD005221,2025-06-13 16:18:38,ST007,CUST00710,Online,Gift Card,Completed,15.95,0.0,0.0,3.49,19.44
ORD005222,2025-05-05 14:21:26,ST007,CUST00149,In-store,Card,Completed,28.9,0.0,3.56,0.0,32.46
ORD005223,2025-12-19 22:32:54,ST008,CUST00097,In-store,Card,Completed,27.0,0.66,4.13,0.0,30.46
ORD005224,2025-04-28 04:58:03,ST001,,In-store,Card,Completed,15.45,0.0,0.0,0.0,15.45
ORD005225,2025-12-11 07:13:15,ST004,,In-store,Card,Completed,34.7,0.15,3.34,0.0,37.89
ORD005226,2025-01-06 19:06:29,ST002,CUST00043,In-store,Mobile Wallet,Completed,5.15,0.24,0.0,0.0,4.91
ORD005227,2025-08-10 09:17:38,ST008,CUST00310,In-store,Mobile Wallet,Refunded,26.1,0.0,1.52,0.0,27.62
ORD005228,2025-04-03 14:23:34,ST002,CUST00650,In-store,Card,Completed,9.7,0.68,0.0,0.0,9.02
ORD005229,2025-02-02 21:17:38,ST006,,In-store,Card,Completed,11.2,0.0,0.0,0.0,11.2
ORD005230,2025-07-12 02:07:14,ST008,,In-store,Card,Completed,25.1,0.48,2.22,0.0,26.84
ORD005231,2025-03-07 13:39:25,ST004,CUST00030,In-store,Card,Completed,10.5,0.0,1.12,0.0,11.62
ORD005232,2025-02-08 23:04:47,ST001,CUST00751,In-store,Mobile Wallet,Completed,22.6,0.0,2.38,0.0,24.98
ORD005233,2025-04-23 02:09:20,ST008,CUST00015,In-store,Mobile Wallet,Completed,28.45,0.0,0.36,0.0,28.81
ORD005234,2025-07-02 23:04:20,ST006,,In-store,Cash,Cancelled,14.6,0.0,0.6,0.0,0.0
ORD005235,2025-08-25 04:43:53,ST008,CUST00765,In-store,Card,Completed,12.9,0.0,1.5,0.0,14.4
ORD005236,2025-11-26 07:53:33,ST006,CUST00634,In-store,Mobile Wallet,Completed,14.8,0.0,1.38,0.0,16.18
ORD005237,2025-04-21 13:09:15,ST008,CUST00352,In-store,Card,Completed,75.25,1.25,2.6,0.0,76.6
ORD005238,2025-02-09 05:16:35,ST006,CUST00493,In-store,Card,Completed,3.6,0.0,0.72,0.0,4.32
ORD005239,2025-06-13 17:19:59,ST005,CUST00225,Click & Collect,Card,Cancelled,16.05,0.0,2.5,0.0,0.0
ORD005240,2025-12-22 00:50:38,ST004,CUST00226,In-store,Card,Completed,14.55,0.0,0.36,0.0,14.91
ORD005241,2025-12-09 11:56:08,ST006,,In-store,Card,Completed,7.25,0.0,0.0,0.0,7.25
ORD005242,2025-02-22 00:59:17,ST006,CUST00581,Online,Card,Completed,5.1,0.0,0.66,3.49,9.25
ORD005243,2025-05-14 06:51:58,ST001,,In-store,Card,Refunded,32.9,0.0,0.0,0.0,32.9
ORD005244,2025-06-30 07:30:00,ST006,CUST00350,Online,Cash,Completed,42.9,0.0,2.18,0.0,45.08
ORD005245,2025-09-06 10:04:25,ST006,,In-store,Card,Cancelled,48.3,0.0,4.6,0.0,0.0
ORD005246,2025-04-07 01:40:54,ST007,,In-store,Card,Completed,7.2,0.0,0.0,0.0,7.2
ORD005247,2025-01-05 07:27:50,ST003,CUST00407,In-store,Mobile Wallet,Completed,42.9,0.0,0.42,0.0,43.32
ORD005248,2025-08-02 02:12:09,ST001,CUST00309,Click & Collect,Mobile Wallet,Completed,25.05,0.0,1.28,0.0,26.33
ORD005249,2025-03-08 03:16:50,ST008,CUST00284,In-store,Card,Completed,30.7,0.0,2.32,0.0,33.02
ORD005250,2025-10-25 04:17:31,ST008,,In-store,Mobile Wallet,Refunded,21.5,0.0,2.4,0.0,23.9
ORD005251,2025-07-21 16:51:56,ST005,,Online,Card,Completed,17.05,0.0,0.44,3.49,20.98
ORD005252,2025-10-09 02:03:40,ST006,,In-store,Card,Completed,25.4,0.0,1.08,0.0,26.48
ORD005253,2025-10-08 13:41:22,ST001,,Online,Mobile Wallet,Completed,26.4,0.0,2.52,3.49,32.41
ORD005254,2025-05-11 22:52:27,ST008,CUST00014,Online,Card,Completed,6.1,0.0,0.24,3.49,9.83
ORD005255,2025-07-02 12:08:37,ST006,,In-store,Card,Completed,2.2,0.0,0.0,0.0,2.2
ORD005256,2025-09-24 07:15:35,ST004,,In-store,Card,Completed,24.7,0.0,2.64,0.0,27.34
ORD005257,2025-11-17 03:39:09,ST004,,In-store,Card,Completed,23.55,0.0,0.52,0.0,24.07
ORD005258,2025-03-02 15:49:02,ST004,CUST00248,In-store,Cash,Completed,26.4,0.0,2.18,0.0,28.58
ORD005259,2025-07-30 04:00:10,ST003,,In-store,Card,Completed,15.0,0.0,2.24,0.0,17.24
ORD005260,2025-02-12 19:29:36,ST008,CUST00601,In-store,Card,Completed,6.5,0.0,1.3,0.0,7.8
ORD005261,2025-11-19 06:38:47,ST002,CUST00289,In-store,Gift Card,Completed,2.4,0.0,0.48,0.0,2.88
ORD005262,2025-02-12 20:03:46,ST006,CUST00456,In-store,Card,Completed,19.0,0.54,0.0,0.0,18.46
ORD005263,2025-02-02 17:53:01,ST001,CUST00296,In-store,Card,Completed,6.65,0.0,0.96,0.0,7.61
ORD005264,2025-06-19 04:06:03,ST007,CUST00551,In-store,Mobile Wallet,Completed,39.1,0.0,4.68,0.0,43.78
ORD005265,2025-01-07 10:07:41,ST008,,In-store,Card,Cancelled,23.9,0.44,0.18,0.0,0.0
ORD005266,2025-03-23 14:48:47,ST001,CUST00598,Click & Collect,Card,Completed,33.5,0.0,2.72,0.0,36.22
ORD005267,2025-11-11 05:19:18,ST002,CUST00746,Online,Cash,Completed,29.0,0.0,0.8,3.49,33.29
ORD005268,2025-01-08 03:16:25,ST006,,Online,Card,Completed,17.4,0.0,2.89,3.49,23.78
ORD005269,2025-08-28 14:25:37,ST003,CUST00349,In-store,Card,Completed,3.0,0.0,0.0,0.0,3.0
ORD005270,2025-12-17 02:38:46,ST005,CUST00797,In-store,Card,Completed,28.1,0.0,1.86,0.0,29.96
ORD005271,2025-01-18 04:08:23,ST003,CUST00489,Online,Card,Completed,12.9,0.0,0.38,3.49,16.77
ORD005272,2025-10-26 01:57:45,ST001,,In-store,Card,Completed,15.8,0.0,2.0,0.0,17.8
ORD005273,2025-07-22 10:02:27,ST006,CUST00122,In-store,Card,Completed,13.95,0.0,2.34,0.0,16.29
ORD005274,2025-06-06 13:27:48,ST005,CUST00444,In-store,Card,Completed,37.75,0.0,3.13,0.0,40.88
ORD005275,2025-12-17 11:11:02,ST004,,In-store,Cash,Completed,34.2,0.0,0.4,0.0,34.6
ORD005276,2025-07-08 23:18:44,ST004,CUST00721,In-store,Mobile Wallet,Completed,1.9,0.0,0.38,0.0,2.28
ORD005277,2025-07-07 17:34:07,ST001,,In-store,Card,Completed,13.7,0.0,0.0,0.0,13.7
ORD005278,2025-08-17 12:42:04,ST006,CUST00518,In-store,Card,Completed,15.1,0.0,0.24,0.0,15.34
ORD005279,2025-05-24 11:44:15,ST005,CUST00683,In-store,Mobile Wallet,Completed,8.6,0.0,0.0,0.0,8.6
ORD005280,2025-12-24 10:15:26,ST007,,In-store,Mobile Wallet,Completed,12.15,0.38,1.24,0.0,13.01
ORD005281,2025-11-30 12:48:16,ST007,,In-store,Cash,Completed,2.0,0.0,0.0,0.0,2.0
ORD005282,2025-04-24 23:50:00,ST004,,In-store,Card,Completed,41.1,0.0,3.74,0.0,44.84
ORD005283,2025-11-27 16:49:25,ST004,CUST00179,In-store,Card,Completed,17.7,0.0,2.52,0.0,20.22
ORD005284,2025-01-18 07:16:33,ST007,CUST00779,In-store,Card,Refunded,31.5,0.0,0.6,0.0,32.1
ORD005285,2025-09-26 07:04:16,ST003,,In-store,Cash,Completed,21.65,0.9,3.44,0.0,24.19
ORD005286,2025-07-04 19:32:47,ST003,,Online,Cash,Completed,41.5,0.0,3.64,0.0,45.14
ORD005287,2025-02-07 18:44:35,ST006,CUST00271,In-store,Card,Completed,11.6,0.17,0.24,0.0,11.68
ORD005288,2025-04-16 19:30:37,ST006,,In-store,Cash,Completed,43.2,0.0,1.56,0.0,44.76
ORD005289,2025-01-05 03:23:01,ST001,CUST00126,In-store,Card,Completed,7.4,0.0,0.0,0.0,7.4
ORD005290,2025-02-06 20:22:10,ST008,,Online,Card,Completed,21.35,0.0,3.74,3.49,28.58
ORD005291,2025-06-28 18:30:34,ST006,CUST00220,In-store,Card,Completed,62.25,0.0,0.0,0.0,62.25
ORD005292,2025-05-12 08:24:20,ST004,CUST00084,Online,Mobile Wallet,Completed,32.15,0.0,4.38,3.49,40.02
ORD005293,2025-06-07 03:08:50,ST002,CUST00112,In-store,Card,Completed,46.4,0.0,7.15,0.0,53.55
ORD005294,2025-03-20 05:58:02,ST003,CUST00698,Click & Collect,Card,Completed,35.3,0.0,5.96,0.0,41.26
ORD005295,2025-05-02 06:34:58,ST005,,In-store,Card,Completed,4.0,0.0,0.8,0.0,4.8
ORD005296,2025-02-04 20:46:07,ST008,,Online,Mobile Wallet,Completed,29.2,0.0,1.36,3.49,34.05
ORD005297,2025-01-02 04:00:20,ST004,CUST00221,In-store,Card,Completed,3.2,0.0,0.0,0.0,3.2
ORD005298,2025-08-06 05:55:47,ST002,CUST00441,In-store,Card,Completed,15.0,0.0,1.38,0.0,16.38
ORD005299,2025-06-16 22:15:18,ST002,CUST00225,Online,Cash,Completed,28.7,0.0,4.64,3.49,36.83
ORD005300,2025-10-07 01:53:51,ST006,CUST00115,Online,Card,Completed,11.4,0.0,0.42,3.49,15.31
ORD005301,2025-12-30 01:57:23,ST004,CUST00758,In-store,Card,Cancelled,24.6,0.0,2.34,0.0,0.0
ORD005302,2025-07-04 13:26:21,ST005,,Click & Collect,Card,Completed,3.6,0.0,0.3,0.0,3.9
ORD005303,2025-11-28 10:29:16,ST006,CUST00324,In-store,Card,Refunded,4.8,0.0,0.0,0.0,4.8
ORD005304,2025-05-12 20:35:48,ST005,CUST00063,Click & Collect,Cash,Completed,20.6,0.0,0.3,0.0,20.9
ORD005305,2025-07-07 13:15:27,ST001,CUST00375,In-store,Mobile Wallet,Completed,40.6,2.88,0.44,0.0,38.16
ORD005306,2025-03-12 12:30:10,ST008,CUST00782,In-store,Card,Completed,23.75,0.0,1.14,0.0,24.89
ORD005307,2025-04-22 14:43:29,ST002,CUST00378,Online,Cash,Completed,18.7,0.0,1.54,3.49,23.73
ORD005308,2025-05-16 21:39:26,ST008,,In-store,Gift Card,Completed,32.8,0.0,1.92,0.0,34.72
ORD005309,2025-02-16 11:26:25,ST004,CUST00394,In-store,Card,Completed,28.8,0.0,2.38,0.0,31.18
ORD005310,2025-02-08 21:50:33,ST006,CUST00059,Click & Collect,Cash,Completed,5.3,0.45,0.0,0.0,4.85
ORD005311,2025-06-07 23:22:56,ST004,CUST00311,In-store,Card,Completed,50.1,0.48,4.3,0.0,53.92
ORD005312,2025-09-20 10:18:09,ST003,CUST00749,In-store,Card,Completed,19.6,0.0,2.36,0.0,21.96
ORD005313,2025-01-03 11:49:32,ST001,CUST00259,In-store,Mobile Wallet,Completed,3.2,0.0,0.64,0.0,3.84
ORD005314,2025-10-15 02:33:15,ST001,CUST00093,In-store,Card,Completed,20.45,0.0,1.2,0.0,21.65
ORD005315,2025-03-14 00:05:21,ST008,CUST00219,In-store,Card,Completed,48.4,0.0,7.04,0.0,55.44
ORD005316,2025-02-01 15:42:04,ST006,CUST00075,In-store,Mobile Wallet,Completed,7.5,0.0,0.96,0.0,8.46
ORD005317,2025-10-06 13:11:14,ST005,,In-store,Card,Completed,24.2,0.0,1.12,0.0,25.32
ORD005318,2025-02-15 10:46:44,ST002,,In-store,Card,Completed,25.2,0.9,1.92,0.0,26.22
ORD005319,2025-02-14 02:15:14,ST004,CUST00617,Online,Card,Completed,13.8,0.0,0.95,3.49,18.24
ORD005320,2025-12-13 09:01:25,ST006,,Click & Collect,Cash,Cancelled,15.6,0.0,0.64,0.0,0.0
ORD005321,2025-04-15 22:06:17,ST004,,Click & Collect,Card,Completed,32.4,2.3,1.18,0.0,31.28
ORD005322,2025-06-07 21:48:53,ST004,,In-store,Card,Completed,21.75,0.0,0.36,0.0,22.11
ORD005323,2025-05-03 14:39:04,ST006,CUST00053,In-store,Gift Card,Completed,33.7,0.0,0.54,0.0,34.24
ORD005324,2025-03-11 18:22:38,ST003,CUST00624,Online,Cash,Completed,26.6,0.0,1.28,3.49,31.37
ORD005325,2025-03-10 05:38:25,ST001,CUST00241,Click & Collect,Card,Completed,38.25,0.0,0.0,0.0,38.25
ORD005326,2025-11-03 03:28:40,ST003,CUST00230,Online,Card,Completed,54.6,0.0,7.6,0.0,62.2
ORD005327,2025-02-12 06:06:02,ST001,,In-store,Card,Completed,58.15,0.0,1.32,0.0,59.47
ORD005328,2025-04-24 05:41:02,ST006,CUST00416,Click & Collect,Card,Completed,18.25,0.0,2.44,0.0,20.69
ORD005329,2025-05-26 17:26:18,ST001,CUST00288,In-store,Card,Completed,11.45,0.0,0.42,0.0,11.87
ORD005330,2025-10-24 13:43:09,ST002,,In-store,Card,Completed,22.45,0.0,2.08,0.0,24.53
ORD005331,2025-05-27 04:42:05,ST001,,In-store,Card,Completed,3.2,0.0,0.64,0.0,3.84
ORD005332,2025-11-20 15:14:15,ST008,CUST00406,In-store,Card,Completed,68.15,0.0,7.46,0.0,75.61
ORD005333,2025-08-25 21:00:37,ST002,,In-store,Card,Completed,38.45,0.0,2.08,0.0,40.53
ORD005334,2025-06-23 18:35:28,ST005,CUST00078,In-store,Mobile Wallet,Completed,13.05,0.0,0.64,0.0,13.69
ORD005335,2025-02-25 09:41:37,ST008,CUST00554,Click & Collect,Card,Completed,32.7,0.17,0.88,0.0,33.42
ORD005336,2025-02-19 04:22:34,ST003,CUST00510,In-store,Card,Completed,6.8,0.0,0.98,0.0,7.78
ORD005337,2025-06-13 22:26:07,ST001,,In-store,Card,Completed,9.6,0.0,1.92,0.0,11.52
ORD005338,2025-02-17 02:18:28,ST005,,In-store,Cash,Completed,58.75,0.45,1.48,0.0,59.78
ORD005339,2025-12-03 01:35:15,ST006,CUST00797,Online,Cash,Completed,54.05,0.0,4.6,0.0,58.65
ORD005340,2025-06-09 02:37:26,ST002,CUST00689,Click & Collect,Mobile Wallet,Completed,26.4,1.24,2.56,0.0,27.72
ORD005341,2025-10-23 14:28:16,ST006,CUST00186,In-store,Card,Completed,17.55,0.0,0.9,0.0,18.45
ORD005342,2025-01-10 12:52:36,ST003,,In-store,Mobile Wallet,Completed,31.85,0.55,0.0,0.0,31.3
ORD005343,2025-11-17 12:39:42,ST007,CUST00135,In-store,Cash,Completed,40.3,0.0,4.2,0.0,44.5
ORD005344,2025-01-03 22:02:27,ST001,CUST00782,In-store,Mobile Wallet,Completed,9.4,0.0,0.0,0.0,9.4
ORD005345,2025-01-25 12:25:14,ST008,CUST00172,In-store,Card,Completed,10.05,0.0,0.0,0.0,10.05
ORD005346,2025-12-17 02:02:17,ST007,CUST00046,In-store,Card,Completed,28.65,0.0,3.12,0.0,31.77
ORD005347,2025-12-25 23:36:54,ST004,,In-store,Cash,Completed,47.0,0.0,6.44,0.0,53.44
ORD005348,2025-09-18 22:58:17,ST004,CUST00234,In-store,Cash,Completed,26.2,0.0,0.4,0.0,26.6
ORD005349,2025-04-24 01:47:43,ST001,,In-store,Mobile Wallet,Completed,1.5,0.0,0.0,0.0,1.5
ORD005350,2025-04-14 02:54:22,ST006,CUST00092,In-store,Card,Completed,16.9,0.0,0.0,0.0,16.9
ORD005351,2025-07-13 02:12:53,ST006,CUST00144,In-store,Mobile Wallet,Completed,37.3,1.86,0.38,0.0,35.82
ORD005352,2025-08-23 13:10:57,ST007,,Online,Card,Completed,34.0,0.0,2.06,3.49,39.55
ORD005353,2025-09-09 13:31:19,ST004,,Online,Card,Completed,40.3,0.3,1.6,0.0,41.6
ORD005354,2025-04-10 02:51:15,ST008,,Click & Collect,Card,Completed,30.5,0.0,2.74,0.0,33.24
ORD005355,2025-11-24 04:51:43,ST001,CUST00316,In-store,Cash,Completed,13.0,0.0,1.28,0.0,14.28
ORD005356,2025-03-15 07:36:52,ST008,CUST00698,Online,Card,Completed,7.7,0.0,1.14,3.49,12.33
ORD005357,2025-02-02 11:52:40,ST004,,In-store,Card,Completed,11.9,0.0,2.38,0.0,14.28
ORD005358,2025-06-03 04:44:49,ST002,CUST00513,Online,Card,Completed,30.65,1.34,1.33,3.49,34.13
ORD005359,2025-12-06 06:18:59,ST008,CUST00274,Click & Collect,Card,Completed,2.0,0.0,0.0,0.0,2.0
ORD005360,2025-11-20 01:37:20,ST007,CUST00090,In-store,Card,Completed,21.5,0.0,2.24,0.0,23.74
ORD005361,2025-03-17 05:30:29,ST005,CUST00739,Click & Collect,Card,Completed,11.65,0.0,1.5,0.0,13.15
ORD005362,2025-07-26 19:22:01,ST005,CUST00220,In-store,Card,Completed,16.1,0.0,1.38,0.0,17.48
ORD005363,2025-04-28 00:12:41,ST007,CUST00502,In-store,Card,Completed,12.0,0.0,0.0,0.0,12.0
ORD005364,2025-04-17 05:20:02,ST001,CUST00651,Online,Mobile Wallet,Completed,35.15,0.0,3.44,3.49,42.08
ORD005365,2025-07-21 00:26:43,ST002,,Online,Card,Completed,27.8,0.0,0.9,3.49,32.19
ORD005366,2025-11-05 17:22:17,ST004,CUST00352,In-store,Card,Completed,11.6,0.0,0.52,0.0,12.12
ORD005367,2025-01-03 12:51:00,ST004,CUST00163,In-store,Cash,Completed,18.1,0.19,1.52,0.0,19.43
ORD005368,2025-04-11 20:21:20,ST002,CUST00339,In-store,Cash,Completed,13.8,0.0,2.32,0.0,16.12
ORD005369,2025-11-11 21:03:05,ST003,,In-store,Card,Completed,42.65,0.0,1.0,0.0,43.65
ORD005370,2025-08-24 22:27:10,ST005,,In-store,Card,Completed,31.55,0.0,0.44,0.0,31.99
ORD005371,2025-12-16 20:51:43,ST006,,In-store,Mobile Wallet,Completed,41.2,0.12,1.54,0.0,42.62
ORD005372,2025-10-14 03:59:43,ST006,CUST00360,Online,Cash,Completed,4.4,0.0,0.88,3.49,8.77
ORD005373,2025-12-29 10:31:05,ST006,CUST00268,In-store,Card,Completed,24.55,0.0,0.0,0.0,24.55
ORD005374,2025-09-13 06:18:13,ST003,,Online,Card,Completed,15.9,0.0,0.36,3.49,19.75
ORD005375,2025-12-04 04:45:12,ST001,,Click & Collect,Card,Completed,29.9,0.48,1.1,0.0,30.52
ORD005376,2025-12-19 18:58:38,ST004,CUST00632,In-store,Card,Completed,12.0,0.24,1.87,0.0,13.63
ORD005377,2025-06-16 03:58:34,ST006,CUST00039,In-store,Card,Completed,18.15,0.0,1.7,0.0,19.85
ORD005378,2025-09-10 00:32:16,ST003,CUST00511,In-store,Card,Completed,6.5,0.0,1.3,0.0,7.8
ORD005379,2025-04-11 10:07:08,ST007,CUST00690,In-store,Card,Completed,36.25,0.42,4.53,0.0,40.36
ORD005380,2025-02-22 02:13:41,ST006,CUST00085,In-store,Card,Completed,20.9,0.65,1.04,0.0,21.29
ORD005381,2025-07-24 04:37:05,ST002,CUST00206,In-store,Mobile Wallet,Completed,2.65,0.0,0.0,0.0,2.65
ORD005382,2025-09-07 06:08:40,ST004,CUST00759,In-store,Card,Cancelled,13.3,0.0,0.0,0.0,0.0
ORD005383,2025-07-26 23:44:50,ST001,,Online,Card,Completed,24.0,0.6,0.74,3.49,27.63
ORD005384,2025-03-22 20:52:42,ST003,CUST00507,In-store,Card,Completed,28.7,0.0,1.64,0.0,30.34
ORD005385,2025-09-25 19:14:15,ST006,CUST00224,In-store,Mobile Wallet,Completed,13.9,0.3,1.84,0.0,15.44
ORD005386,2025-08-04 00:19:35,ST001,CUST00796,Online,Card,Completed,54.2,0.0,6.6,0.0,60.8
ORD005387,2025-06-19 22:45:55,ST001,CUST00683,In-store,Cash,Completed,22.3,1.24,0.0,0.0,21.06
ORD005388,2025-04-16 13:33:14,ST002,CUST00289,In-store,Cash,Completed,8.8,0.0,1.76,0.0,10.56
ORD005389,2025-07-18 16:14:56,ST007,,In-store,Card,Completed,29.1,0.0,4.68,0.0,33.78
ORD005390,2025-02-06 23:08:15,ST006,,In-store,Mobile Wallet,Completed,21.4,0.0,1.96,0.0,23.36
ORD005391,2025-03-05 10:59:34,ST007,CUST00125,In-store,Card,Cancelled,45.95,0.0,2.6,0.0,0.0
ORD005392,2025-09-21 22:55:42,ST004,,In-store,Card,Completed,0.75,0.0,0.0,0.0,0.75
ORD005393,2025-04-23 01:11:44,ST007,CUST00372,Click & Collect,Card,Completed,13.45,0.0,0.3,0.0,13.75
ORD005394,2025-02-11 08:13:23,ST003,CUST00519,Online,Cash,Completed,18.85,0.63,1.3,3.49,23.01
ORD005395,2025-03-12 03:10:56,ST007,CUST00617,In-store,Cash,Completed,36.95,0.0,1.11,0.0,38.06
ORD005396,2025-05-09 09:49:15,ST004,CUST00198,In-store,Mobile Wallet,Completed,9.05,0.0,0.37,0.0,9.42
ORD005397,2025-06-10 19:42:36,ST001,CUST00080,Click & Collect,Card,Completed,34.35,0.0,1.64,0.0,35.99
ORD005398,2025-04-03 12:27:08,ST003,,Click & Collect,Card,Completed,29.1,0.0,0.0,0.0,29.1
ORD005399,2025-08-29 19:59:18,ST008,CUST00623,Online,Card,Completed,31.65,0.0,0.6,3.49,35.74
ORD005400,2025-03-24 05:43:05,ST004,CUST00587,In-store,Mobile Wallet,Completed,25.15,0.0,4.24,0.0,29.39
ORD005401,2025-11-16 05:30:39,ST003,,In-store,Card,Completed,19.75,0.0,0.0,0.0,19.75
ORD005402,2025-10-18 02:55:45,ST003,CUST00285,In-store,Card,Completed,17.75,0.0,0.84,0.0,18.59
ORD005403,2025-06-24 18:26:20,ST008,CUST00629,In-store,Cash,Completed,17.1,0.0,0.36,0.0,17.46
ORD005404,2025-02-02 07:02:57,ST002,,In-store,Card,Completed,21.2,0.0,3.8,0.0,25.0
ORD005405,2025-12-11 17:28:29,ST003,,In-store,Card,Completed,11.8,0.0,1.04,0.0,12.84
ORD005406,2025-11-23 14:30:02,ST003,CUST00274,In-store,Card,Completed,21.9,0.0,0.24,0.0,22.14
ORD005407,2025-10-06 14:11:21,ST008,CUST00161,Online,Cash,Completed,7.2,0.0,0.96,3.49,11.65
ORD005408,2025-08-02 20:30:43,ST003,CUST00136,In-store,Card,Completed,14.0,0.0,1.84,0.0,15.84
ORD005409,2025-09-17 08:33:57,ST005,CUST00245,In-store,Card,Completed,15.5,0.3,2.28,0.0,17.48
ORD005410,2025-07-11 19:44:24,ST004,CUST00465,In-store,Card,Completed,29.2,0.0,1.56,0.0,30.76
ORD005411,2025-11-25 10:02:17,ST001,,In-store,Card,Completed,24.5,0.0,0.88,0.0,25.38
ORD005412,2025-10-11 11:25:58,ST005,CUST00522,In-store,Card,Completed,0.75,0.0,0.0,0.0,0.75
ORD005413,2025-04-14 01:32:01,ST005,CUST00354,In-store,Card,Completed,33.55,0.0,1.88,0.0,35.43
ORD005414,2025-10-21 20:03:16,ST005,CUST00701,Click & Collect,Card,Completed,26.4,0.0,0.8,0.0,27.2
ORD005415,2025-05-01 08:18:23,ST003,CUST00714,In-store,Card,Completed,5.65,0.0,0.0,0.0,5.65
ORD005416,2025-06-02 09:46:32,ST002,,In-store,Card,Completed,20.5,0.0,0.4,0.0,20.9
ORD005417,2025-11-18 17:43:58,ST005,,In-store,Cash,Completed,24.35,0.0,0.84,0.0,25.19
ORD005418,2025-02-23 04:11:07,ST008,,In-store,Card,Completed,7.0,0.0,0.48,0.0,7.48
ORD005419,2025-04-24 13:07:13,ST002,,In-store,Card,Completed,1.9,0.0,0.0,0.0,1.9
ORD005420,2025-11-27 19:46:07,ST002,CUST00684,In-store,Gift Card,Completed,30.8,0.0,0.0,0.0,30.8
ORD005421,2025-03-11 02:50:46,ST004,CUST00787,In-store,Card,Completed,51.9,0.0,0.96,0.0,52.86
ORD005422,2025-09-26 19:35:11,ST001,CUST00021,In-store,Cash,Completed,45.0,0.0,4.94,0.0,49.94
ORD005423,2025-12-18 09:41:05,ST007,CUST00117,In-store,Mobile Wallet,Completed,20.4,0.0,0.0,0.0,20.4
ORD005424,2025-09-14 12:44:02,ST003,CUST00365,In-store,Card,Completed,17.6,0.0,0.0,0.0,17.6
ORD005425,2025-01-07 11:45:17,ST005,CUST00265,In-store,Card,Completed,19.6,0.0,1.84,0.0,21.44
ORD005426,2025-10-20 19:49:50,ST005,CUST00224,In-store,Card,Completed,11.1,0.0,0.0,0.0,11.1
ORD005427,2025-10-06 08:15:33,ST002,CUST00140,Online,Card,Completed,1.7,0.0,0.0,3.49,5.19
ORD005428,2025-06-23 00:27:19,ST006,,In-store,Card,Completed,41.9,2.16,0.24,0.0,39.98
ORD005429,2025-06-07 20:32:56,ST006,,In-store,Mobile Wallet,Completed,19.8,0.0,1.7,0.0,21.5
ORD005430,2025-05-15 22:17:32,ST008,,In-store,Card,Completed,30.8,0.0,1.24,0.0,32.04
ORD005431,2025-05-27 15:38:54,ST005,CUST00613,In-store,Cash,Completed,22.5,0.0,3.9,0.0,26.4
ORD005432,2025-01-02 23:27:22,ST005,CUST00780,In-store,Cash,Completed,32.3,0.6,3.66,0.0,35.36
ORD005433,2025-08-11 00:20:11,ST002,CUST00392,Click & Collect,Card,Completed,21.8,0.0,3.08,0.0,24.88
ORD005434,2025-01-22 04:10:42,ST004,CUST00646,In-store,Card,Completed,18.85,1.7,0.38,0.0,17.54
ORD005435,2025-10-27 20:53:33,ST008,,In-store,Cash,Completed,1.5,0.0,0.0,0.0,1.5
ORD005436,2025-04-25 05:54:49,ST008,CUST00234,In-store,Mobile Wallet,Completed,78.7,0.0,0.36,0.0,79.06
ORD005437,2025-01-23 02:27:17,ST008,CUST00372,In-store,Cash,Completed,29.7,0.0,2.6,0.0,32.3
ORD005438,2025-10-22 06:28:35,ST006,,Online,Card,Completed,24.95,0.0,0.9,3.49,29.34
ORD005439,2025-07-26 20:40:39,ST007,CUST00587,In-store,Card,Completed,26.3,0.0,0.52,0.0,26.82
ORD005440,2025-03-03 08:11:10,ST005,CUST00356,In-store,Card,Completed,9.0,0.0,1.8,0.0,10.8
ORD005441,2025-12-23 15:56:04,ST003,CUST00730,In-store,Card,Completed,19.9,0.0,1.44,0.0,21.34
ORD005442,2025-09-27 01:57:23,ST007,CUST00631,Click & Collect,Card,Completed,31.6,0.0,3.82,0.0,35.42
ORD005443,2025-09-06 00:50:05,ST007,CUST00035,Online,Card,Completed,27.65,0.9,2.32,3.49,32.56
ORD005444,2025-04-17 05:28:17,ST002,CUST00785,In-store,Card,Completed,2.4,0.29,0.0,0.0,2.11
ORD005445,2025-07-19 11:18:26,ST007,CUST00231,Click & Collect,Mobile Wallet,Completed,52.8,0.0,8.36,0.0,61.16
ORD005446,2025-12-22 12:28:10,ST004,CUST00143,In-store,Card,Completed,5.5,0.0,0.0,0.0,5.5
ORD005447,2025-05-09 12:56:56,ST002,CUST00156,Online,Cash,Completed,37.75,0.0,2.84,3.49,44.08
ORD005448,2025-09-02 18:54:35,ST006,CUST00756,In-store,Card,Completed,37.25,0.3,1.43,0.0,38.38
ORD005449,2025-01-01 20:06:29,ST001,,In-store,Cash,Completed,36.55,0.09,1.68,0.0,38.14
ORD005450,2025-04-17 14:54:51,ST006,CUST00057,Online,Card,Completed,19.4,0.23,1.04,3.49,23.7
ORD005451,2025-09-05 06:06:45,ST006,CUST00265,In-store,Card,Completed,37.6,0.0,0.66,0.0,38.26
ORD005452,2025-04-17 01:35:23,ST001,CUST00324,In-store,Card,Completed,17.5,0.0,1.34,0.0,18.84
ORD005453,2025-05-15 12:33:48,ST004,,Online,Card,Completed,7.7,0.0,0.52,3.49,11.71
ORD005454,2025-12-09 13:00:00,ST003,CUST00285,In-store,Card,Completed,57.6,0.48,4.34,0.0,61.46
ORD005455,2025-08-29 07:14:42,ST002,CUST00130,In-store,Mobile Wallet,Completed,49.75,0.0,1.66,0.0,51.41
ORD005456,2025-01-13 10:15:00,ST002,CUST00039,In-store,Card,Completed,17.15,0.0,1.3,0.0,18.45
ORD005457,2025-11-15 16:05:53,ST006,CUST00317,Click & Collect,Gift Card,Completed,2.75,0.0,0.36,0.0,3.11
ORD005458,2025-12-13 05:54:56,ST003,CUST00169,Online,Card,Completed,51.3,0.24,4.71,0.0,55.77
ORD005459,2025-11-20 11:21:55,ST005,CUST00665,In-store,Mobile Wallet,Completed,51.2,0.0,1.86,0.0,53.06
ORD005460,2025-12-06 23:13:20,ST008,CUST00690,In-store,Card,Completed,5.7,0.0,0.0,0.0,5.7
ORD005461,2025-09-28 22:20:09,ST003,,Online,Card,Completed,35.3,0.0,2.1,3.49,40.89
ORD005462,2025-05-27 01:56:56,ST007,CUST00456,In-store,Card,Completed,10.6,0.0,1.02,0.0,11.62
ORD005463,2025-09-19 10:06:23,ST008,CUST00560,In-store,Card,Completed,51.6,0.6,3.82,0.0,54.82
ORD005464,2025-08-19 12:29:47,ST004,,Online,Card,Completed,14.4,0.0,2.08,3.49,19.97
ORD005465,2025-04-15 06:33:53,ST006,CUST00300,Online,Card,Completed,21.15,0.0,1.63,3.49,26.27
ORD005466,2025-07-28 09:43:41,ST001,,In-store,Card,Cancelled,39.75,0.0,2.98,0.0,0.0
ORD005467,2025-06-10 17:05:44,ST008,CUST00565,Online,Card,Completed,18.45,0.0,0.75,3.49,22.69
ORD005468,2025-10-21 05:07:08,ST002,CUST00747,In-store,Card,Completed,6.6,0.0,0.0,0.0,6.6
ORD005469,2025-07-06 09:53:57,ST005,CUST00054,In-store,Card,Completed,30.4,0.0,3.3,0.0,33.7
ORD005470,2025-06-10 16:12:55,ST005,CUST00097,In-store,Card,Completed,36.4,0.0,1.86,0.0,38.26
ORD005471,2025-07-01 18:03:21,ST001,CUST00061,In-store,Card,Completed,41.15,0.0,0.24,0.0,41.39
ORD005472,2025-01-18 01:27:51,ST004,CUST00418,In-store,Card,Completed,14.4,0.0,0.0,0.0,14.4
ORD005473,2025-11-19 12:41:40,ST003,CUST00287,In-store,Card,Completed,30.1,0.0,5.12,0.0,35.22
ORD005474,2025-04-02 16:57:28,ST004,CUST00718,Online,Gift Card,Completed,21.9,0.0,2.08,3.49,27.47
ORD005475,2025-03-09 13:32:37,ST005,,In-store,Card,Completed,11.0,0.0,0.0,0.0,11.0
ORD005476,2025-03-04 14:02:01,ST008,CUST00704,In-store,Card,Completed,69.8,0.0,2.0,0.0,71.8
ORD005477,2025-11-28 21:04:35,ST003,CUST00054,In-store,Card,Completed,18.6,0.0,2.28,0.0,20.88
ORD005478,2025-06-14 11:53:38,ST008,CUST00333,Online,Cash,Completed,10.4,0.0,1.04,3.49,14.93
ORD005479,2025-06-12 02:58:29,ST001,,In-store,Card,Completed,37.65,0.0,4.2,0.0,41.85
ORD005480,2025-12-04 00:19:20,ST006,CUST00185,In-store,Card,Cancelled,19.7,0.24,0.55,0.0,0.0
ORD005481,2025-11-09 23:11:17,ST007,CUST00278,In-store,Card,Completed,15.7,0.0,0.84,0.0,16.54
ORD005482,2025-09-11 02:26:56,ST003,CUST00575,Click & Collect,Card,Completed,13.7,0.0,2.0,0.0,15.7
ORD005483,2025-03-26 01:11:59,ST006,CUST00314,Online,Cash,Completed,34.2,0.0,0.0,3.49,37.69
ORD005484,2025-02-13 19:56:14,ST002,CUST00260,In-store,Cash,Completed,31.55,0.0,1.71,0.0,33.26
ORD005485,2025-04-15 11:20:35,ST006,,Online,Gift Card,Completed,30.1,0.38,1.74,3.49,34.95
ORD005486,2025-11-30 13:06:17,ST007,CUST00540,Online,Cash,Completed,17.65,0.0,2.29,3.49,23.43
ORD005487,2025-08-11 22:58:18,ST005,CUST00613,Online,Mobile Wallet,Completed,53.75,1.68,4.32,0.0,56.39
ORD005488,2025-03-13 11:25:17,ST001,CUST00256,In-store,Card,Completed,16.1,0.0,1.56,0.0,17.66
ORD005489,2025-12-01 07:22:32,ST004,CUST00060,Click & Collect,Mobile Wallet,Completed,11.55,0.12,0.92,0.0,12.35
ORD005490,2025-01-01 05:50:32,ST003,CUST00514,In-store,Card,Completed,20.5,0.0,2.92,0.0,23.42
ORD005491,2025-05-31 23:09:26,ST004,CUST00087,In-store,Card,Completed,24.65,0.0,0.44,0.0,25.09
ORD005492,2025-03-10 04:10:44,ST006,CUST00115,Online,Mobile Wallet,Completed,18.2,0.0,2.6,3.49,24.29
ORD005493,2025-07-05 15:53:32,ST002,,In-store,Cash,Completed,30.95,0.0,0.8,0.0,31.75
ORD005494,2025-02-21 13:48:58,ST004,CUST00257,In-store,Card,Completed,43.3,0.67,4.24,0.0,46.87
ORD005495,2025-06-27 07:47:32,ST005,CUST00578,In-store,Card,Completed,36.8,2.4,0.38,0.0,34.78
ORD005496,2025-10-16 06:18:45,ST003,CUST00193,Online,Cash,Completed,8.0,0.0,0.0,3.49,11.49
ORD005497,2025-08-22 04:12:29,ST008,CUST00649,In-store,Card,Completed,30.05,0.23,3.0,0.0,32.82
ORD005498,2025-05-17 08:07:25,ST006,CUST00348,In-store,Card,Completed,28.65,0.0,0.36,0.0,29.01
ORD005499,2025-12-25 20:00:21,ST003,CUST00735,Click & Collect,Card,Completed,10.7,0.0,0.0,0.0,10.7
ORD005500,2025-04-30 13:52:08,ST007,CUST00473,In-store,Card,Completed,12.35,0.0,1.54,0.0,13.89
ORD005501,2025-04-03 16:00:50,ST004,,Online,Card,Completed,17.8,0.0,1.2,3.49,22.49
ORD005502,2025-10-04 23:16:12,ST002,CUST00647,In-store,Card,Completed,19.5,0.0,1.92,0.0,21.42
ORD005503,2025-03-04 18:34:36,ST002,,In-store,Card,Completed,9.65,0.0,0.34,0.0,9.99
ORD005504,2025-10-06 00:23:29,ST006,CUST00243,In-store,Cash,Completed,17.8,0.0,1.28,0.0,19.08
ORD005505,2025-07-20 02:13:15,ST001,,In-store,Cash,Completed,10.2,0.0,0.52,0.0,10.72
ORD005506,2025-11-20 12:26:19,ST007,CUST00209,Online,Card,Completed,16.75,0.0,1.67,3.49,21.91
ORD005507,2025-07-08 09:27:14,ST002,CUST00726,Online,Card,Completed,21.0,0.72,1.02,3.49,24.79
ORD005508,2025-09-18 18:39:23,ST007,CUST00643,In-store,Card,Completed,19.5,0.0,2.2,0.0,21.7
ORD005509,2025-08-05 09:28:42,ST006,CUST00319,In-store,Card,Completed,33.45,0.0,1.94,0.0,35.39
ORD005510,2025-11-24 14:54:13,ST004,,In-store,Card,Completed,48.75,0.0,5.54,0.0,54.29
ORD005511,2025-07-29 01:17:26,ST004,CUST00276,Online,Card,Completed,10.3,0.0,0.0,3.49,13.79
ORD005512,2025-10-14 11:25:19,ST001,CUST00474,In-store,Cash,Completed,32.6,0.0,1.04,0.0,33.64
ORD005513,2025-10-13 07:28:49,ST003,CUST00617,In-store,Mobile Wallet,Completed,27.7,0.0,3.12,0.0,30.82
ORD005514,2025-02-22 16:27:34,ST006,,In-store,Card,Completed,30.2,0.0,1.28,0.0,31.48
ORD005515,2025-06-08 09:53:21,ST007,CUST00732,Click & Collect,Card,Completed,35.85,0.0,3.38,0.0,39.23
ORD005516,2025-06-01 12:56:41,ST008,CUST00775,In-store,Card,Completed,24.3,0.96,0.0,0.0,23.34
ORD005517,2025-01-19 11:53:31,ST002,CUST00032,In-store,Card,Cancelled,13.6,0.0,1.66,0.0,0.0
ORD005518,2025-10-13 04:50:43,ST007,,Online,Card,Completed,18.5,0.0,1.22,3.49,23.21
ORD005519,2025-06-15 20:53:15,ST002,,In-store,Card,Completed,29.75,0.0,3.86,0.0,33.61
ORD005520,2025-04-23 10:23:19,ST008,CUST00047,In-store,Card,Completed,12.5,0.0,0.6,0.0,13.1
ORD005521,2025-02-21 09:52:18,ST001,CUST00325,Online,Mobile Wallet,Completed,47.1,0.0,1.08,0.0,48.18
ORD005522,2025-05-12 12:27:08,ST001,CUST00363,Online,Card,Completed,26.3,0.0,0.52,3.49,30.31
ORD005523,2025-03-15 09:18:28,ST002,CUST00474,In-store,Cash,Completed,34.9,0.0,5.04,0.0,39.94
ORD005524,2025-01-06 01:18:16,ST005,CUST00387,In-store,Card,Completed,39.8,0.38,7.2,0.0,46.62
ORD005525,2025-12-06 08:41:13,ST004,CUST00238,In-store,Card,Completed,34.5,0.24,2.47,0.0,36.73
ORD005526,2025-08-21 15:02:47,ST007,,In-store,Mobile Wallet,Completed,14.9,0.6,0.34,0.0,14.64
ORD005527,2025-10-21 06:45:34,ST002,CUST00234,In-store,Card,Completed,34.0,0.0,0.0,0.0,34.0
ORD005528,2025-11-20 02:11:40,ST003,CUST00545,In-store,Card,Completed,16.6,0.0,2.52,0.0,19.12
ORD005529,2025-04-01 02:56:57,ST001,CUST00419,Online,Cash,Completed,20.0,0.0,0.36,3.49,23.85
ORD005530,2025-03-30 23:40:53,ST003,CUST00460,Online,Mobile Wallet,Completed,11.1,0.0,0.84,3.49,15.43
ORD005531,2025-02-17 18:38:59,ST007,CUST00691,In-store,Mobile Wallet,Completed,30.85,1.5,1.04,0.0,30.39
ORD005532,2025-01-30 11:19:20,ST004,CUST00294,In-store,Card,Completed,12.6,0.0,0.7,0.0,13.3
ORD005533,2025-02-22 16:10:56,ST006,CUST00677,Click & Collect,Card,Completed,17.45,0.43,0.37,0.0,17.39
ORD005534,2025-07-06 00:34:34,ST008,CUST00264,In-store,Gift Card,Completed,22.1,0.0,3.18,0.0,25.28
ORD005535,2025-09-02 02:27:35,ST006,CUST00364,In-store,Card,Completed,14.5,0.9,1.8,0.0,15.4
ORD005536,2025-01-18 11:45:00,ST001,,In-store,Card,Completed,23.6,0.2,2.4,0.0,25.8
ORD005537,2025-05-29 14:54:45,ST003,CUST00078,In-store,Card,Completed,9.9,0.0,1.14,0.0,11.04
ORD005538,2025-06-14 04:12:16,ST003,CUST00751,Click & Collect,Card,Completed,3.5,0.0,0.0,0.0,3.5
ORD005539,2025-03-02 11:45:23,ST003,CUST00504,Click & Collect,Card,Completed,18.4,0.0,0.0,0.0,18.4
ORD005540,2025-06-08 21:04:35,ST005,,In-store,Card,Completed,2.0,0.0,0.0,0.0,2.0
ORD005541,2025-09-16 00:34:31,ST001,CUST00705,In-store,Card,Completed,9.0,0.0,0.52,0.0,9.52
ORD005542,2025-11-07 00:04:29,ST004,CUST00475,Online,Card,Completed,7.2,0.0,0.0,3.49,10.69
ORD005543,2025-09-26 05:06:22,ST008,CUST00383,In-store,Card,Completed,47.55,0.3,0.73,0.0,47.98
ORD005544,2025-02-13 15:53:10,ST002,CUST00771,Click & Collect,Card,Completed,33.3,0.32,3.96,0.0,36.95
ORD005545,2025-04-21 03:49:17,ST005,CUST00360,In-store,Cash,Completed,33.0,0.0,0.0,0.0,33.0
ORD005546,2025-03-29 21:52:30,ST002,CUST00067,Online,Card,Completed,36.05,0.0,4.52,3.49,44.06
ORD005547,2025-11-22 01:45:19,ST002,CUST00792,In-store,Card,Completed,58.5,0.0,0.64,0.0,59.14
ORD005548,2025-12-16 20:28:21,ST003,CUST00586,In-store,Card,Completed,41.35,0.0,0.36,0.0,41.71
ORD005549,2025-08-21 07:45:11,ST001,CUST00394,In-store,Card,Completed,70.6,2.4,0.64,0.0,68.84
ORD005550,2025-10-06 06:40:51,ST005,CUST00093,In-store,Cash,Completed,17.0,0.0,0.8,0.0,17.8
ORD005551,2025-12-28 18:14:15,ST007,CUST00679,In-store,Gift Card,Completed,5.25,0.0,0.0,0.0,5.25
ORD005552,2025-05-27 10:10:10,ST003,CUST00423,Online,Card,Completed,31.45,0.0,1.92,3.49,36.86
ORD005553,2025-06-10 14:03:37,ST005,CUST00027,In-store,Card,Completed,12.6,0.0,0.0,0.0,12.6
ORD005554,2025-09-07 10:22:30,ST004,CUST00324,In-store,Card,Completed,14.35,0.0,0.64,0.0,14.99
ORD005555,2025-01-22 22:31:53,ST003,CUST00332,Click & Collect,Card,Completed,9.0,0.0,0.6,0.0,9.6
ORD005556,2025-12-20 16:41:05,ST004,CUST00749,In-store,Card,Completed,52.25,0.44,5.98,0.0,57.79
ORD005557,2025-10-09 14:35:43,ST006,CUST00193,In-store,Card,Completed,32.45,0.0,0.92,0.0,33.37
ORD005558,2025-03-31 13:59:27,ST004,,In-store,Mobile Wallet,Cancelled,19.1,0.0,0.94,0.0,0.0
ORD005559,2025-12-16 03:48:38,ST007,CUST00438,In-store,Mobile Wallet,Completed,5.2,0.0,1.04,0.0,6.24
ORD005560,2025-06-29 03:48:57,ST005,CUST00384,In-store,Card,Completed,15.95,0.0,0.0,0.0,15.95
ORD005561,2025-10-24 15:52:02,ST002,,In-store,Mobile Wallet,Completed,20.5,0.0,0.37,0.0,20.87
ORD005562,2025-06-12 22:20:43,ST006,CUST00794,Online,Mobile Wallet,Completed,8.1,0.0,0.0,3.49,11.59
ORD005563,2025-12-12 11:27:47,ST006,CUST00098,In-store,Card,Completed,37.2,0.0,7.44,0.0,44.64
ORD005564,2025-06-15 22:38:15,ST007,,In-store,Card,Completed,16.6,0.0,0.0,0.0,16.6
ORD005565,2025-08-25 23:49:39,ST003,CUST00325,Online,Card,Completed,16.9,0.0,0.0,3.49,20.39
ORD005566,2025-10-05 00:06:43,ST008,CUST00469,In-store,Mobile Wallet,Completed,9.1,0.0,1.82,0.0,10.92
ORD005567,2025-03-04 01:57:13,ST002,CUST00560,In-store,Gift Card,Completed,24.0,0.0,2.96,0.0,26.96
ORD005568,2025-03-27 03:39:01,ST007,CUST00766,In-store,Card,Completed,17.2,0.0,0.73,0.0,17.93
ORD005569,2025-07-19 18:05:43,ST004,,In-store,Card,Completed,22.5,0.0,3.9,0.0,26.4
ORD005570,2025-07-23 18:43:26,ST002,,Click & Collect,Mobile Wallet,Completed,18.9,0.0,0.37,0.0,19.27
ORD005571,2025-12-25 20:17:02,ST005,,In-store,Mobile Wallet,Completed,32.5,0.0,0.52,0.0,33.02
ORD005572,2025-04-04 13:01:25,ST007,,Click & Collect,Card,Cancelled,12.4,0.0,0.6,0.0,0.0
ORD005573,2025-01-06 18:52:41,ST006,CUST00751,In-store,Card,Completed,60.9,0.0,3.74,0.0,64.64
ORD005574,2025-02-03 15:56:09,ST008,,Online,Card,Completed,8.8,0.0,0.88,3.49,13.17
ORD005575,2025-10-23 10:31:29,ST007,CUST00153,Online,Card,Completed,11.6,0.0,0.0,3.49,15.09
ORD005576,2025-08-26 14:18:53,ST003,CUST00228,In-store,Card,Completed,27.2,0.0,4.12,0.0,31.32
ORD005577,2025-02-24 20:39:22,ST003,CUST00411,In-store,Card,Completed,37.15,0.85,1.2,0.0,37.5
ORD005578,2025-07-23 13:02:36,ST007,CUST00700,In-store,Card,Completed,15.35,0.0,1.38,0.0,16.73
ORD005579,2025-07-28 19:41:52,ST007,CUST00241,In-store,Card,Completed,18.1,0.0,1.56,0.0,19.66
ORD005580,2025-09-16 00:06:23,ST004,CUST00362,In-store,Card,Completed,3.2,0.3,0.58,0.0,3.48
ORD005581,2025-12-20 12:17:06,ST001,CUST00244,In-store,Card,Completed,19.4,0.0,2.22,0.0,21.62
ORD005582,2025-11-18 19:08:00,ST007,CUST00172,Online,Card,Completed,43.45,0.0,2.86,0.0,46.31
ORD005583,2025-06-08 20:42:51,ST001,CUST00066,In-store,Mobile Wallet,Completed,25.15,0.0,0.44,0.0,25.59
ORD005584,2025-09-17 08:29:12,ST003,CUST00757,In-store,Card,Completed,31.3,0.6,2.52,0.0,33.22
ORD005585,2025-05-15 23:36:13,ST007,CUST00205,Online,Cash,Completed,9.6,0.0,0.0,3.49,13.09
ORD005586,2025-10-21 00:24:39,ST001,CUST00580,In-store,Card,Completed,57.4,0.0,0.72,0.0,58.12
ORD005587,2025-10-31 11:21:51,ST005,,Click & Collect,Card,Completed,7.5,0.0,0.24,0.0,7.74
ORD005588,2025-08-26 15:01:43,ST003,,Online,Card,Completed,1.1,0.0,0.0,3.49,4.59
ORD005589,2025-10-01 19:07:56,ST003,CUST00375,In-store,Cash,Completed,4.8,0.0,0.3,0.0,5.1
ORD005590,2025-02-04 16:50:31,ST005,CUST00713,In-store,Card,Completed,19.6,0.0,2.52,0.0,22.12
ORD005591,2025-05-30 18:54:19,ST003,CUST00414,In-store,Mobile Wallet,Completed,20.6,0.0,1.5,0.0,22.1
ORD005592,2025-10-11 22:48:08,ST006,,Click & Collect,Card,Completed,27.7,0.0,3.32,0.0,31.02
ORD005593,2025-10-07 06:58:14,ST001,CUST00041,In-store,Card,Completed,31.0,0.0,0.72,0.0,31.72
ORD005594,2025-06-11 11:19:23,ST006,,In-store,Card,Completed,31.3,1.44,1.4,0.0,31.26
ORD005595,2025-10-17 05:58:52,ST007,CUST00582,Online,Card,Completed,12.2,0.0,0.0,3.49,15.69
ORD005596,2025-01-21 18:37:20,ST004,CUST00622,In-store,Cash,Completed,35.2,0.55,4.9,0.0,39.55
ORD005597,2025-06-09 12:37:50,ST006,CUST00612,Online,Mobile Wallet,Completed,22.0,0.96,0.0,3.49,24.53
ORD005598,2025-05-13 16:37:45,ST006,CUST00629,In-store,Card,Completed,72.5,0.0,8.2,0.0,80.7
ORD005599,2025-08-23 23:14:25,ST006,,In-store,Card,Completed,41.95,0.23,3.08,0.0,44.8
ORD005600,2025-05-27 16:46:48,ST002,CUST00369,Click & Collect,Cash,Completed,32.9,0.0,1.8,0.0,34.7
ORD005601,2025-12-03 03:03:51,ST004,CUST00402,In-store,Card,Completed,16.6,0.0,0.0,0.0,16.6
ORD005602,2025-01-21 23:50:24,ST004,CUST00175,In-store,Card,Completed,20.0,0.0,0.0,0.0,20.0
ORD005603,2025-05-18 08:39:56,ST007,CUST00537,In-store,Card,Completed,22.1,0.0,3.64,0.0,25.74
ORD005604,2025-03-21 23:34:36,ST007,CUST00512,In-store,Card,Completed,35.7,0.0,1.82,0.0,37.52
ORD005605,2025-07-23 14:15:13,ST007,,Click & Collect,Cash,Completed,15.6,0.0,1.92,0.0,17.52
ORD005606,2025-07-10 04:17:53,ST004,CUST00516,In-store,Card,Completed,37.8,1.44,3.33,0.0,39.69
ORD005607,2025-05-22 08:46:41,ST007,CUST00343,In-store,Card,Completed,37.0,0.0,4.3,0.0,41.3
ORD005608,2025-12-17 20:27:54,ST004,CUST00168,Online,Cash,Completed,21.8,0.0,0.94,3.49,26.23
ORD005609,2025-03-18 08:12:32,ST007,,In-store,Card,Completed,23.4,0.0,2.08,0.0,25.48
ORD005610,2025-03-08 12:11:50,ST008,CUST00737,In-store,Card,Completed,45.9,0.0,2.4,0.0,48.3
ORD005611,2025-02-25 02:45:41,ST001,CUST00051,Online,Card,Completed,37.0,0.0,2.0,3.49,42.49
ORD005612,2025-02-05 14:16:19,ST001,,In-store,Cash,Completed,28.95,0.0,2.06,0.0,31.01
ORD005613,2025-01-11 23:37:24,ST003,CUST00649,Online,Card,Completed,12.0,0.0,0.96,3.49,16.45
ORD005614,2025-12-04 23:49:23,ST003,CUST00600,Online,Mobile Wallet,Completed,34.7,0.0,0.42,3.49,38.61
ORD005615,2025-07-22 11:22:47,ST004,CUST00399,Click & Collect,Card,Completed,10.1,0.0,0.78,0.0,10.88
ORD005616,2025-12-13 04:03:53,ST004,CUST00595,In-store,Card,Completed,21.9,0.15,1.99,0.0,23.74
ORD005617,2025-06-16 11:33:29,ST006,CUST00392,In-store,Mobile Wallet,Completed,14.8,0.0,0.9,0.0,15.7
ORD005618,2025-11-08 21:23:15,ST005,CUST00148,In-store,Card,Completed,4.45,0.0,0.72,0.0,5.17
ORD005619,2025-04-02 19:55:58,ST005,CUST00621,Online,Card,Completed,32.5,0.38,1.3,3.49,36.91
ORD005620,2025-08-08 13:22:16,ST005,CUST00203,In-store,Card,Completed,21.0,0.0,1.56,0.0,22.56
ORD005621,2025-12-31 21:11:39,ST003,CUST00270,In-store,Card,Completed,2.6,0.0,0.52,0.0,3.12
ORD005622,2025-12-30 12:00:50,ST006,CUST00774,In-store,Card,Completed,16.0,0.0,1.12,0.0,17.12
ORD005623,2025-03-09 16:16:06,ST005,CUST00078,In-store,Card,Completed,6.65,0.0,0.37,0.0,7.02
ORD005624,2025-07-09 07:48:01,ST006,CUST00674,Online,Mobile Wallet,Completed,11.85,0.0,0.0,3.49,15.34
ORD005625,2025-06-04 16:01:35,ST002,CUST00627,In-store,Mobile Wallet,Completed,42.5,0.23,1.3,0.0,43.57
ORD005626,2025-09-06 11:14:10,ST003,CUST00763,In-store,Card,Completed,42.55,0.0,3.12,0.0,45.67
ORD005627,2025-04-29 08:41:32,ST004,,In-store,Cash,Completed,24.5,0.0,4.66,0.0,29.16
ORD005628,2025-08-15 01:25:21,ST007,CUST00405,In-store,Gift Card,Completed,47.05,0.0,8.35,0.0,55.4
ORD005629,2025-07-04 15:47:34,ST006,,In-store,Card,Completed,26.4,0.0,3.15,0.0,29.55
ORD005630,2025-09-01 01:29:05,ST006,,In-store,Card,Completed,29.8,0.0,5.2,0.0,35.0
ORD005631,2025-10-10 00:03:34,ST007,,In-store,Mobile Wallet,Completed,41.6,0.0,0.55,0.0,42.15
ORD005632,2025-04-20 12:33:26,ST001,CUST00291,In-store,Mobile Wallet,Completed,3.6,0.0,0.72,0.0,4.32
ORD005633,2025-07-24 21:23:21,ST007,CUST00157,In-store,Card,Completed,4.0,0.0,0.8,0.0,4.8
ORD005634,2025-09-28 15:56:09,ST001,CUST00010,In-store,Cash,Completed,35.5,0.0,1.14,0.0,36.64
ORD005635,2025-05-20 00:09:32,ST007,,In-store,Gift Card,Refunded,24.3,0.0,0.0,0.0,24.3
ORD005636,2025-09-28 07:22:14,ST007,CUST00678,In-store,Card,Completed,20.2,0.0,1.04,0.0,21.24
ORD005637,2025-10-10 18:20:01,ST001,CUST00603,Online,Card,Completed,21.1,0.0,0.0,3.49,24.59
ORD005638,2025-03-09 07:50:22,ST008,CUST00389,In-store,Cash,Completed,19.0,0.0,0.3,0.0,19.3
ORD005639,2025-11-29 15:59:45,ST008,CUST00499,Click & Collect,Cash,Completed,50.9,0.0,3.62,0.0,54.52
ORD005640,2025-05-23 11:27:05,ST007,CUST00429,In-store,Card,Completed,21.1,0.0,0.3,0.0,21.4
ORD005641,2025-12-26 00:33:16,ST005,CUST00767,In-store,Mobile Wallet,Completed,44.7,0.0,0.34,0.0,45.04
ORD005642,2025-07-09 02:17:06,ST001,CUST00435,Online,Card,Completed,40.5,0.0,1.92,0.0,42.42
ORD005643,2025-12-21 20:46:57,ST001,CUST00594,Click & Collect,Card,Completed,30.2,0.0,2.1,0.0,32.3
ORD005644,2025-09-11 00:38:59,ST002,CUST00288,In-store,Card,Completed,18.6,0.0,0.0,0.0,18.6
ORD005645,2025-10-30 15:03:10,ST004,CUST00400,In-store,Mobile Wallet,Cancelled,37.65,0.0,2.61,0.0,0.0
ORD005646,2025-01-31 15:01:27,ST002,CUST00533,In-store,Card,Completed,38.75,0.28,4.3,0.0,42.77
ORD005647,2025-05-01 21:30:27,ST008,,Online,Card,Completed,9.9,0.0,1.98,3.49,15.37
ORD005648,2025-07-15 13:22:26,ST004,,In-store,Card,Completed,32.25,0.0,0.0,0.0,32.25
ORD005649,2025-01-13 16:48:51,ST001,CUST00107,Click & Collect,Card,Completed,71.65,0.24,3.9,0.0,75.31
ORD005650,2025-04-10 18:44:35,ST003,CUST00373,Online,Card,Completed,14.25,0.0,1.2,3.49,18.94
ORD005651,2025-06-19 04:33:44,ST004,,Online,Cash,Completed,11.95,0.0,0.0,3.49,15.44
ORD005652,2025-03-24 17:46:48,ST004,CUST00333,In-store,Card,Completed,7.9,0.0,0.0,0.0,7.9
ORD005653,2025-05-23 09:07:45,ST007,,Online,Cash,Completed,22.15,0.0,2.32,3.49,27.96
ORD005654,2025-11-18 19:00:31,ST007,CUST00002,Online,Card,Completed,2.1,0.0,0.0,3.49,5.59
ORD005655,2025-09-16 18:51:34,ST006,CUST00744,In-store,Cash,Cancelled,4.4,0.0,0.0,0.0,0.0
ORD005656,2025-09-13 04:02:44,ST002,CUST00607,Online,Card,Completed,27.2,0.0,1.48,3.49,32.17
ORD005657,2025-04-26 07:38:19,ST004,CUST00239,In-store,Card,Completed,40.6,0.0,2.36,0.0,42.96
ORD005658,2025-08-18 09:56:27,ST008,CUST00171,In-store,Mobile Wallet,Completed,22.25,0.0,2.08,0.0,24.33
ORD005659,2025-02-03 15:26:32,ST008,,In-store,Card,Completed,9.95,0.47,0.0,0.0,9.48
ORD005660,2025-07-02 01:40:43,ST008,CUST00066,In-store,Card,Completed,32.9,0.0,1.3,0.0,34.2
ORD005661,2025-03-31 22:38:16,ST007,CUST00629,In-store,Cash,Completed,13.7,0.0,0.0,0.0,13.7
ORD005662,2025-02-12 12:07:03,ST005,CUST00681,In-store,Mobile Wallet,Completed,19.9,0.45,0.0,0.0,19.45
ORD005663,2025-05-31 23:32:25,ST003,CUST00555,In-store,Card,Completed,26.5,0.0,2.6,0.0,29.1
ORD005664,2025-08-04 10:52:05,ST002,CUST00006,In-store,Card,Completed,1.7,0.0,0.0,0.0,1.7
ORD005665,2025-05-02 04:26:54,ST002,CUST00032,Online,Cash,Completed,10.3,0.0,0.0,3.49,13.79
ORD005666,2025-10-09 12:03:12,ST006,CUST00055,In-store,Card,Completed,9.5,0.0,0.0,0.0,9.5
ORD005667,2025-09-07 08:41:24,ST007,CUST00419,In-store,Mobile Wallet,Completed,41.3,0.0,1.02,0.0,42.32
ORD005668,2025-03-25 12:55:55,ST006,,Online,Cash,Completed,56.9,0.0,2.52,0.0,59.42
ORD005669,2025-05-24 20:26:37,ST002,CUST00602,Online,Card,Completed,9.95,0.0,0.34,3.49,13.78
ORD005670,2025-02-15 10:43:23,ST005,CUST00547,In-store,Card,Completed,40.3,0.0,1.92,0.0,42.22
ORD005671,2025-05-20 13:03:18,ST006,CUST00547,In-store,Cash,Completed,3.2,0.0,0.0,0.0,3.2
ORD005672,2025-11-17 20:11:20,ST005,,Online,Card,Completed,37.25,0.0,2.62,3.49,43.36
ORD005673,2025-04-09 19:05:26,ST003,,In-store,Card,Completed,49.5,0.23,0.64,0.0,49.91
ORD005674,2025-04-03 09:14:34,ST005,,Click & Collect,Cash,Completed,11.05,0.0,0.42,0.0,11.47
ORD005675,2025-07-05 12:55:47,ST002,CUST00069,Online,Card,Completed,14.0,0.0,0.0,3.49,17.49
ORD005676,2025-01-31 04:51:23,ST006,,In-store,Cash,Cancelled,3.35,0.24,0.0,0.0,0.0
ORD005677,2025-06-05 08:48:32,ST007,CUST00092,Online,Card,Completed,45.05,0.0,7.48,0.0,52.53
ORD005678,2025-11-08 08:32:42,ST005,CUST00121,In-store,Card,Completed,39.25,0.0,1.92,0.0,41.17
ORD005679,2025-05-24 00:49:29,ST003,CUST00600,In-store,Card,Completed,12.3,0.0,1.86,0.0,14.16
ORD005680,2025-08-29 15:55:25,ST001,CUST00445,In-store,Card,Completed,44.25,0.0,7.18,0.0,51.43
ORD005681,2025-02-23 20:47:17,ST007,CUST00567,In-store,Card,Completed,25.1,0.17,0.0,0.0,24.94
ORD005682,2025-07-05 14:06:31,ST004,CUST00737,Online,Card,Completed,17.0,0.72,1.36,3.49,21.13
ORD005683,2025-01-19 20:47:51,ST006,CUST00426,Online,Card,Completed,12.8,0.0,0.0,3.49,16.29
ORD005684,2025-05-23 03:35:13,ST007,,Online,Cash,Completed,35.6,0.0,2.76,3.49,41.85
ORD005685,2025-04-02 17:58:21,ST004,CUST00618,Click & Collect,Card,Completed,46.9,0.0,0.18,0.0,47.08
ORD005686,2025-01-17 15:39:31,ST008,,In-store,Cash,Completed,12.45,0.12,0.0,0.0,12.33
ORD005687,2025-09-20 23:54:56,ST005,CUST00299,In-store,Card,Completed,30.6,0.0,5.2,0.0,35.8
ORD005688,2025-09-17 17:23:57,ST001,CUST00693,In-store,Card,Completed,6.5,0.0,1.3,0.0,7.8
ORD005689,2025-07-20 05:18:16,ST004,CUST00783,Online,Mobile Wallet,Completed,40.4,0.62,3.24,0.0,43.02
ORD005690,2025-12-08 00:55:57,ST008,CUST00058,In-store,Card,Completed,28.1,0.0,2.56,0.0,30.66
ORD005691,2025-11-08 18:44:03,ST006,CUST00100,In-store,Card,Completed,27.4,0.0,2.33,0.0,29.73
ORD005692,2025-05-01 02:54:35,ST008,,Online,Cash,Completed,35.3,0.0,3.47,3.49,42.26
ORD005693,2025-06-26 00:53:38,ST001,CUST00146,In-store,Card,Completed,25.65,0.0,1.93,0.0,27.58
ORD005694,2025-04-02 02:51:53,ST004,CUST00450,Click & Collect,Card,Completed,15.35,0.0,1.84,0.0,17.19
ORD005695,2025-03-01 06:51:09,ST001,CUST00456,In-store,Card,Completed,20.0,0.0,0.76,0.0,20.76
ORD005696,2025-01-09 09:03:28,ST004,,Click & Collect,Card,Completed,33.2,0.8,0.36,0.0,32.76
ORD005697,2025-08-16 14:39:44,ST007,CUST00053,Click & Collect,Card,Completed,72.5,3.0,8.5,0.0,78.0
ORD005698,2025-12-21 05:07:03,ST003,CUST00768,In-store,Cash,Completed,27.6,0.0,3.92,0.0,31.52
ORD005699,2025-01-31 00:12:24,ST008,CUST00335,In-store,Card,Completed,25.2,0.0,0.0,0.0,25.2
ORD005700,2025-07-22 17:23:43,ST005,,In-store,Card,Completed,21.25,0.0,3.14,0.0,24.39
ORD005701,2025-09-04 18:25:45,ST006,CUST00014,In-store,Cash,Completed,20.55,0.0,0.37,0.0,20.92
ORD005702,2025-01-21 12:00:49,ST003,CUST00355,In-store,Card,Completed,8.6,0.0,0.52,0.0,9.12
ORD005703,2025-08-24 05:47:41,ST001,CUST00651,In-store,Cash,Completed,36.15,0.0,3.34,0.0,39.49
ORD005704,2025-12-01 15:59:50,ST008,CUST00442,In-store,Card,Completed,34.85,0.0,0.0,0.0,34.85
ORD005705,2025-12-27 03:29:35,ST002,CUST00053,In-store,Card,Completed,47.95,0.0,2.56,0.0,50.51
ORD005706,2025-02-01 20:42:24,ST004,,Click & Collect,Card,Completed,35.3,0.0,6.24,0.0,41.54
ORD005707,2025-08-01 08:35:49,ST007,,Online,Cash,Completed,3.3,0.0,0.0,3.49,6.79
ORD005708,2025-04-12 05:23:11,ST007,,Click & Collect,Cash,Completed,27.3,0.0,4.0,0.0,31.3
ORD005709,2025-12-29 20:28:08,ST004,CUST00758,In-store,Card,Completed,13.4,0.0,0.0,0.0,13.4
ORD005710,2025-02-11 01:20:19,ST004,CUST00601,In-store,Card,Completed,52.4,0.49,6.4,0.0,58.3
ORD005711,2025-04-04 20:13:57,ST008,CUST00742,Online,Card,Completed,3.8,0.0,0.0,3.49,7.29
ORD005712,2025-06-07 19:25:32,ST005,CUST00648,In-store,Cash,Completed,7.4,0.0,0.6,0.0,8.0
ORD005713,2025-04-15 18:13:16,ST002,CUST00634,In-store,Cash,Completed,30.25,0.0,4.54,0.0,34.79
ORD005714,2025-04-08 20:14:02,ST003,CUST00073,In-store,Cash,Completed,20.0,0.94,2.44,0.0,21.5
ORD005715,2025-11-14 00:24:18,ST003,CUST00055,In-store,Card,Completed,40.75,0.0,2.46,0.0,43.21
ORD005716,2025-07-25 21:38:32,ST001,CUST00650,In-store,Cash,Completed,33.15,0.0,2.61,0.0,35.76
ORD005717,2025-09-10 07:32:27,ST001,,In-store,Card,Completed,18.65,0.9,1.08,0.0,18.83
ORD005718,2025-07-08 05:34:05,ST006,CUST00090,In-store,Card,Completed,17.25,0.0,1.38,0.0,18.63
ORD005719,2025-01-31 08:01:32,ST001,,In-store,Card,Completed,3.2,0.0,0.0,0.0,3.2
ORD005720,2025-01-15 15:52:24,ST008,CUST00037,In-store,Card,Completed,3.5,0.0,0.3,0.0,3.8
ORD005721,2025-12-04 21:22:28,ST002,CUST00139,Click & Collect,Cash,Completed,15.25,0.15,1.22,0.0,16.32
ORD005722,2025-10-13 05:58:45,ST007,,In-store,Mobile Wallet,Completed,36.55,0.0,3.64,0.0,40.19
ORD005723,2025-07-01 23:07:49,ST002,CUST00050,Online,Card,Completed,18.3,0.0,0.52,3.49,22.31
ORD005724,2025-04-12 09:56:10,ST001,,In-store,Cash,Completed,3.6,0.0,0.0,0.0,3.6
ORD005725,2025-09-19 13:11:53,ST001,CUST00162,In-store,Cash,Completed,4.6,0.0,0.0,0.0,4.6
ORD005726,2025-08-24 03:24:11,ST006,CUST00225,In-store,Card,Completed,7.5,0.0,1.16,0.0,8.66
ORD005727,2025-08-28 23:54:30,ST001,CUST00606,In-store,Card,Completed,25.1,0.0,1.48,0.0,26.58
ORD005728,2025-06-27 21:44:10,ST007,,In-store,Card,Completed,8.85,0.0,0.75,0.0,9.6
ORD005729,2025-12-23 04:18:57,ST006,CUST00795,In-store,Cash,Completed,30.7,0.0,2.08,0.0,32.78
ORD005730,2025-07-26 13:28:13,ST006,CUST00263,In-store,Card,Completed,29.1,0.0,3.02,0.0,32.12
ORD005731,2025-01-16 22:23:53,ST005,CUST00292,In-store,Card,Completed,33.55,0.24,3.32,0.0,36.63
ORD005732,2025-02-22 06:09:37,ST006,,In-store,Card,Completed,38.5,0.0,5.04,0.0,43.54
ORD005733,2025-11-16 06:45:49,ST007,CUST00791,In-store,Card,Completed,30.2,0.0,1.42,0.0,31.62
ORD005734,2025-08-30 03:53:31,ST006,CUST00652,Online,Card,Completed,72.0,0.0,0.36,0.0,72.36
ORD005735,2025-01-21 12:18:41,ST008,,In-store,Card,Completed,26.7,0.0,2.62,0.0,29.32
ORD005736,2025-05-16 17:37:20,ST001,CUST00267,In-store,Cash,Completed,36.45,0.0,4.55,0.0,41.0
ORD005737,2025-11-22 15:37:55,ST006,,In-store,Cash,Completed,1.9,0.0,0.0,0.0,1.9
ORD005738,2025-04-27 15:13:25,ST002,CUST00781,Online,Cash,Completed,44.0,0.0,6.02,0.0,50.02
ORD005739,2025-01-31 12:53:15,ST003,CUST00028,Click & Collect,Card,Completed,51.1,0.0,5.28,0.0,56.38
ORD005740,2025-06-13 13:32:14,ST003,,In-store,Card,Completed,13.0,0.0,1.65,0.0,14.65
ORD005741,2025-06-23 08:57:55,ST001,CUST00109,In-store,Card,Completed,34.1,0.46,3.1,0.0,36.74
ORD005742,2025-06-09 21:42:15,ST008,CUST00562,Online,Cash,Completed,19.7,0.0,3.94,3.49,27.13
ORD005743,2025-03-09 02:30:53,ST006,CUST00724,In-store,Card,Completed,37.5,0.0,0.0,0.0,37.5
ORD005744,2025-08-14 19:48:13,ST003,CUST00520,In-store,Card,Completed,14.55,0.0,2.08,0.0,16.63
ORD005745,2025-10-08 17:29:17,ST002,CUST00287,Online,Mobile Wallet,Completed,26.8,0.0,1.42,3.49,31.71
ORD005746,2025-09-10 01:51:35,ST001,,Online,Card,Completed,17.3,0.3,3.4,3.49,23.89
ORD005747,2025-04-21 14:35:44,ST001,,In-store,Card,Completed,6.4,0.0,0.0,0.0,6.4
ORD005748,2025-11-10 22:13:36,ST004,CUST00674,In-store,Card,Completed,0.9,0.0,0.18,0.0,1.08
ORD005749,2025-08-18 16:36:27,ST002,CUST00637,In-store,Card,Completed,32.6,1.44,0.0,0.0,31.16
ORD005750,2025-02-14 05:28:52,ST008,CUST00308,In-store,Card,Completed,51.4,0.0,3.1,0.0,54.5
ORD005751,2025-12-30 05:10:53,ST007,,In-store,Card,Completed,32.6,0.0,1.0,0.0,33.6
ORD005752,2025-11-04 16:26:33,ST003,,In-store,Card,Completed,21.85,0.0,2.54,0.0,24.39
ORD005753,2025-06-03 23:28:45,ST006,CUST00331,In-store,Card,Completed,8.35,0.0,0.0,0.0,8.35
ORD005754,2025-05-10 04:48:04,ST002,,In-store,Card,Completed,16.2,0.0,0.6,0.0,16.8
ORD005755,2025-04-17 23:12:46,ST003,CUST00325,In-store,Card,Completed,2.2,0.0,0.44,0.0,2.64
ORD005756,2025-07-02 15:10:28,ST003,CUST00348,In-store,Card,Completed,12.05,0.0,0.4,0.0,12.45
ORD005757,2025-09-17 08:45:48,ST006,CUST00550,In-store,Card,Completed,32.2,0.0,5.2,0.0,37.4
ORD005758,2025-08-14 21:14:33,ST003,CUST00252,Online,Card,Completed,18.95,0.0,0.74,3.49,23.18
ORD005759,2025-03-18 00:50:36,ST008,,In-store,Card,Completed,22.6,0.0,3.36,0.0,25.96
ORD005760,2025-01-18 00:35:40,ST001,,Click & Collect,Card,Completed,1.1,0.0,0.0,0.0,1.1
ORD005761,2025-07-28 00:09:30,ST007,CUST00566,Online,Card,Completed,17.4,0.0,1.08,3.49,21.97
ORD005762,2025-10-19 11:34:31,ST004,CUST00700,Online,Card,Completed,28.75,0.0,1.92,3.49,34.16
ORD005763,2025-03-12 15:30:53,ST002,CUST00216,Online,Mobile Wallet,Completed,34.1,0.0,0.0,3.49,37.59
ORD005764,2025-07-17 03:20:53,ST002,CUST00047,In-store,Cash,Completed,1.1,0.0,0.0,0.0,1.1
ORD005765,2025-06-26 13:05:01,ST004,,In-store,Card,Completed,56.1,0.0,5.98,0.0,62.08
ORD005766,2025-11-15 22:58:14,ST006,,Online,Gift Card,Completed,33.55,0.0,4.94,3.49,41.98
ORD005767,2025-07-20 09:42:50,ST007,CUST00725,Online,Card,Completed,16.7,0.0,1.46,3.49,21.65
ORD005768,2025-10-12 05:18:31,ST005,CUST00152,In-store,Card,Completed,30.7,0.0,2.4,0.0,33.1
ORD005769,2025-08-17 21:41:03,ST004,,In-store,Card,Completed,21.15,0.0,0.9,0.0,22.05
ORD005770,2025-12-14 01:16:35,ST002,CUST00602,In-store,Card,Completed,42.0,0.0,4.58,0.0,46.58
ORD005771,2025-09-05 01:23:10,ST005,CUST00410,In-store,Card,Completed,7.2,0.0,0.3,0.0,7.5
ORD005772,2025-07-08 22:37:36,ST001,CUST00420,In-store,Card,Completed,30.1,0.0,1.44,0.0,31.54
ORD005773,2025-07-11 08:37:57,ST004,,In-store,Card,Completed,18.05,0.46,2.52,0.0,20.11
ORD005774,2025-12-07 17:59:07,ST007,CUST00784,Click & Collect,Card,Completed,5.7,0.46,1.05,0.0,6.29
ORD005775,2025-04-11 01:30:54,ST006,CUST00265,In-store,Card,Completed,28.55,0.0,3.1,0.0,31.65
ORD005776,2025-05-07 00:38:48,ST002,,In-store,Card,Completed,9.8,0.0,1.5,0.0,11.3
ORD005777,2025-02-18 01:13:54,ST001,CUST00181,In-store,Card,Completed,25.2,0.61,0.9,0.0,25.48
ORD005778,2025-02-07 22:02:35,ST005,CUST00779,Online,Card,Completed,6.4,0.0,1.28,3.49,11.17
ORD005779,2025-08-05 18:55:29,ST006,,In-store,Cash,Completed,6.7,0.0,0.0,0.0,6.7
ORD005780,2025-11-08 11:02:39,ST006,CUST00476,In-store,Card,Completed,21.85,0.0,0.0,0.0,21.85
ORD005781,2025-06-25 19:04:49,ST007,CUST00115,Online,Card,Completed,1.2,0.0,0.24,3.49,4.93
ORD005782,2025-12-08 01:40:20,ST004,CUST00344,In-store,Card,Completed,32.2,0.0,0.0,0.0,32.2
ORD005783,2025-10-20 17:42:37,ST002,CUST00660,In-store,Card,Completed,17.85,0.0,1.76,0.0,19.61
ORD005784,2025-05-09 06:36:21,ST008,CUST00434,Click & Collect,Card,Completed,22.0,0.0,1.3,0.0,23.3
ORD005785,2025-08-06 13:25:48,ST001,CUST00376,In-store,Mobile Wallet,Completed,32.1,0.0,4.18,0.0,36.28
ORD005786,2025-08-04 02:43:19,ST006,,Online,Mobile Wallet,Completed,15.1,0.0,1.42,3.49,20.01
ORD005787,2025-06-04 23:52:53,ST007,,In-store,Card,Completed,45.7,0.0,4.88,0.0,50.58
ORD005788,2025-08-29 07:39:54,ST006,CUST00550,In-store,Card,Completed,3.7,0.0,0.74,0.0,4.44
ORD005789,2025-01-05 04:22:23,ST006,CUST00204,In-store,Card,Completed,26.0,0.63,2.04,0.0,27.41
ORD005790,2025-11-02 14:25:06,ST001,CUST00194,In-store,Card,Completed,27.0,0.0,0.64,0.0,27.64
ORD005791,2025-10-28 04:40:33,ST005,,In-store,Card,Completed,42.0,0.0,0.66,0.0,42.66
ORD005792,2025-04-17 21:38:27,ST007,CUST00564,In-store,Card,Completed,3.0,0.0,0.0,0.0,3.0
ORD005793,2025-11-13 22:50:59,ST004,CUST00550,In-store,Card,Completed,47.2,0.0,3.34,0.0,50.54
ORD005794,2025-08-17 09:07:20,ST004,CUST00585,Online,Card,Refunded,26.4,0.0,3.9,3.49,33.79
ORD005795,2025-01-12 17:37:44,ST004,CUST00667,In-store,Cash,Completed,5.25,0.0,0.0,0.0,5.25
ORD005796,2025-01-11 12:50:57,ST001,,In-store,Card,Completed,32.6,0.96,3.2,0.0,34.84
ORD005797,2025-05-16 00:10:52,ST004,CUST00798,Click & Collect,Card,Completed,37.1,0.0,1.4,0.0,38.5
ORD005798,2025-11-20 22:23:46,ST002,CUST00125,In-store,Card,Completed,18.65,0.0,1.66,0.0,20.31
ORD005799,2025-10-01 12:36:31,ST004,CUST00364,In-store,Card,Completed,50.2,0.0,5.64,0.0,55.84
ORD005800,2025-06-03 13:49:46,ST004,CUST00301,In-store,Mobile Wallet,Completed,34.65,0.0,1.14,0.0,35.79
ORD005801,2025-05-19 06:39:14,ST005,,In-store,Card,Completed,13.8,0.0,0.0,0.0,13.8
ORD005802,2025-03-06 07:11:06,ST008,CUST00468,In-store,Card,Completed,38.55,0.0,2.2,0.0,40.75
ORD005803,2025-09-29 22:19:41,ST005,CUST00753,Online,Mobile Wallet,Cancelled,12.85,0.0,1.04,3.49,0.0
ORD005804,2025-09-08 00:11:39,ST008,,In-store,Cash,Completed,52.25,0.0,1.92,0.0,54.17
ORD005805,2025-06-22 05:25:17,ST002,CUST00596,In-store,Card,Completed,19.1,0.0,0.7,0.0,19.8
ORD005806,2025-02-23 11:11:37,ST006,CUST00254,In-store,Cash,Completed,25.8,0.0,5.16,0.0,30.96
ORD005807,2025-05-07 02:47:02,ST006,CUST00328,In-store,Card,Completed,1.2,0.0,0.0,0.0,1.2
ORD005808,2025-12-27 19:08:31,ST008,CUST00442,Online,Cash,Completed,21.2,0.0,1.9,3.49,26.59
ORD005809,2025-06-25 13:29:02,ST001,,In-store,Card,Completed,10.55,0.0,0.72,0.0,11.27
ORD005810,2025-07-06 08:50:45,ST004,,Click & Collect,Mobile Wallet,Completed,17.8,0.62,0.0,0.0,17.18
ORD005811,2025-01-16 00:22:27,ST004,CUST00404,In-store,Mobile Wallet,Completed,6.2,0.0,0.0,0.0,6.2
ORD005812,2025-03-25 23:31:43,ST008,CUST00177,Click & Collect,Mobile Wallet,Completed,9.75,0.0,1.1,0.0,10.85
ORD005813,2025-06-06 12:46:35,ST006,CUST00293,Online,Cash,Cancelled,4.4,0.0,0.4,3.49,0.0
ORD005814,2025-09-08 11:00:50,ST008,CUST00049,In-store,Cash,Completed,16.35,0.6,1.3,0.0,17.05
ORD005815,2025-05-18 07:30:51,ST003,CUST00564,In-store,Cash,Completed,15.35,0.0,1.11,0.0,16.46
ORD005816,2025-09-19 09:21:56,ST007,,In-store,Card,Completed,16.25,0.0,1.44,0.0,17.69
ORD005817,2025-06-12 08:28:21,ST003,CUST00626,In-store,Card,Completed,15.2,0.0,0.0,0.0,15.2
ORD005818,2025-12-18 15:58:05,ST004,CUST00749,Online,Card,Completed,33.6,0.0,3.12,3.49,40.21
ORD005819,2025-06-23 05:48:40,ST005,CUST00125,In-store,Card,Completed,30.6,0.0,1.56,0.0,32.16
ORD005820,2025-04-21 14:53:43,ST004,,Online,Card,Completed,41.85,0.0,2.32,0.0,44.17
ORD005821,2025-02-05 04:41:14,ST007,CUST00245,Online,Card,Completed,31.95,0.0,5.1,3.49,40.54
ORD005822,2025-05-27 05:23:44,ST005,,In-store,Card,Completed,57.5,0.0,2.44,0.0,59.94
ORD005823,2025-04-06 22:30:31,ST008,CUST00220,In-store,Card,Completed,42.4,0.43,0.94,0.0,42.91
ORD005824,2025-06-19 08:22:27,ST002,CUST00168,In-store,Cash,Refunded,11.7,0.0,1.86,0.0,13.56
ORD005825,2025-10-21 06:42:42,ST003,CUST00575,In-store,Mobile Wallet,Completed,32.7,0.0,0.36,0.0,33.06
ORD005826,2025-07-30 15:35:28,ST004,CUST00660,In-store,Card,Completed,42.6,0.0,1.24,0.0,43.84
ORD005827,2025-10-25 20:55:09,ST006,,In-store,Cash,Completed,3.0,0.0,0.0,0.0,3.0
ORD005828,2025-10-03 04:36:33,ST004,,In-store,Card,Completed,13.7,0.0,0.0,0.0,13.7
ORD005829,2025-07-03 22:07:54,ST002,CUST00112,In-store,Cash,Completed,22.9,0.23,3.72,0.0,26.39
ORD005830,2025-07-19 07:54:59,ST001,CUST00763,Online,Card,Completed,22.75,0.46,3.08,3.49,28.86
ORD005831,2025-11-22 20:50:08,ST001,CUST00093,In-store,Mobile Wallet,Completed,48.8,0.0,6.36,0.0,55.16
ORD005832,2025-03-13 21:57:40,ST001,CUST00550,In-store,Card,Refunded,25.7,0.0,0.0,0.0,25.7
ORD005833,2025-04-27 22:49:02,ST004,CUST00233,Online,Card,Completed,26.55,0.0,2.4,3.49,32.44
ORD005834,2025-08-30 08:53:50,ST004,CUST00699,In-store,Card,Completed,15.5,0.0,0.52,0.0,16.02
ORD005835,2025-02-28 12:37:56,ST008,CUST00221,In-store,Card,Completed,16.5,0.0,0.0,0.0,16.5
ORD005836,2025-10-28 17:31:03,ST006,CUST00323,Click & Collect,Card,Completed,39.9,0.0,0.0,0.0,39.9
ORD005837,2025-10-08 02:32:50,ST006,CUST00508,In-store,Card,Completed,2.6,0.0,0.0,0.0,2.6
ORD005838,2025-07-04 12:32:24,ST007,,Online,Card,Completed,19.8,0.23,1.44,3.49,24.5
ORD005839,2025-09-22 05:38:18,ST008,,In-store,Card,Completed,63.5,1.5,9.56,0.0,71.56
ORD005840,2025-01-04 07:31:58,ST001,CUST00540,In-store,Mobile Wallet,Completed,5.65,0.0,0.0,0.0,5.65
ORD005841,2025-09-20 11:00:13,ST002,,Online,Mobile Wallet,Completed,43.6,0.0,1.96,0.0,45.56
ORD005842,2025-06-16 12:43:50,ST002,CUST00359,Online,Card,Completed,13.7,0.0,0.0,3.49,17.19
ORD005843,2025-05-13 04:12:29,ST005,CUST00564,In-store,Card,Completed,2.1,0.0,0.42,0.0,2.52
ORD005844,2025-06-29 23:57:03,ST004,CUST00368,In-store,Card,Completed,16.25,0.0,0.0,0.0,16.25
ORD005845,2025-11-26 22:34:30,ST008,CUST00542,In-store,Mobile Wallet,Completed,29.2,0.0,1.92,0.0,31.12
ORD005846,2025-12-02 04:42:11,ST001,CUST00209,In-store,Card,Completed,2.2,0.0,0.0,0.0,2.2
ORD005847,2025-07-25 05:09:25,ST004,CUST00417,Online,Card,Completed,16.2,0.0,0.0,3.49,19.69
ORD005848,2025-02-03 10:50:53,ST001,CUST00448,In-store,Mobile Wallet,Completed,30.35,0.0,1.74,0.0,32.09
ORD005849,2025-11-17 09:22:46,ST003,CUST00248,Online,Card,Completed,30.9,0.0,2.12,3.49,36.51
ORD005850,2025-09-17 04:52:51,ST003,,Click & Collect,Mobile Wallet,Completed,28.15,0.0,1.34,0.0,29.49
ORD005851,2025-03-03 05:11:55,ST002,CUST00721,In-store,Card,Refunded,36.05,0.0,2.5,0.0,38.55
ORD005852,2025-02-06 04:15:38,ST001,,In-store,Card,Completed,20.75,0.0,0.76,0.0,21.51
ORD005853,2025-09-15 01:04:21,ST008,,In-store,Mobile Wallet,Completed,12.0,0.0,0.0,0.0,12.0
ORD005854,2025-11-26 14:55:08,ST008,,Online,Card,Completed,25.5,0.0,1.3,3.49,30.29
ORD005855,2025-04-06 18:42:35,ST006,,Click & Collect,Card,Completed,23.4,0.0,2.19,0.0,25.59
ORD005856,2025-04-09 03:45:08,ST004,CUST00519,Online,Card,Cancelled,7.8,0.0,1.56,3.49,0.0
ORD005857,2025-06-19 22:01:47,ST008,CUST00221,In-store,Card,Completed,46.65,0.0,5.04,0.0,51.69
ORD005858,2025-08-15 11:17:18,ST003,,Online,Card,Completed,37.05,1.8,1.48,3.49,40.22
ORD005859,2025-08-09 19:59:02,ST001,CUST00528,In-store,Card,Cancelled,19.6,0.0,3.48,0.0,0.0
ORD005860,2025-06-25 02:38:46,ST005,,In-store,Card,Completed,19.3,0.0,1.88,0.0,21.18
ORD005861,2025-01-21 06:34:42,ST004,CUST00052,Click & Collect,Cash,Completed,9.3,0.0,0.3,0.0,9.6
ORD005862,2025-03-16 20:40:33,ST004,CUST00565,In-store,Gift Card,Completed,14.7,0.0,1.9,0.0,16.6
ORD005863,2025-11-30 02:47:25,ST008,CUST00544,In-store,Mobile Wallet,Completed,22.6,0.0,4.16,0.0,26.76
ORD005864,2025-04-22 18:42:05,ST005,,In-store,Card,Completed,13.3,0.0,0.0,0.0,13.3
ORD005865,2025-12-01 23:26:04,ST006,CUST00385,In-store,Mobile Wallet,Completed,32.2,0.0,1.92,0.0,34.12
ORD005866,2025-05-06 22:49:34,ST002,,In-store,Mobile Wallet,Completed,47.6,0.0,2.0,0.0,49.6
ORD005867,2025-05-15 11:43:38,ST005,CUST00694,In-store,Card,Refunded,28.45,0.0,0.52,0.0,28.97
ORD005868,2025-08-20 15:58:26,ST005,,In-store,Card,Completed,32.0,0.0,2.62,0.0,34.62
ORD005869,2025-11-11 09:01:26,ST008,CUST00641,In-store,Card,Completed,22.3,0.0,2.3,0.0,24.6
ORD005870,2025-03-30 23:53:33,ST003,CUST00396,In-store,Mobile Wallet,Completed,34.7,0.0,4.02,0.0,38.72
ORD005871,2025-11-11 05:59:37,ST007,CUST00646,In-store,Cash,Completed,2.6,0.0,0.0,0.0,2.6
ORD005872,2025-01-23 12:51:08,ST002,,Click & Collect,Card,Completed,29.2,0.0,0.0,0.0,29.2
ORD005873,2025-02-24 00:49:19,ST006,CUST00180,In-store,Card,Completed,25.6,0.77,2.06,0.0,26.89
ORD005874,2025-10-12 01:38:43,ST006,CUST00607,Online,Card,Completed,16.8,0.0,0.34,3.49,20.63
ORD005875,2025-05-09 21:55:57,ST003,CUST00315,In-store,Card,Completed,38.9,0.0,2.26,0.0,41.16
ORD005876,2025-11-04 13:02:09,ST008,CUST00262,Click & Collect,Card,Completed,15.7,0.0,0.88,0.0,16.58
ORD005877,2025-09-06 18:52:53,ST008,CUST00426,Click & Collect,Mobile Wallet,Completed,26.15,0.0,2.06,0.0,28.21
ORD005878,2025-06-25 00:20:47,ST007,CUST00507,In-store,Card,Completed,16.4,0.0,0.64,0.0,17.04
ORD005879,2025-07-11 21:22:35,ST005,CUST00159,In-store,Card,Completed,29.5,1.24,0.0,0.0,28.26
ORD005880,2025-11-20 22:11:44,ST008,CUST00286,In-store,Card,Completed,22.3,0.0,1.04,0.0,23.34
ORD005881,2025-08-03 09:19:08,ST005,,In-store,Card,Completed,12.45,0.0,0.34,0.0,12.79
ORD005882,2025-03-29 09:26:16,ST003,,Click & Collect,Mobile Wallet,Completed,26.5,0.0,0.44,0.0,26.94
ORD005883,2025-07-18 19:23:11,ST007,,Click & Collect,Card,Completed,9.1,0.23,0.96,0.0,9.83
ORD005884,2025-08-10 04:48:48,ST007,CUST00325,In-store,Card,Completed,19.0,0.0,1.44,0.0,20.44
ORD005885,2025-03-02 06:40:15,ST004,CUST00358,In-store,Card,Completed,26.75,0.0,0.0,0.0,26.75
ORD005886,2025-10-06 07:34:08,ST005,CUST00425,In-store,Cash,Completed,24.75,0.0,1.66,0.0,26.41
ORD005887,2025-02-21 10:20:25,ST005,,In-store,Card,Completed,8.3,0.0,0.42,0.0,8.72
ORD005888,2025-02-19 10:10:58,ST006,CUST00062,In-store,Card,Completed,9.4,0.0,0.0,0.0,9.4
ORD005889,2025-04-26 02:38:58,ST002,CUST00193,In-store,Mobile Wallet,Completed,32.6,0.0,2.6,0.0,35.2
ORD005890,2025-08-16 05:07:53,ST007,,Online,Card,Completed,32.9,0.0,0.0,3.49,36.39
ORD005891,2025-05-18 19:06:54,ST001,CUST00495,In-store,Card,Completed,24.4,0.0,1.84,0.0,26.24
ORD005892,2025-08-05 03:05:20,ST004,,In-store,Card,Completed,28.3,0.0,3.8,0.0,32.1
ORD005893,2025-07-18 23:28:27,ST006,CUST00746,In-store,Card,Completed,5.2,0.0,0.74,0.0,5.94
ORD005894,2025-07-11 04:07:36,ST003,,In-store,Cash,Completed,21.0,0.6,1.2,0.0,21.6
ORD005895,2025-01-10 20:10:12,ST001,,Online,Card,Completed,21.0,0.0,0.0,3.49,24.49
ORD005896,2025-08-30 15:37:57,ST001,CUST00298,Online,Cash,Completed,34.95,1.44,0.0,3.49,37.0
ORD005897,2025-08-24 00:32:38,ST006,CUST00140,Online,Card,Completed,37.5,0.23,7.04,3.49,47.8
ORD005898,2025-01-03 11:20:38,ST005,CUST00009,In-store,Card,Completed,28.6,0.48,1.2,0.0,29.32
ORD005899,2025-07-23 11:19:00,ST003,CUST00616,In-store,Card,Completed,51.15,0.0,3.56,0.0,54.71
ORD005900,2025-07-14 06:43:57,ST003,CUST00206,In-store,Cash,Completed,16.0,0.0,1.94,0.0,17.94
ORD005901,2025-06-25 15:01:08,ST001,,In-store,Mobile Wallet,Completed,25.25,0.0,0.36,0.0,25.61
ORD005902,2025-09-17 17:05:42,ST005,CUST00274,In-store,Card,Completed,24.7,0.3,4.88,0.0,29.28
ORD005903,2025-09-14 09:55:10,ST006,CUST00156,Online,Mobile Wallet,Completed,76.35,1.8,4.9,0.0,79.45
ORD005904,2025-05-20 19:14:08,ST003,,In-store,Card,Refunded,25.8,0.0,1.04,0.0,26.84
ORD005905,2025-09-06 07:29:52,ST008,CUST00584,In-store,Card,Completed,37.2,0.0,4.92,0.0,42.12
ORD005906,2025-04-15 21:48:32,ST008,CUST00177,In-store,Card,Completed,24.6,0.0,3.48,0.0,28.08
ORD005907,2025-10-31 10:41:15,ST004,CUST00566,In-store,Card,Completed,25.45,0.0,0.0,0.0,25.45
ORD005908,2025-09-28 10:04:48,ST008,CUST00656,Click & Collect,Card,Completed,25.5,0.0,3.2,0.0,28.7
ORD005909,2025-10-25 15:26:28,ST008,,In-store,Card,Completed,25.3,0.0,1.56,0.0,26.86
ORD005910,2025-12-20 03:15:38,ST003,CUST00465,In-store,Card,Completed,14.9,0.7,1.6,0.0,15.8
ORD005911,2025-05-25 21:14:08,ST007,,In-store,Card,Completed,19.3,0.0,0.64,0.0,19.94
ORD005912,2025-05-03 13:48:17,ST006,CUST00729,In-store,Card,Completed,51.3,0.0,2.34,0.0,53.64
ORD005913,2025-07-23 19:54:11,ST005,,Click & Collect,Card,Completed,22.8,0.0,1.44,0.0,24.24
ORD005914,2025-08-19 07:29:09,ST001,,Online,Card,Completed,16.6,0.0,0.0,3.49,20.09
ORD005915,2025-04-02 09:32:27,ST002,CUST00035,Click & Collect,Card,Completed,5.3,0.0,1.06,0.0,6.36
ORD005916,2025-06-23 05:40:24,ST006,CUST00112,In-store,Card,Completed,16.05,0.0,0.64,0.0,16.69
ORD005917,2025-04-11 02:43:30,ST007,CUST00539,In-store,Card,Completed,9.5,0.0,1.48,0.0,10.98
ORD005918,2025-09-08 15:36:50,ST008,CUST00012,In-store,Card,Completed,30.25,0.0,1.04,0.0,31.29
ORD005919,2025-06-25 23:58:21,ST001,CUST00032,In-store,Card,Completed,42.6,1.2,2.44,0.0,43.84
ORD005920,2025-01-09 09:30:13,ST002,,In-store,Card,Completed,21.05,0.0,1.72,0.0,22.77
ORD005921,2025-08-29 02:07:43,ST005,CUST00194,In-store,Card,Completed,36.8,0.0,5.32,0.0,42.12
ORD005922,2025-02-28 00:03:46,ST007,,In-store,Mobile Wallet,Completed,26.65,0.0,0.0,0.0,26.65
ORD005923,2025-07-22 17:26:41,ST001,CUST00592,Online,Card,Completed,26.7,0.0,0.3,3.49,30.49
ORD005924,2025-01-28 02:08:20,ST002,,In-store,Card,Completed,10.2,0.0,0.0,0.0,10.2
ORD005925,2025-12-29 12:13:37,ST005,,Click & Collect,Gift Card,Completed,5.2,0.0,0.0,0.0,5.2
ORD005926,2025-07-07 19:33:14,ST004,CUST00212,Online,Card,Completed,7.45,0.0,0.3,3.49,11.24
ORD005927,2025-06-27 08:15:52,ST007,CUST00214,In-store,Mobile Wallet,Completed,3.0,0.0,0.0,0.0,3.0
ORD005928,2025-02-27 01:23:28,ST003,CUST00704,In-store,Card,Completed,5.1,0.0,0.0,0.0,5.1
ORD005929,2025-12-03 16:56:01,ST006,,In-store,Card,Completed,6.4,0.0,1.28,0.0,7.68
ORD005930,2025-01-09 05:33:15,ST004,CUST00315,In-store,Card,Completed,19.8,0.0,3.32,0.0,23.12
ORD005931,2025-12-28 09:27:22,ST003,CUST00319,In-store,Card,Completed,5.2,0.0,1.04,0.0,6.24
ORD005932,2025-01-15 19:11:21,ST002,,In-store,Card,Completed,0.95,0.0,0.0,0.0,0.95
ORD005933,2025-02-03 04:34:22,ST006,CUST00463,In-store,Mobile Wallet,Completed,33.0,0.0,5.2,0.0,38.2
ORD005934,2025-08-29 11:18:50,ST002,,Online,Cash,Completed,18.65,0.95,0.0,3.49,21.19
ORD005935,2025-08-08 17:26:28,ST004,,In-store,Card,Completed,30.7,0.0,2.14,0.0,32.84
ORD005936,2025-02-04 03:18:27,ST005,CUST00251,In-store,Card,Completed,9.0,0.0,1.8,0.0,10.8
ORD005937,2025-08-01 04:59:43,ST002,CUST00538,Click & Collect,Card,Completed,3.5,0.0,0.3,0.0,3.8
ORD005938,2025-05-22 20:39:24,ST004,CUST00564,In-store,Mobile Wallet,Completed,43.15,0.0,0.38,0.0,43.53
ORD005939,2025-07-17 15:22:46,ST005,CUST00086,In-store,Card,Completed,45.4,0.0,1.28,0.0,46.68
ORD005940,2025-04-10 04:41:26,ST001,CUST00752,Click & Collect,Card,Completed,12.7,0.0,0.0,0.0,12.7
ORD005941,2025-05-13 10:39:30,ST007,CUST00431,In-store,Card,Completed,16.6,0.0,0.34,0.0,16.94
ORD005942,2025-10-15 23:36:25,ST005,,In-store,Card,Completed,16.35,0.0,2.56,0.0,18.91
ORD005943,2025-11-16 09:04:49,ST001,CUST00334,In-store,Card,Completed,35.1,0.0,3.79,0.0,38.89
ORD005944,2025-07-06 15:58:50,ST007,CUST00086,In-store,Mobile Wallet,Completed,20.15,0.0,0.76,0.0,20.91
ORD005945,2025-08-21 23:36:21,ST002,CUST00748,In-store,Card,Completed,34.05,0.0,2.16,0.0,36.21
ORD005946,2025-06-29 08:54:21,ST004,CUST00713,Online,Card,Completed,14.8,0.0,0.74,3.49,19.03
ORD005947,2025-08-08 15:21:47,ST006,,Click & Collect,Card,Completed,10.4,0.0,1.04,0.0,11.44
ORD005948,2025-04-03 02:18:18,ST008,CUST00597,In-store,Cash,Completed,20.1,0.0,0.36,0.0,20.46
ORD005949,2025-06-21 02:37:45,ST003,CUST00335,In-store,Card,Completed,3.0,0.0,0.6,0.0,3.6
ORD005950,2025-07-10 02:29:29,ST005,,In-store,Card,Completed,26.8,0.0,4.0,0.0,30.8
ORD005951,2025-07-10 10:31:35,ST004,,Online,Mobile Wallet,Completed,28.1,0.48,1.3,3.49,32.41
ORD005952,2025-08-02 04:08:44,ST001,,In-store,Card,Completed,58.2,0.46,0.34,0.0,58.08
ORD005953,2025-12-28 05:17:30,ST003,CUST00493,Online,Card,Completed,19.9,0.0,0.36,3.49,23.75
ORD005954,2025-06-07 12:38:53,ST007,CUST00621,Online,Mobile Wallet,Completed,15.7,0.0,2.68,3.49,21.87
ORD005955,2025-11-27 10:18:49,ST003,,In-store,Card,Completed,10.25,0.0,0.68,0.0,10.93
ORD005956,2025-08-20 03:10:41,ST004,CUST00623,Online,Card,Completed,14.2,1.24,0.0,3.49,16.45
ORD005957,2025-02-16 05:06:28,ST001,CUST00395,In-store,Mobile Wallet,Completed,41.2,0.49,1.68,0.0,42.38
ORD005958,2025-04-20 13:43:25,ST003,CUST00255,In-store,Cash,Completed,1.2,0.0,0.0,0.0,1.2
ORD005959,2025-01-14 05:00:06,ST004,CUST00400,In-store,Card,Completed,25.5,0.12,0.54,0.0,25.92
ORD005960,2025-06-11 05:07:26,ST003,CUST00550,In-store,Mobile Wallet,Completed,6.6,0.0,0.52,0.0,7.12
ORD005961,2025-09-02 11:38:31,ST005,,In-store,Card,Completed,22.65,0.3,0.94,0.0,23.29
ORD005962,2025-12-07 18:48:12,ST005,,In-store,Card,Completed,22.65,0.0,1.4,0.0,24.05
ORD005963,2025-11-26 11:23:11,ST007,,In-store,Cash,Completed,32.4,0.0,1.28,0.0,33.68
ORD005964,2025-07-16 14:38:58,ST008,CUST00277,In-store,Card,Completed,10.8,0.72,0.0,0.0,10.08
ORD005965,2025-07-10 19:37:43,ST002,CUST00032,In-store,Mobile Wallet,Completed,37.9,1.24,0.0,0.0,36.66
ORD005966,2025-02-24 04:24:57,ST003,CUST00618,Online,Card,Completed,26.3,0.0,0.3,3.49,30.09
ORD005967,2025-02-04 14:52:53,ST004,CUST00584,In-store,Cash,Completed,3.65,0.0,0.0,0.0,3.65
ORD005968,2025-06-03 01:22:12,ST001,,In-store,Card,Completed,20.4,0.0,1.28,0.0,21.68
ORD005969,2025-05-04 01:26:55,ST004,CUST00568,In-store,Mobile Wallet,Completed,26.25,0.0,0.6,0.0,26.85
ORD005970,2025-06-13 07:10:21,ST006,,Online,Card,Completed,4.8,0.48,0.0,3.49,7.81
ORD005971,2025-02-25 02:02:25,ST002,CUST00679,In-store,Card,Completed,21.75,0.0,2.63,0.0,24.38
ORD005972,2025-04-18 03:32:08,ST001,CUST00068,Click & Collect,Cash,Completed,35.1,0.23,1.32,0.0,36.19
ORD005973,2025-05-01 21:16:09,ST003,CUST00720,In-store,Card,Completed,49.35,0.0,2.8,0.0,52.15
ORD005974,2025-01-29 05:10:32,ST003,CUST00675,In-store,Card,Completed,13.2,0.0,0.36,0.0,13.56
ORD005975,2025-03-25 12:13:30,ST008,CUST00500,In-store,Card,Completed,5.55,0.0,0.7,0.0,6.25
ORD005976,2025-04-24 05:29:32,ST001,,Online,Cash,Completed,12.5,0.0,1.96,3.49,17.95
ORD005977,2025-02-06 01:03:57,ST003,CUST00491,In-store,Card,Completed,34.9,0.28,1.58,0.0,36.2
ORD005978,2025-08-05 08:43:51,ST003,,Click & Collect,Mobile Wallet,Completed,23.8,0.23,0.9,0.0,24.47
ORD005979,2025-01-25 08:42:13,ST005,,In-store,Cash,Completed,18.2,0.0,2.16,0.0,20.36
ORD005980,2025-03-23 15:22:49,ST008,CUST00231,Click & Collect,Card,Completed,31.6,0.0,0.6,0.0,32.2
ORD005981,2025-08-29 23:44:15,ST004,,In-store,Card,Completed,20.55,0.0,1.42,0.0,21.97
ORD005982,2025-10-04 20:16:12,ST001,CUST00211,Click & Collect,Card,Cancelled,7.2,0.0,1.1,0.0,0.0
ORD005983,2025-11-10 06:54:46,ST002,CUST00357,In-store,Card,Completed,38.2,0.0,0.52,0.0,38.72
ORD005984,2025-11-09 00:13:19,ST006,CUST00091,In-store,Card,Completed,6.3,0.0,0.3,0.0,6.6
ORD005985,2025-09-20 09:47:02,ST004,CUST00205,In-store,Card,Completed,43.3,0.3,3.58,0.0,46.58
ORD005986,2025-10-21 21:04:35,ST007,CUST00546,In-store,Card,Completed,51.1,0.0,2.54,0.0,53.64
ORD005987,2025-05-12 12:03:06,ST005,CUST00200,In-store,Card,Completed,41.3,0.0,0.92,0.0,42.22
ORD005988,2025-06-22 20:08:37,ST004,CUST00039,In-store,Mobile Wallet,Completed,35.5,0.96,2.2,0.0,36.74
ORD005989,2025-09-01 03:50:31,ST007,CUST00260,In-store,Card,Completed,48.35,0.0,0.64,0.0,48.99
ORD005990,2025-09-26 11:19:42,ST004,,In-store,Gift Card,Completed,7.45,0.0,0.0,0.0,7.45
ORD005991,2025-11-17 03:12:44,ST002,CUST00255,Online,Card,Completed,22.15,0.0,1.46,3.49,27.1
ORD005992,2025-06-24 15:17:58,ST008,CUST00727,In-store,Card,Completed,18.1,0.48,1.4,0.0,19.02
ORD005993,2025-08-09 12:17:01,ST004,,Online,Card,Completed,24.1,0.96,1.28,3.49,27.91
ORD005994,2025-05-08 00:12:20,ST002,CUST00601,Online,Card,Completed,37.6,0.0,0.64,3.49,41.73
ORD005995,2025-05-21 21:51:02,ST002,CUST00364,In-store,Card,Completed,15.5,0.0,1.9,0.0,17.4
ORD005996,2025-12-15 09:55:19,ST003,,Online,Mobile Wallet,Completed,12.3,0.0,0.6,3.49,16.39
ORD005997,2025-01-23 12:13:13,ST004,,In-store,Card,Completed,50.95,0.0,5.16,0.0,56.11
ORD005998,2025-08-29 05:38:25,ST004,CUST00047,In-store,Card,Completed,9.7,0.0,0.18,0.0,9.88
ORD005999,2025-10-02 05:44:54,ST007,CUST00167,In-store,Mobile Wallet,Completed,41.4,0.0,1.14,0.0,42.54
ORD006000,2025-04-27 16:52:27,ST008,CUST00235,Online,Cash,Completed,15.2,0.0,0.96,3.49,19.65
ORD006001,2025-08-08 17:50:28,ST008,CUST00172,In-store,Mobile Wallet,Completed,18.8,0.0,0.52,0.0,19.32
ORD006002,2025-05-20 14:17:09,ST008,CUST00727,In-store,Card,Completed,13.4,0.0,1.24,0.0,14.64
ORD006003,2025-04-17 18:30:19,ST001,CUST00711,In-store,Mobile Wallet,Completed,34.25,1.01,1.28,0.0,34.52
ORD006004,2025-05-11 11:48:01,ST005,CUST00262,In-store,Card,Completed,19.9,0.0,1.3,0.0,21.2
ORD006005,2025-02-15 05:26:39,ST008,CUST00306,Click & Collect,Cash,Completed,17.8,0.0,1.2,0.0,19.0
ORD006006,2025-01-20 18:03:35,ST006,CUST00250,In-store,Card,Completed,18.9,0.4,1.44,0.0,19.94
ORD006007,2025-05-04 08:33:36,ST007,CUST00453,Online,Card,Refunded,35.3,0.0,2.28,3.49,41.07
ORD006008,2025-01-25 09:45:19,ST003,,In-store,Card,Completed,7.3,0.55,0.0,0.0,6.75
ORD006009,2025-09-12 14:02:13,ST001,CUST00090,Online,Cash,Completed,4.8,0.0,0.96,3.49,9.25
ORD006010,2025-12-31 21:09:57,ST008,,In-store,Mobile Wallet,Completed,23.1,0.0,0.0,0.0,23.1
ORD006011,2025-09-29 17:10:01,ST007,CUST00155,Online,Mobile Wallet,Completed,43.65,1.5,6.58,0.0,48.73
ORD006012,2025-04-22 17:04:25,ST002,,In-store,Card,Completed,29.2,0.0,0.54,0.0,29.74
ORD006013,2025-07-08 18:41:46,ST006,,In-store,Card,Completed,43.7,0.0,7.6,0.0,51.3
ORD006014,2025-05-09 14:42:58,ST008,CUST00495,In-store,Card,Completed,34.4,0.0,5.52,0.0,39.92
ORD006015,2025-07-29 11:10:28,ST005,,In-store,Gift Card,Completed,36.5,0.62,3.12,0.0,39.0
ORD006016,2025-12-08 00:25:29,ST004,,In-store,Mobile Wallet,Completed,27.1,0.0,2.86,0.0,29.96
ORD006017,2025-02-08 23:16:43,ST002,,In-store,Card,Completed,19.0,0.0,2.88,0.0,21.88
ORD006018,2025-02-04 22:35:38,ST005,,In-store,Card,Completed,27.6,0.0,1.96,0.0,29.56
ORD006019,2025-09-19 03:55:42,ST007,CUST00215,In-store,Cash,Completed,3.0,0.0,0.6,0.0,3.6
ORD006020,2025-04-04 19:24:04,ST006,CUST00166,In-store,Mobile Wallet,Completed,51.35,0.0,1.0,0.0,52.35
ORD006021,2025-09-13 17:11:50,ST004,CUST00253,In-store,Card,Completed,43.2,0.0,0.52,0.0,43.72
ORD006022,2025-12-16 18:26:41,ST004,,In-store,Card,Completed,12.3,0.0,0.0,0.0,12.3
ORD006023,2025-02-13 10:02:35,ST005,CUST00748,Online,Card,Completed,0.75,0.0,0.0,3.49,4.24
ORD006024,2025-11-08 14:03:44,ST002,CUST00715,In-store,Mobile Wallet,Completed,26.45,0.0,3.75,0.0,30.2
ORD006025,2025-04-30 12:17:03,ST002,CUST00648,Online,Card,Completed,4.1,0.0,0.82,3.49,8.41
ORD006026,2025-05-04 08:15:21,ST001,CUST00286,In-store,Mobile Wallet,Completed,29.25,0.0,4.34,0.0,33.59
ORD006027,2025-01-18 13:40:38,ST005,CUST00367,Click & Collect,Mobile Wallet,Completed,9.75,0.0,0.84,0.0,10.59
ORD006028,2025-10-18 17:02:51,ST002,CUST00017,In-store,Card,Completed,24.3,0.0,4.5,0.0,28.8
ORD006029,2025-09-05 22:47:12,ST008,,In-store,Mobile Wallet,Completed,20.8,0.0,0.0,0.0,20.8
ORD006030,2025-11-09 13:23:15,ST005,,Online,Card,Completed,16.6,0.0,2.88,3.49,22.97
ORD006031,2025-09-26 05:51:18,ST007,,In-store,Mobile Wallet,Completed,10.6,0.0,0.0,0.0,10.6
ORD006032,2025-03-15 15:06:40,ST004,,In-store,Gift Card,Completed,11.3,0.0,0.52,0.0,11.82
ORD006033,2025-08-05 02:34:30,ST003,CUST00354,In-store,Card,Completed,22.6,0.0,1.14,0.0,23.74
ORD006034,2025-07-11 17:31:48,ST003,CUST00372,In-store,Mobile Wallet,Completed,11.0,0.0,2.2,0.0,13.2
ORD006035,2025-12-03 13:06:03,ST002,CUST00182,In-store,Card,Completed,3.2,0.0,0.64,0.0,3.84
ORD006036,2025-05-30 20:06:41,ST001,,In-store,Card,Completed,23.0,0.0,2.0,0.0,25.0
ORD006037,2025-07-11 00:14:50,ST001,CUST00246,In-store,Card,Completed,47.55,0.72,0.37,0.0,47.2
ORD006038,2025-09-14 18:33:33,ST002,CUST00799,Online,Card,Completed,52.9,0.0,4.04,0.0,56.94
ORD006039,2025-08-01 21:04:07,ST002,CUST00711,In-store,Cash,Completed,14.25,0.0,0.75,0.0,15.0
ORD006040,2025-07-09 13:17:57,ST004,CUST00401,Online,Card,Completed,14.95,0.0,1.2,3.49,19.64
ORD006041,2025-01-22 02:02:36,ST005,,In-store,Card,Completed,31.6,0.0,3.02,0.0,34.62
ORD006042,2025-08-09 03:23:45,ST005,CUST00783,In-store,Cash,Completed,19.4,0.0,1.96,0.0,21.36
ORD006043,2025-02-04 22:46:52,ST006,CUST00189,In-store,Card,Completed,8.65,0.28,1.11,0.0,9.47
ORD006044,2025-02-11 19:52:48,ST002,CUST00783,In-store,Card,Completed,29.5,0.0,0.52,0.0,30.02
ORD006045,2025-04-15 06:59:54,ST004,CUST00739,Click & Collect,Mobile Wallet,Completed,18.6,0.0,0.76,0.0,19.36
ORD006046,2025-03-14 11:09:51,ST004,CUST00692,In-store,Cash,Completed,7.6,0.0,1.2,0.0,8.8
ORD006047,2025-01-20 18:02:32,ST005,,Online,Mobile Wallet,Completed,11.5,0.0,2.06,3.49,17.05
ORD006048,2025-11-09 05:11:13,ST008,CUST00531,In-store,Card,Completed,29.45,0.0,1.8,0.0,31.25
ORD006049,2025-02-03 14:34:49,ST006,CUST00270,In-store,Card,Completed,8.5,0.0,1.4,0.0,9.9
ORD006050,2025-11-21 18:39:15,ST004,CUST00061,In-store,Cash,Completed,19.9,0.0,2.12,0.0,22.02
ORD006051,2025-06-04 04:13:04,ST001,CUST00675,In-store,Cash,Completed,1.1,0.0,0.0,0.0,1.1
ORD006052,2025-01-19 12:38:40,ST007,CUST00453,Click & Collect,Card,Completed,12.0,0.0,2.16,0.0,14.16
ORD006053,2025-12-06 01:26:55,ST006,CUST00436,In-store,Cash,Completed,12.4,0.0,0.0,0.0,12.4
ORD006054,2025-09-09 13:43:18,ST003,,Online,Cash,Completed,18.5,0.0,1.56,3.49,23.55
ORD006055,2025-07-24 12:48:59,ST005,,In-store,Card,Completed,25.8,0.0,1.6,0.0,27.4
ORD006056,2025-11-04 16:10:21,ST008,,Click & Collect,Mobile Wallet,Completed,1.8,0.0,0.36,0.0,2.16
ORD006057,2025-11-20 15:25:52,ST001,CUST00219,Click & Collect,Cash,Completed,22.8,0.0,0.0,0.0,22.8
ORD006058,2025-07-02 01:40:19,ST007,,Online,Mobile Wallet,Completed,32.75,0.69,1.95,3.49,37.5
ORD006059,2025-05-16 15:46:19,ST008,CUST00182,Click & Collect,Card,Completed,25.5,0.0,0.3,0.0,25.8
ORD006060,2025-10-18 00:01:34,ST005,CUST00490,In-store,Mobile Wallet,Completed,16.0,0.0,2.6,0.0,18.6
ORD006061,2025-08-21 18:25:23,ST008,,Online,Mobile Wallet,Completed,16.8,0.0,1.4,3.49,21.69
ORD006062,2025-11-15 14:44:13,ST008,CUST00238,Online,Mobile Wallet,Completed,1.1,0.0,0.0,3.49,4.59
ORD006063,2025-12-23 12:58:20,ST007,CUST00201,Click & Collect,Card,Completed,11.9,0.24,0.55,0.0,12.21
ORD006064,2025-08-02 17:20:17,ST002,CUST00643,Click & Collect,Cash,Completed,22.7,0.0,0.0,0.0,22.7
ORD006065,2025-11-22 12:57:50,ST004,CUST00442,In-store,Card,Completed,19.45,0.0,1.41,0.0,20.86
ORD006066,2025-05-21 01:56:31,ST002,CUST00655,In-store,Mobile Wallet,Completed,6.0,0.0,0.0,0.0,6.0
ORD006067,2025-03-24 08:22:11,ST004,,In-store,Card,Cancelled,23.2,0.0,2.6,0.0,0.0
ORD006068,2025-04-11 19:08:55,ST003,,In-store,Cash,Refunded,40.0,0.0,0.0,0.0,40.0
ORD006069,2025-01-07 23:06:08,ST001,CUST00124,In-store,Card,Completed,6.0,0.0,1.2,0.0,7.2
ORD006070,2025-06-28 21:07:12,ST003,,In-store,Mobile Wallet,Completed,4.4,0.0,0.0,0.0,4.4
ORD006071,2025-05-22 23:29:48,ST007,CUST00486,In-store,Cash,Completed,2.2,0.0,0.0,0.0,2.2
ORD006072,2025-02-05 06:07:35,ST003,,In-store,Card,Completed,4.0,0.0,0.0,0.0,4.0
ORD006073,2025-03-26 15:06:21,ST006,CUST00268,In-store,Card,Completed,23.55,0.0,4.19,0.0,27.74
ORD006074,2025-08-16 02:11:59,ST006,CUST00625,In-store,Card,Completed,9.4,0.0,0.52,0.0,9.92
ORD006075,2025-09-27 00:43:14,ST006,CUST00630,In-store,Card,Completed,3.2,0.0,0.0,0.0,3.2
ORD006076,2025-05-20 21:25:35,ST002,CUST00657,In-store,Card,Completed,15.6,0.0,0.0,0.0,15.6
ORD006077,2025-01-25 17:56:42,ST002,CUST00564,Online,Cash,Completed,6.0,0.0,0.6,3.49,10.09
ORD006078,2025-05-12 05:48:10,ST001,CUST00773,In-store,Card,Completed,14.4,0.0,0.52,0.0,14.92
ORD006079,2025-02-19 09:34:16,ST007,CUST00016,In-store,Card,Completed,27.2,3.03,0.36,0.0,24.53
ORD006080,2025-02-14 10:09:52,ST006,CUST00294,In-store,Card,Completed,21.45,0.45,1.64,0.0,22.64
ORD006081,2025-06-28 13:05:58,ST001,CUST00231,In-store,Card,Completed,50.35,1.8,2.5,0.0,51.05
ORD006082,2025-10-02 23:24:51,ST002,CUST00165,Click & Collect,Card,Completed,23.0,0.0,0.64,0.0,23.64
ORD006083,2025-03-25 03:57:47,ST008,,In-store,Card,Completed,49.05,0.0,3.28,0.0,52.33
ORD006084,2025-04-03 20:03:31,ST001,CUST00163,In-store,Card,Completed,26.9,0.0,2.42,0.0,29.32
ORD006085,2025-11-23 21:39:59,ST001,CUST00346,In-store,Card,Completed,17.9,0.0,2.36,0.0,20.26
ORD006086,2025-07-18 13:28:53,ST008,CUST00460,In-store,Mobile Wallet,Completed,22.0,0.0,3.0,0.0,25.0
ORD006087,2025-02-11 01:25:28,ST004,CUST00616,In-store,Card,Completed,5.75,0.0,0.6,0.0,6.35
ORD006088,2025-07-31 10:15:38,ST002,CUST00273,In-store,Card,Completed,37.95,0.0,0.81,0.0,38.76
ORD006089,2025-06-06 21:04:22,ST003,CUST00437,In-store,Card,Completed,30.35,0.0,0.44,0.0,30.79
ORD006090,2025-07-26 05:03:31,ST006,CUST00135,In-store,Card,Completed,37.25,0.6,3.59,0.0,40.24
ORD006091,2025-12-14 03:18:45,ST001,,Online,Mobile Wallet,Completed,22.35,0.48,1.1,3.49,26.46
ORD006092,2025-11-30 08:52:44,ST001,CUST00191,In-store,Mobile Wallet,Completed,16.0,0.0,0.0,0.0,16.0
ORD006093,2025-05-07 05:26:31,ST001,CUST00748,Online,Card,Completed,30.0,0.0,2.24,3.49,35.73
ORD006094,2025-05-13 12:48:10,ST002,,Click & Collect,Card,Completed,24.1,0.0,0.72,0.0,24.82
ORD006095,2025-06-10 05:38:13,ST001,,In-store,Gift Card,Completed,46.0,0.46,0.0,0.0,45.54
ORD006096,2025-04-07 05:33:48,ST001,CUST00320,In-store,Gift Card,Completed,8.15,0.14,0.0,0.0,8.01
ORD006097,2025-05-02 01:45:56,ST008,,In-store,Card,Completed,2.6,0.0,0.52,0.0,3.12
ORD006098,2025-06-17 05:42:02,ST007,CUST00398,Online,Card,Completed,49.5,0.23,8.8,0.0,58.07
ORD006099,2025-05-25 00:53:17,ST006,CUST00347,In-store,Mobile Wallet,Completed,14.45,0.0,0.52,0.0,14.97
ORD006100,2025-05-09 19:32:31,ST005,CUST00699,In-store,Card,Completed,21.5,0.0,1.5,0.0,23.0
ORD006101,2025-02-26 01:30:42,ST004,CUST00095,In-store,Card,Cancelled,19.2,0.0,3.06,0.0,0.0
ORD006102,2025-10-26 09:48:24,ST008,CUST00216,In-store,Card,Completed,31.4,0.0,2.92,0.0,34.32
ORD006103,2025-08-17 00:32:37,ST008,CUST00575,Click & Collect,Mobile Wallet,Completed,34.6,0.23,1.3,0.0,35.67
ORD006104,2025-02-26 19:00:49,ST001,CUST00616,In-store,Card,Completed,25.3,0.0,0.0,0.0,25.3
ORD006105,2025-03-02 07:23:46,ST006,CUST00645,Click & Collect,Card,Completed,19.4,0.0,1.28,0.0,20.68
ORD006106,2025-09-23 09:27:03,ST006,CUST00708,Online,Card,Completed,3.5,0.0,0.0,3.49,6.99
ORD006107,2025-05-13 06:45:52,ST007,CUST00058,In-store,Card,Completed,17.05,0.0,2.08,0.0,19.13
ORD006108,2025-07-05 07:19:21,ST003,CUST00729,In-store,Cash,Completed,33.15,1.41,0.0,0.0,31.74
ORD006109,2025-10-06 22:26:29,ST007,CUST00477,Click & Collect,Card,Completed,30.5,0.0,2.98,0.0,33.48
ORD006110,2025-04-06 14:03:46,ST007,CUST00242,In-store,Mobile Wallet,Completed,30.85,0.0,5.32,0.0,36.17
ORD006111,2025-04-16 06:29:39,ST005,CUST00722,Click & Collect,Card,Completed,14.9,0.0,0.0,0.0,14.9
ORD006112,2025-03-17 15:37:27,ST001,CUST00036,In-store,Card,Completed,31.4,0.0,0.64,0.0,32.04
ORD006113,2025-07-29 02:17:14,ST006,CUST00183,In-store,Card,Completed,9.85,0.0,0.37,0.0,10.22
ORD006114,2025-12-10 20:10:56,ST001,,In-store,Mobile Wallet,Completed,15.4,0.0,0.64,0.0,16.04
ORD006115,2025-07-14 12:54:24,ST003,,Online,Card,Completed,6.3,0.0,1.26,3.49,11.05
ORD006116,2025-06-10 00:58:54,ST006,CUST00345,Online,Card,Completed,65.3,2.4,2.38,0.0,65.28
ORD006117,2025-03-05 12:10:02,ST002,CUST00100,In-store,Mobile Wallet,Completed,1.8,0.0,0.36,0.0,2.16
ORD006118,2025-01-31 06:16:31,ST003,CUST00663,In-store,Card,Completed,30.9,0.15,4.34,0.0,35.09
ORD006119,2025-08-26 07:51:59,ST008,CUST00564,In-store,Mobile Wallet,Completed,41.0,0.0,4.92,0.0,45.92
ORD006120,2025-11-01 23:32:30,ST001,,In-store,Card,Completed,19.4,0.0,1.94,0.0,21.34
ORD006121,2025-03-02 19:31:02,ST001,CUST00483,In-store,Card,Completed,14.6,0.0,1.88,0.0,16.48
ORD006122,2025-05-13 19:50:40,ST003,,In-store,Card,Completed,12.8,0.0,0.52,0.0,13.32
ORD006123,2025-06-30 08:43:44,ST005,CUST00146,In-store,Card,Completed,31.8,2.4,0.42,0.0,29.82
ORD006124,2025-06-23 20:01:10,ST002,,In-store,Card,Completed,7.2,0.0,0.64,0.0,7.84
ORD006125,2025-06-18 10:35:01,ST006,CUST00281,In-store,Card,Completed,12.9,0.0,1.3,0.0,14.2
ORD006126,2025-06-16 17:29:34,ST002,CUST00232,Click & Collect,Card,Refunded,32.3,0.0,2.18,0.0,34.48
ORD006127,2025-11-13 20:39:08,ST008,CUST00423,In-store,Card,Completed,10.8,0.0,0.76,0.0,11.56
ORD006128,2025-05-09 10:45:23,ST003,CUST00044,In-store,Card,Completed,1.9,0.0,0.0,0.0,1.9
ORD006129,2025-08-24 13:44:43,ST001,CUST00757,In-store,Card,Completed,20.25,0.0,1.7,0.0,21.95
ORD006130,2025-03-24 18:06:46,ST008,CUST00794,Online,Card,Completed,12.7,0.0,0.0,3.49,16.19
ORD006131,2025-12-31 02:33:09,ST007,CUST00393,Click & Collect,Card,Completed,40.0,0.0,4.2,0.0,44.2
ORD006132,2025-07-11 16:50:52,ST007,CUST00588,In-store,Card,Completed,3.8,0.23,0.0,0.0,3.57
ORD006133,2025-03-31 10:00:28,ST006,CUST00067,Click & Collect,Card,Completed,14.25,0.0,2.45,0.0,16.7
ORD006134,2025-01-01 02:07:27,ST001,CUST00188,In-store,Mobile Wallet,Completed,32.7,0.0,2.86,0.0,35.56
ORD006135,2025-07-27 13:45:27,ST003,CUST00092,In-store,Gift Card,Completed,44.35,0.0,4.8,0.0,49.15
ORD006136,2025-06-21 08:51:03,ST004,,In-store,Card,Completed,16.6,0.0,1.98,0.0,18.58
ORD006137,2025-06-08 03:25:59,ST002,CUST00124,In-store,Card,Completed,16.7,0.0,1.32,0.0,18.02
ORD006138,2025-06-16 04:35:35,ST002,CUST00191,In-store,Card,Completed,17.15,0.0,1.52,0.0,18.67
ORD006139,2025-05-27 17:25:54,ST004,CUST00767,In-store,Mobile Wallet,Completed,27.1,0.0,1.08,0.0,28.18
ORD006140,2025-11-23 16:23:36,ST002,CUST00133,In-store,Mobile Wallet,Completed,39.35,0.0,1.8,0.0,41.15
ORD006141,2025-04-18 18:22:56,ST001,,In-store,Card,Completed,25.25,0.0,2.19,0.0,27.44
ORD006142,2025-04-05 02:27:19,ST003,CUST00421,Online,Card,Completed,34.25,0.38,0.67,3.49,38.03
ORD006143,2025-08-08 11:59:24,ST003,CUST00522,Online,Card,Completed,26.2,0.0,1.28,3.49,30.97
ORD006144,2025-09-09 14:26:56,ST004,CUST00152,In-store,Card,Completed,7.85,0.0,0.0,0.0,7.85
ORD006145,2025-11-17 23:46:31,ST005,CUST00233,In-store,Card,Completed,3.0,0.0,0.6,0.0,3.6
ORD006146,2025-03-03 03:23:18,ST002,,In-store,Cash,Completed,25.6,0.0,1.94,0.0,27.54
ORD006147,2025-05-15 23:03:21,ST003,,In-store,Cash,Completed,38.5,0.0,2.12,0.0,40.62
ORD006148,2025-10-09 04:09:29,ST006,CUST00254,In-store,Card,Completed,10.35,0.0,0.3,0.0,10.65
ORD006149,2025-07-10 00:50:14,ST005,CUST00033,In-store,Cash,Completed,80.9,4.06,2.8,0.0,79.64
ORD006150,2025-10-07 16:52:17,ST005,CUST00069,Online,Card,Completed,2.55,0.0,0.0,3.49,6.04
ORD006151,2025-01-23 14:47:05,ST005,CUST00552,In-store,Card,Completed,13.8,0.0,0.52,0.0,14.32
ORD006152,2025-04-27 21:19:55,ST001,,In-store,Card,Completed,24.1,0.0,3.64,0.0,27.74
ORD006153,2025-02-26 09:24:49,ST004,CUST00201,In-store,Cash,Completed,2.0,0.0,0.0,0.0,2.0
ORD006154,2025-11-12 20:51:03,ST004,CUST00323,In-store,Card,Completed,42.8,0.0,4.42,0.0,47.22
ORD006155,2025-05-15 16:53:30,ST007,CUST00272,Click & Collect,Card,Completed,1.8,0.0,0.36,0.0,2.16
ORD006156,2025-07-15 01:25:01,ST008,CUST00362,In-store,Card,Refunded,2.75,0.0,0.0,0.0,2.75
ORD006157,2025-05-15 08:56:12,ST003,CUST00518,In-store,Mobile Wallet,Completed,45.65,0.0,0.44,0.0,46.09
ORD006158,2025-10-08 00:00:21,ST007,CUST00251,Click & Collect,Mobile Wallet,Completed,54.4,0.0,1.72,0.0,56.12
ORD006159,2025-12-04 18:01:36,ST006,,In-store,Card,Completed,58.95,0.0,2.6,0.0,61.55
ORD006160,2025-12-04 12:48:16,ST007,CUST00069,In-store,Cash,Completed,23.2,0.0,3.24,0.0,26.44
ORD006161,2025-12-28 18:07:27,ST003,,In-store,Card,Completed,36.95,0.0,2.68,0.0,39.63
ORD006162,2025-05-28 07:56:33,ST001,CUST00742,Click & Collect,Mobile Wallet,Completed,10.7,0.0,0.54,0.0,11.24
ORD006163,2025-07-28 04:54:57,ST005,,In-store,Mobile Wallet,Completed,27.05,0.0,2.96,0.0,30.01
ORD006164,2025-05-25 04:40:15,ST004,CUST00119,In-store,Card,Completed,2.2,0.0,0.0,0.0,2.2
ORD006165,2025-11-15 05:35:25,ST003,CUST00438,Online,Card,Completed,31.0,0.0,1.16,3.49,35.65
ORD006166,2025-03-27 18:52:27,ST007,CUST00484,In-store,Cash,Completed,16.6,0.0,2.08,0.0,18.68
ORD006167,2025-01-07 12:51:06,ST001,CUST00292,In-store,Card,Completed,13.4,0.48,0.0,0.0,12.92
ORD006168,2025-06-08 21:36:28,ST002,,Online,Mobile Wallet,Completed,22.8,0.0,1.96,3.49,28.25
ORD006169,2025-05-05 05:25:26,ST007,,In-store,Cash,Completed,44.8,0.0,8.24,0.0,53.04
ORD006170,2025-09-16 02:44:21,ST001,,In-store,Card,Completed,22.75,0.0,2.15,0.0,24.9
ORD006171,2025-11-24 09:49:55,ST008,CUST00387,In-store,Cash,Completed,54.45,0.0,2.0,0.0,56.45
ORD006172,2025-08-05 11:20:52,ST001,,In-store,Card,Completed,31.8,0.0,0.96,0.0,32.76
ORD006173,2025-05-02 02:02:23,ST007,CUST00015,In-store,Card,Completed,16.2,0.0,2.64,0.0,18.84
ORD006174,2025-01-31 11:38:39,ST004,,Online,Gift Card,Completed,15.1,0.24,1.46,3.49,19.81
ORD006175,2025-05-19 20:42:03,ST007,CUST00645,In-store,Card,Completed,9.2,0.0,1.84,0.0,11.04
ORD006176,2025-07-22 16:30:01,ST002,CUST00710,In-store,Cash,Completed,48.0,0.0,4.2,0.0,52.2
ORD006177,2025-06-01 23:03:26,ST004,CUST00717,Click & Collect,Mobile Wallet,Completed,69.8,0.0,4.62,0.0,74.42
ORD006178,2025-05-05 23:17:26,ST008,CUST00241,Online,Mobile Wallet,Completed,29.2,0.0,0.0,3.49,32.69
ORD006179,2025-02-19 08:13:31,ST001,CUST00544,Click & Collect,Mobile Wallet,Completed,19.5,0.95,1.44,0.0,20.0
ORD006180,2025-04-03 22:19:03,ST008,CUST00703,Online,Card,Completed,12.5,0.0,0.88,3.49,16.87
ORD006181,2025-06-10 10:13:36,ST006,,Online,Card,Completed,23.9,0.0,1.32,3.49,28.71
ORD006182,2025-03-21 19:22:42,ST001,,In-store,Card,Completed,32.2,0.0,3.92,0.0,36.12
ORD006183,2025-09-14 01:16:44,ST001,CUST00077,In-store,Card,Completed,16.6,0.0,0.64,0.0,17.24
ORD006184,2025-11-09 22:57:18,ST007,CUST00539,In-store,Card,Completed,14.6,0.0,0.42,0.0,15.02
ORD006185,2025-12-11 18:23:39,ST004,CUST00303,Online,Card,Completed,10.2,0.0,0.36,3.49,14.05
ORD006186,2025-05-28 16:21:38,ST004,CUST00234,In-store,Card,Completed,15.35,0.0,2.52,0.0,17.87
ORD006187,2025-01-22 11:53:40,ST001,CUST00128,In-store,Card,Completed,21.9,0.32,0.0,0.0,21.58
ORD006188,2025-11-21 19:37:00,ST007,CUST00573,In-store,Card,Completed,36.5,0.0,1.26,0.0,37.76
ORD006189,2025-09-27 19:08:15,ST005,,In-store,Card,Completed,25.7,0.0,1.9,0.0,27.6
ORD006190,2025-08-16 11:05:12,ST002,CUST00675,In-store,Mobile Wallet,Completed,18.25,0.0,0.72,0.0,18.97
ORD006191,2025-07-06 10:30:25,ST002,CUST00089,In-store,Card,Completed,2.6,0.0,0.0,0.0,2.6
ORD006192,2025-03-05 01:05:44,ST003,CUST00629,In-store,Card,Completed,11.1,0.0,0.36,0.0,11.46
ORD006193,2025-10-18 19:57:30,ST001,CUST00160,In-store,Card,Completed,7.05,0.0,0.64,0.0,7.69
ORD006194,2025-11-26 05:49:15,ST008,,Online,Card,Completed,12.5,0.0,2.5,3.49,18.49
ORD006195,2025-03-13 19:15:04,ST002,CUST00757,In-store,Card,Completed,40.1,0.0,5.48,0.0,45.58
ORD006196,2025-06-30 11:22:21,ST004,CUST00521,Online,Card,Cancelled,10.2,0.0,0.88,3.49,0.0
ORD006197,2025-07-15 02:41:16,ST004,,Online,Cash,Completed,20.1,0.0,1.16,3.49,24.75
ORD006198,2025-02-16 12:03:49,ST008,CUST00475,In-store,Card,Completed,6.8,0.0,0.72,0.0,7.52
ORD006199,2025-11-16 20:40:36,ST004,,In-store,Card,Completed,3.2,0.0,0.0,0.0,3.2
ORD006200,2025-06-13 17:07:09,ST003,CUST00789,Click & Collect,Card,Refunded,27.15,0.0,3.12,0.0,30.27
ORD006201,2025-04-15 13:35:39,ST001,CUST00333,In-store,Mobile Wallet,Completed,33.65,0.0,1.8,0.0,35.45
ORD006202,2025-10-12 13:30:59,ST008,CUST00336,Click & Collect,Mobile Wallet,Completed,14.2,0.0,0.84,0.0,15.04
ORD006203,2025-11-19 10:09:31,ST004,CUST00014,Click & Collect,Card,Completed,27.35,0.0,4.28,0.0,31.63
ORD006204,2025-05-11 18:30:23,ST007,CUST00251,In-store,Cash,Completed,15.5,0.0,1.44,0.0,16.94
ORD006205,2025-05-18 15:43:45,ST005,CUST00672,In-store,Mobile Wallet,Completed,14.4,0.0,1.44,0.0,15.84
ORD006206,2025-10-05 09:17:00,ST004,CUST00545,In-store,Card,Completed,20.65,0.0,2.27,0.0,22.92
ORD006207,2025-04-12 21:59:20,ST004,,Online,Card,Completed,20.1,0.0,0.72,3.49,24.31
ORD006208,2025-02-02 00:09:06,ST007,,In-store,Card,Completed,20.0,0.0,3.2,0.0,23.2
ORD006209,2025-10-24 20:44:40,ST007,CUST00339,In-store,Card,Completed,28.4,0.0,0.0,0.0,28.4
ORD006210,2025-05-07 05:12:13,ST003,CUST00243,Online,Cash,Completed,18.0,0.0,0.88,3.49,22.37
ORD006211,2025-10-11 11:58:20,ST007,CUST00605,In-store,Cash,Completed,20.1,0.0,1.4,0.0,21.5
ORD006212,2025-08-11 14:20:47,ST002,CUST00419,In-store,Card,Completed,20.2,0.0,2.94,0.0,23.14
ORD006213,2025-12-21 07:03:53,ST002,CUST00692,In-store,Cash,Completed,28.2,0.0,0.34,0.0,28.54
ORD006214,2025-09-27 05:55:32,ST002,CUST00373,Online,Card,Completed,23.0,0.6,3.24,3.49,29.13
ORD006215,2025-09-23 03:16:09,ST003,,Click & Collect,Card,Completed,8.2,0.0,0.0,0.0,8.2
ORD006216,2025-08-21 15:08:00,ST003,CUST00181,In-store,Card,Completed,22.4,0.0,0.0,0.0,22.4
ORD006217,2025-08-09 13:03:19,ST002,CUST00781,In-store,Card,Completed,1.7,0.0,0.34,0.0,2.04
ORD006218,2025-04-15 03:02:49,ST006,CUST00573,In-store,Card,Completed,11.4,0.0,0.0,0.0,11.4
ORD006219,2025-04-25 09:04:03,ST008,CUST00054,Click & Collect,Mobile Wallet,Completed,54.4,0.0,2.56,0.0,56.96
ORD006220,2025-02-17 14:43:07,ST008,CUST00444,In-store,Card,Completed,0.75,0.0,0.0,0.0,0.75
ORD006221,2025-06-02 10:18:27,ST004,CUST00373,In-store,Card,Completed,25.4,1.2,1.04,0.0,25.24
ORD006222,2025-03-22 15:57:10,ST008,CUST00001,In-store,Card,Completed,2.25,0.0,0.3,0.0,2.55
ORD006223,2025-07-19 20:37:16,ST002,CUST00119,Online,Card,Completed,37.7,1.44,4.66,3.49,44.41
ORD006224,2025-12-09 08:51:35,ST001,CUST00091,Online,Card,Completed,70.25,0.0,5.2,0.0,75.45
ORD006225,2025-10-11 02:49:46,ST004,,Online,Cash,Completed,9.85,0.0,0.6,3.49,13.94
ORD006226,2025-06-11 07:04:02,ST005,CUST00787,In-store,Cash,Completed,65.5,1.66,6.78,0.0,70.62
ORD006227,2025-08-09 15:25:09,ST004,CUST00396,In-store,Cash,Completed,7.2,0.72,0.0,0.0,6.48
ORD006228,2025-02-14 22:42:02,ST001,CUST00315,Online,Card,Completed,47.8,0.0,2.55,0.0,50.35
ORD006229,2025-12-20 09:06:49,ST006,,In-store,Mobile Wallet,Completed,31.55,0.0,5.2,0.0,36.75
ORD006230,2025-02-17 19:04:03,ST005,CUST00148,Online,Cash,Completed,1.2,0.0,0.24,3.49,4.93
ORD006231,2025-12-22 03:59:22,ST006,CUST00145,In-store,Card,Completed,32.2,0.0,0.72,0.0,32.92
ORD006232,2025-08-11 23:51:36,ST007,CUST00671,In-store,Card,Completed,25.4,0.0,2.34,0.0,27.74
ORD006233,2025-10-11 03:35:31,ST005,CUST00252,In-store,Mobile Wallet,Completed,36.85,0.0,4.55,0.0,41.4
ORD006234,2025-03-27 16:10:45,ST003,CUST00312,Online,Card,Completed,37.5,0.0,0.0,3.49,40.99
ORD006235,2025-02-17 17:32:08,ST003,CUST00340,In-store,Card,Completed,27.45,0.0,3.02,0.0,30.47
ORD006236,2025-08-23 11:18:19,ST002,,In-store,Card,Completed,37.2,0.0,0.0,0.0,37.2
ORD006237,2025-02-14 00:10:37,ST005,CUST00137,In-store,Card,Completed,9.05,0.95,0.0,0.0,8.11
ORD006238,2025-02-11 21:27:36,ST005,CUST00613,In-store,Cash,Completed,21.2,0.0,1.16,0.0,22.36
ORD006239,2025-04-02 21:23:32,ST007,CUST00647,In-store,Card,Completed,23.15,1.25,1.15,0.0,23.05
ORD006240,2025-11-09 13:08:19,ST008,,In-store,Card,Completed,32.9,0.0,1.56,0.0,34.46
ORD006241,2025-11-01 00:51:33,ST004,CUST00731,Online,Card,Completed,24.9,0.0,2.16,3.49,30.55
ORD006242,2025-05-26 15:13:15,ST008,CUST00019,In-store,Card,Completed,46.0,0.0,4.36,0.0,50.36
ORD006243,2025-10-14 01:43:07,ST005,CUST00605,Online,Card,Completed,12.6,0.0,0.48,3.49,16.57
ORD006244,2025-07-18 15:10:12,ST004,CUST00671,In-store,Mobile Wallet,Completed,23.35,0.0,1.28,0.0,24.63
ORD006245,2025-08-26 14:10:18,ST002,,In-store,Card,Completed,2.2,0.0,0.0,0.0,2.2
ORD006246,2025-02-23 21:07:53,ST003,,In-store,Mobile Wallet,Completed,39.1,0.0,1.92,0.0,41.02
ORD006247,2025-02-15 21:07:43,ST005,CUST00128,In-store,Cash,Completed,17.5,0.0,1.98,0.0,19.48
ORD006248,2025-01-17 23:49:55,ST006,CUST00119,Online,Card,Completed,21.4,0.0,1.08,3.49,25.97
ORD006249,2025-06-03 19:38:32,ST007,,In-store,Mobile Wallet,Completed,34.9,0.0,2.38,0.0,37.28
ORD006250,2025-06-05 21:13:47,ST008,CUST00644,In-store,Card,Completed,12.85,0.0,1.72,0.0,14.57
ORD006251,2025-07-18 00:58:32,ST005,CUST00253,Online,Mobile Wallet,Completed,10.3,0.0,0.76,3.49,14.55
ORD006252,2025-08-20 16:55:21,ST005,,In-store,Card,Completed,4.2,0.0,0.84,0.0,5.04
ORD006253,2025-07-12 01:26:08,ST008,CUST00461,In-store,Card,Completed,2.4,0.0,0.0,0.0,2.4
ORD006254,2025-05-08 03:39:37,ST003,CUST00285,In-store,Card,Completed,18.85,0.0,1.68,0.0,20.53
ORD006255,2025-10-12 22:36:27,ST008,CUST00450,In-store,Mobile Wallet,Completed,10.9,0.0,1.8,0.0,12.7
ORD006256,2025-07-11 13:20:42,ST006,,In-store,Mobile Wallet,Completed,47.75,0.0,2.08,0.0,49.83
ORD006257,2025-12-14 21:00:19,ST006,CUST00214,In-store,Card,Completed,64.85,0.0,0.88,0.0,65.73
ORD006258,2025-08-07 23:19:36,ST007,CUST00356,Online,Card,Completed,34.6,0.0,3.72,3.49,41.81
ORD006259,2025-05-04 08:40:05,ST008,,In-store,Card,Completed,22.8,0.0,0.0,0.0,22.8
ORD006260,2025-11-11 18:02:02,ST001,,Online,Card,Completed,35.75,0.0,4.52,3.49,43.76
ORD006261,2025-09-25 02:44:12,ST005,CUST00567,In-store,Card,Completed,1.3,0.0,0.0,0.0,1.3
ORD006262,2025-09-15 15:45:46,ST005,CUST00677,In-store,Card,Completed,10.8,0.0,1.7,0.0,12.5
ORD006263,2025-03-07 11:07:06,ST008,,In-store,Card,Completed,50.85,0.0,0.0,0.0,50.85
ORD006264,2025-05-07 06:21:41,ST007,CUST00470,Online,Mobile Wallet,Completed,31.1,0.0,2.28,3.49,36.87
ORD006265,2025-09-08 09:09:54,ST008,,Online,Card,Completed,36.9,0.6,1.76,3.49,41.55
ORD006266,2025-11-20 07:53:57,ST002,,In-store,Cash,Completed,10.1,0.0,1.56,0.0,11.66
ORD006267,2025-04-26 00:19:39,ST005,CUST00135,In-store,Cash,Completed,11.0,0.0,0.76,0.0,11.76
ORD006268,2025-07-28 05:19:23,ST006,CUST00164,In-store,Mobile Wallet,Completed,45.75,0.46,5.0,0.0,50.29
ORD006269,2025-04-23 08:44:54,ST004,CUST00468,In-store,Card,Completed,30.55,0.0,0.36,0.0,30.91
ORD006270,2025-02-07 08:25:40,ST004,CUST00124,In-store,Card,Completed,26.4,0.32,1.34,0.0,27.42
ORD006271,2025-05-07 03:07:07,ST006,CUST00476,Click & Collect,Card,Completed,31.0,0.0,3.22,0.0,34.22
ORD006272,2025-07-11 06:32:48,ST008,,Online,Cash,Refunded,2.6,0.0,0.52,3.49,6.61
ORD006273,2025-11-19 19:39:29,ST003,CUST00568,Online,Card,Completed,9.6,0.0,0.78,3.49,13.87
ORD006274,2025-12-29 11:07:20,ST008,CUST00229,Online,Mobile Wallet,Completed,41.7,0.0,5.32,0.0,47.02
ORD006275,2025-06-29 02:16:22,ST002,,In-store,Mobile Wallet,Completed,52.9,3.72,1.28,0.0,50.46
ORD006276,2025-11-07 02:52:33,ST002,CUST00762,In-store,Card,Completed,13.6,0.0,0.72,0.0,14.32
ORD006277,2025-05-02 12:30:19,ST008,CUST00531,In-store,Card,Completed,11.7,0.0,0.0,0.0,11.7
ORD006278,2025-10-09 11:42:03,ST006,CUST00216,In-store,Card,Completed,37.7,0.0,0.24,0.0,37.94
ORD006279,2025-07-08 16:53:58,ST002,CUST00345,Online,Card,Completed,3.6,0.0,0.0,3.49,7.09
ORD006280,2025-06-20 15:29:41,ST005,CUST00458,In-store,Card,Completed,2.2,0.0,0.0,0.0,2.2
ORD006281,2025-05-22 01:30:13,ST005,,In-store,Card,Completed,6.4,0.0,0.0,0.0,6.4
ORD006282,2025-10-19 22:11:21,ST003,CUST00124,In-store,Card,Completed,59.75,0.0,3.84,0.0,63.59
ORD006283,2025-11-21 02:50:10,ST008,CUST00199,In-store,Cash,Completed,43.1,0.0,0.38,0.0,43.48
ORD006284,2025-05-28 21:17:06,ST007,CUST00555,In-store,Card,Refunded,48.05,0.0,1.18,0.0,49.23
ORD006285,2025-09-01 22:01:29,ST005,CUST00103,In-store,Card,Completed,9.2,0.0,0.0,0.0,9.2
ORD006286,2025-03-27 22:02:55,ST007,CUST00790,In-store,Cash,Completed,36.4,0.0,0.64,0.0,37.04
ORD006287,2025-12-01 16:15:10,ST007,CUST00236,Click & Collect,Card,Completed,7.6,0.0,0.0,0.0,7.6
ORD006288,2025-03-16 05:45:10,ST003,CUST00144,In-store,Card,Completed,41.4,0.0,1.68,0.0,43.08
ORD006289,2025-03-19 19:13:24,ST001,CUST00660,Online,Mobile Wallet,Completed,9.6,0.0,1.44,3.49,14.53
ORD006290,2025-07-24 21:35:34,ST006,CUST00132,In-store,Card,Completed,15.75,0.0,0.0,0.0,15.75
ORD006291,2025-09-21 03:11:35,ST004,,In-store,Gift Card,Completed,15.7,0.0,1.04,0.0,16.74
ORD006292,2025-08-07 13:18:24,ST006,CUST00080,In-store,Card,Completed,3.8,0.0,0.0,0.0,3.8
ORD006293,2025-10-25 05:29:38,ST007,CUST00688,In-store,Card,Completed,1.9,0.0,0.0,0.0,1.9
ORD006294,2025-06-29 18:13:33,ST003,CUST00473,In-store,Card,Completed,26.5,0.62,2.04,0.0,27.92
ORD006295,2025-01-27 15:03:03,ST004,CUST00281,In-store,Card,Refunded,17.4,0.0,2.0,0.0,19.4
ORD006296,2025-06-03 07:53:53,ST001,,In-store,Card,Completed,11.6,0.0,2.0,0.0,13.6
ORD006297,2025-02-26 08:44:01,ST002,CUST00273,Click & Collect,Cash,Completed,39.1,0.33,2.98,0.0,41.75
ORD006298,2025-08-04 14:08:02,ST005,CUST00602,In-store,Mobile Wallet,Completed,14.65,0.0,1.34,0.0,15.99
ORD006299,2025-01-02 00:05:43,ST007,CUST00542,In-store,Card,Completed,28.05,0.0,4.05,0.0,32.1
ORD006300,2025-07-09 20:23:36,ST007,CUST00082,Click & Collect,Mobile Wallet,Completed,23.0,0.0,0.76,0.0,23.76
ORD006301,2025-07-20 18:27:23,ST005,CUST00688,Online,Mobile Wallet,Completed,58.9,2.16,0.88,0.0,57.62
ORD006302,2025-04-14 00:59:03,ST001,CUST00718,In-store,Card,Completed,69.75,0.0,2.48,0.0,72.23
ORD006303,2025-05-15 01:01:59,ST001,CUST00681,In-store,Card,Completed,22.4,0.0,1.28,0.0,23.68
ORD006304,2025-04-24 18:42:22,ST004,CUST00423,In-store,Card,Completed,14.4,0.0,2.88,0.0,17.28
ORD006305,2025-04-30 10:52:43,ST005,CUST00790,Online,Mobile Wallet,Completed,18.3,0.0,2.54,3.49,24.33
ORD006306,2025-03-17 16:10:54,ST004,,In-store,Card,Completed,45.75,0.0,1.58,0.0,47.33
ORD006307,2025-02-16 18:28:54,ST001,CUST00460,In-store,Card,Completed,24.5,0.54,1.98,0.0,25.94
ORD006308,2025-03-03 16:26:55,ST007,CUST00228,In-store,Card,Completed,5.5,0.0,0.0,0.0,5.5
ORD006309,2025-12-01 18:51:52,ST001,CUST00144,Online,Mobile Wallet,Completed,15.4,0.0,1.92,3.49,20.81
ORD006310,2025-06-26 02:30:09,ST008,CUST00241,In-store,Card,Completed,29.5,0.0,4.21,0.0,33.71
ORD006311,2025-05-18 07:33:22,ST006,,In-store,Card,Completed,0.85,0.0,0.0,0.0,0.85
ORD006312,2025-07-22 17:04:55,ST004,,Online,Gift Card,Completed,2.6,0.0,0.0,3.49,6.09
ORD006313,2025-02-10 11:04:43,ST007,CUST00222,In-store,Mobile Wallet,Completed,14.6,0.0,0.0,0.0,14.6
ORD006314,2025-11-07 02:33:53,ST004,,In-store,Card,Completed,23.5,0.0,0.36,0.0,23.86
ORD006315,2025-11-19 09:14:48,ST008,CUST00646,In-store,Cash,Completed,40.85,0.0,5.28,0.0,46.13
ORD006316,2025-08-02 09:49:09,ST002,CUST00035,Online,Cash,Completed,7.2,0.0,0.0,3.49,10.69
ORD006317,2025-09-11 09:46:33,ST004,,In-store,Card,Completed,22.4,0.6,1.24,0.0,23.04
ORD006318,2025-02-28 06:36:13,ST008,CUST00747,In-store,Mobile Wallet,Completed,18.0,0.0,3.2,0.0,21.2
ORD006319,2025-09-07 14:12:19,ST003,CUST00432,In-store,Card,Completed,10.45,0.3,1.06,0.0,11.21
ORD006320,2025-08-04 00:13:00,ST002,CUST00719,In-store,Card,Completed,32.1,0.23,3.9,0.0,35.77
ORD006321,2025-12-13 09:15:34,ST003,CUST00368,Online,Card,Completed,6.15,0.0,1.08,3.49,10.72
ORD006322,2025-09-04 16:53:28,ST001,CUST00457,In-store,Card,Completed,36.65,0.0,0.44,0.0,37.09
ORD006323,2025-05-02 00:20:23,ST005,CUST00601,In-store,Card,Completed,18.95,0.0,1.41,0.0,20.36
ORD006324,2025-07-23 22:16:35,ST001,CUST00171,Online,Card,Completed,28.65,0.0,2.37,3.49,34.51
ORD006325,2025-05-16 04:49:33,ST005,CUST00627,In-store,Card,Completed,23.35,0.0,1.06,0.0,24.41
ORD006326,2025-10-21 04:21:58,ST004,CUST00220,In-store,Card,Completed,62.1,0.0,3.82,0.0,65.92
ORD006327,2025-12-18 13:26:37,ST001,CUST00407,In-store,Card,Refunded,10.4,0.0,1.2,0.0,11.6
ORD006328,2025-08-14 07:49:37,ST005,CUST00083,In-store,Card,Completed,6.35,0.0,0.0,0.0,6.35
ORD006329,2025-03-02 21:44:31,ST002,,In-store,Cash,Completed,17.4,0.0,1.08,0.0,18.48
ORD006330,2025-04-25 21:26:59,ST007,CUST00011,In-store,Card,Completed,3.0,0.0,0.0,0.0,3.0
ORD006331,2025-12-22 03:46:59,ST005,CUST00001,In-store,Card,Completed,29.45,0.15,4.29,0.0,33.59
ORD006332,2025-02-12 13:26:56,ST008,CUST00126,In-store,Mobile Wallet,Completed,14.9,0.0,0.52,0.0,15.42
ORD006333,2025-09-25 11:50:00,ST008,CUST00272,Online,Card,Completed,2.1,0.3,0.36,3.49,5.65
ORD006334,2025-05-08 13:17:23,ST007,,In-store,Mobile Wallet,Completed,52.7,0.0,9.29,0.0,61.99
ORD006335,2025-08-19 01:27:38,ST002,CUST00295,In-store,Card,Completed,30.75,0.0,2.3,0.0,33.05
ORD006336,2025-08-08 12:07:11,ST006,,In-store,Mobile Wallet,Completed,22.0,0.0,1.24,0.0,23.24
ORD006337,2025-09-22 01:15:50,ST007,CUST00402,In-store,Card,Completed,12.1,0.0,0.9,0.0,13.0
ORD006338,2025-12-18 21:26:23,ST006,CUST00699,In-store,Card,Completed,19.6,0.0,1.44,0.0,21.04
ORD006339,2025-10-27 13:44:45,ST002,CUST00629,In-store,Card,Completed,4.0,0.0,0.8,0.0,4.8
ORD006340,2025-05-31 20:58:43,ST002,CUST00565,In-store,Card,Completed,73.95,0.0,11.64,0.0,85.59
ORD006341,2025-01-09 03:46:56,ST007,CUST00142,In-store,Cash,Completed,44.8,0.0,2.52,0.0,47.32
ORD006342,2025-12-16 11:18:30,ST007,CUST00286,In-store,Mobile Wallet,Completed,10.5,0.0,0.76,0.0,11.26
ORD006343,2025-05-13 11:14:52,ST003,CUST00255,In-store,Card,Completed,14.8,0.0,0.0,0.0,14.8
ORD006344,2025-07-09 23:18:20,ST004,CUST00628,In-store,Card,Completed,15.1,0.0,0.56,0.0,15.66
ORD006345,2025-12-13 20:24:33,ST006,CUST00554,In-store,Card,Completed,5.95,0.0,0.0,0.0,5.95
ORD006346,2025-09-22 03:33:08,ST003,CUST00357,Online,Card,Completed,13.5,0.0,1.68,3.49,18.67
ORD006347,2025-12-20 07:34:31,ST006,CUST00717,In-store,Cash,Completed,33.3,0.0,1.36,0.0,34.66
ORD006348,2025-10-23 07:26:58,ST006,CUST00180,In-store,Mobile Wallet,Completed,13.0,0.0,2.6,0.0,15.6
ORD006349,2025-07-29 00:00:04,ST001,CUST00299,Online,Card,Completed,37.2,3.72,0.0,3.49,36.97
ORD006350,2025-06-15 21:53:38,ST002,CUST00320,Online,Cash,Completed,11.0,0.0,0.0,3.49,14.49
ORD006351,2025-11-23 11:33:36,ST004,CUST00768,In-store,Card,Completed,42.8,0.0,4.78,0.0,47.58
ORD006352,2025-03-27 08:36:31,ST001,,In-store,Card,Completed,71.0,0.0,4.84,0.0,75.84
ORD006353,2025-09-25 18:57:59,ST003,,In-store,Cash,Completed,45.75,0.0,2.91,0.0,48.66
ORD006354,2025-07-29 19:40:58,ST007,CUST00641,In-store,Mobile Wallet,Completed,13.15,0.0,1.78,0.0,14.93
ORD006355,2025-04-02 09:54:14,ST002,,In-store,Card,Completed,11.2,0.0,2.24,0.0,13.44
ORD006356,2025-04-27 12:04:27,ST004,CUST00466,Online,Card,Completed,44.8,0.0,1.56,0.0,46.36
ORD006357,2025-08-17 04:39:04,ST008,CUST00325,In-store,Card,Completed,51.1,0.72,2.88,0.0,53.26
ORD006358,2025-02-24 19:12:46,ST006,CUST00154,Online,Mobile Wallet,Completed,6.5,0.0,1.3,3.49,11.29
ORD006359,2025-08-08 01:22:53,ST006,,In-store,Card,Completed,38.4,0.0,2.04,0.0,40.44
ORD006360,2025-12-27 13:35:54,ST008,CUST00058,In-store,Card,Completed,34.8,0.0,0.72,0.0,35.52
ORD006361,2025-06-16 11:38:02,ST002,CUST00367,In-store,Card,Completed,45.6,2.46,0.96,0.0,44.1
ORD006362,2025-06-13 05:57:20,ST001,CUST00183,In-store,Card,Completed,19.3,0.6,1.68,0.0,20.38
ORD006363,2025-03-09 20:08:48,ST005,CUST00181,In-store,Card,Completed,8.65,0.0,0.3,0.0,8.95
ORD006364,2025-06-16 21:29:55,ST002,CUST00028,In-store,Card,Completed,11.2,0.48,1.28,0.0,12.0
ORD006365,2025-11-08 22:33:04,ST001,,In-store,Card,Completed,11.65,0.0,0.74,0.0,12.39
ORD006366,2025-10-13 15:37:32,ST006,,In-store,Mobile Wallet,Completed,3.0,0.0,0.6,0.0,3.6
ORD006367,2025-12-03 05:29:56,ST006,CUST00177,Online,Card,Completed,8.2,0.0,0.0,3.49,11.69
ORD006368,2025-10-29 23:36:34,ST003,CUST00019,In-store,Card,Completed,15.75,0.0,2.04,0.0,17.79
ORD006369,2025-08-30 06:21:47,ST005,CUST00233,Online,Card,Completed,62.7,0.0,1.28,0.0,63.98
ORD006370,2025-06-03 21:35:06,ST002,,Click & Collect,Card,Completed,40.1,0.48,1.16,0.0,40.78
ORD006371,2025-02-27 07:57:29,ST003,CUST00415,Online,Card,Completed,4.85,0.0,0.37,3.49,8.71
ORD006372,2025-11-20 22:40:28,ST004,CUST00382,In-store,Gift Card,Completed,14.4,0.0,0.3,0.0,14.7
ORD006373,2025-11-03 17:44:21,ST003,CUST00484,Click & Collect,Cash,Completed,19.8,0.0,0.0,0.0,19.8
ORD006374,2025-04-08 10:21:48,ST005,CUST00749,Online,Cash,Completed,12.8,0.0,0.0,3.49,16.29
ORD006375,2025-10-01 04:57:58,ST004,CUST00761,Online,Mobile Wallet,Completed,0.9,0.0,0.18,3.49,4.57
ORD006376,2025-06-17 13:54:50,ST006,,Online,Card,Completed,23.5,0.72,1.26,3.49,27.53
ORD006377,2025-02-08 10:45:14,ST003,CUST00094,Online,Card,Completed,15.1,0.3,2.62,3.49,20.91
ORD006378,2025-05-10 22:02:54,ST005,CUST00030,Online,Card,Completed,9.05,0.0,0.52,3.49,13.06
ORD006379,2025-06-07 15:53:46,ST001,CUST00767,Click & Collect,Gift Card,Completed,82.6,2.48,10.52,0.0,90.64
ORD006380,2025-12-19 09:47:29,ST007,CUST00164,In-store,Card,Completed,10.5,0.0,0.0,0.0,10.5
ORD006381,2025-11-20 06:21:35,ST004,CUST00682,In-store,Card,Completed,26.3,0.0,2.64,0.0,28.94
ORD006382,2025-04-04 01:43:04,ST006,CUST00342,In-store,Card,Completed,15.2,0.0,0.0,0.0,15.2
ORD006383,2025-11-13 11:44:19,ST001,,Online,Card,Completed,22.3,0.0,1.54,3.49,27.33
ORD006384,2025-01-13 13:51:27,ST006,CUST00403,Online,Card,Completed,10.1,0.0,1.2,3.49,14.79
ORD006385,2025-02-24 06:13:00,ST002,CUST00428,In-store,Card,Completed,33.4,0.0,1.44,0.0,34.84
ORD006386,2025-08-08 08:09:58,ST007,CUST00413,In-store,Card,Completed,21.1,0.0,1.42,0.0,22.52
ORD006387,2025-02-19 01:16:46,ST001,CUST00717,In-store,Card,Completed,30.15,0.9,2.51,0.0,31.76
ORD006388,2025-03-22 09:57:07,ST006,CUST00031,In-store,Cash,Completed,15.4,0.0,1.32,0.0,16.72
ORD006389,2025-11-15 01:28:18,ST003,CUST00120,In-store,Card,Completed,24.05,0.0,1.81,0.0,25.86
ORD006390,2025-08-23 22:08:36,ST007,,In-store,Card,Completed,14.1,0.0,1.1,0.0,15.2
ORD006391,2025-05-11 22:17:01,ST004,CUST00050,Click & Collect,Cash,Completed,62.65,0.0,5.2,0.0,67.85
ORD006392,2025-07-29 15:06:19,ST004,CUST00769,In-store,Mobile Wallet,Completed,17.1,0.0,1.5,0.0,18.6
ORD006393,2025-05-23 19:28:34,ST005,CUST00394,In-store,Card,Completed,45.9,0.0,3.04,0.0,48.94
ORD006394,2025-05-04 07:23:55,ST001,,Online,Gift Card,Completed,19.0,0.0,0.88,3.49,23.37
ORD006395,2025-08-08 05:58:23,ST008,CUST00772,Online,Card,Completed,5.15,0.0,0.0,3.49,8.64
ORD006396,2025-03-03 06:47:35,ST004,CUST00798,In-store,Card,Completed,34.0,0.0,2.4,0.0,36.4
ORD006397,2025-12-07 02:37:48,ST003,CUST00349,In-store,Card,Completed,16.55,0.44,1.66,0.0,17.77
ORD006398,2025-10-19 18:20:38,ST006,CUST00010,In-store,Card,Completed,6.8,0.0,0.0,0.0,6.8
ORD006399,2025-01-11 04:14:13,ST007,CUST00382,Click & Collect,Gift Card,Completed,44.6,0.92,4.98,0.0,48.66
ORD006400,2025-05-15 01:17:29,ST007,CUST00710,In-store,Cash,Completed,23.2,0.0,0.66,0.0,23.86
ORD006401,2025-08-21 03:35:26,ST003,CUST00430,In-store,Card,Completed,34.25,0.0,3.08,0.0,37.33
ORD006402,2025-03-10 02:44:20,ST002,CUST00630,In-store,Card,Completed,42.1,0.0,2.08,0.0,44.18
ORD006403,2025-10-27 13:27:28,ST008,,In-store,Card,Refunded,11.8,0.0,0.0,0.0,11.8
ORD006404,2025-01-14 01:01:26,ST005,CUST00607,Click & Collect,Card,Completed,50.15,0.0,0.37,0.0,50.52
ORD006405,2025-03-20 17:12:45,ST005,CUST00421,In-store,Mobile Wallet,Completed,45.6,0.0,8.46,0.0,54.06
ORD006406,2025-05-17 16:28:16,ST002,CUST00778,In-store,Card,Completed,44.95,0.0,4.18,0.0,49.13
ORD006407,2025-07-25 04:10:40,ST002,CUST00070,In-store,Card,Completed,40.55,0.23,3.0,0.0,43.32
ORD006408,2025-05-24 01:33:48,ST008,CUST00147,In-store,Card,Completed,7.8,0.0,0.0,0.0,7.8
ORD006409,2025-06-15 00:30:44,ST002,CUST00551,Click & Collect,Card,Completed,23.0,0.0,0.9,0.0,23.9
ORD006410,2025-01-09 17:50:21,ST004,,Click & Collect,Mobile Wallet,Completed,28.5,0.0,3.64,0.0,32.14
ORD006411,2025-05-04 07:54:06,ST001,,In-store,Card,Completed,45.25,0.0,3.22,0.0,48.47
ORD006412,2025-12-18 04:12:37,ST001,CUST00674,In-store,Card,Completed,22.8,0.48,1.74,0.0,24.06
ORD006413,2025-07-27 05:56:16,ST007,CUST00270,Online,Cash,Completed,32.3,0.0,5.36,3.49,41.15
ORD006414,2025-04-15 10:11:30,ST001,CUST00392,Online,Mobile Wallet,Completed,61.15,0.62,1.92,0.0,62.45
ORD006415,2025-10-07 21:02:27,ST002,CUST00473,In-store,Cash,Completed,1.85,0.0,0.37,0.0,2.22
ORD006416,2025-04-19 13:08:28,ST001,CUST00438,In-store,Card,Completed,3.4,0.0,0.0,0.0,3.4
ORD006417,2025-02-16 18:37:20,ST001,CUST00435,Online,Card,Completed,8.65,0.0,1.3,3.49,13.44
ORD006418,2025-08-11 15:20:19,ST004,CUST00313,Online,Card,Completed,22.6,0.0,1.2,3.49,27.29
ORD006419,2025-03-16 01:22:01,ST003,CUST00709,In-store,Card,Completed,36.0,0.0,2.91,0.0,38.91
ORD006420,2025-08-19 16:36:19,ST001,CUST00364,In-store,Card,Completed,16.0,0.0,2.72,0.0,18.72
ORD006421,2025-11-09 18:11:05,ST006,,In-store,Card,Completed,27.5,0.0,4.26,0.0,31.76
ORD006422,2025-07-11 23:00:10,ST003,CUST00476,In-store,Card,Completed,1.8,0.0,0.36,0.0,2.16
ORD006423,2025-10-09 16:36:44,ST008,,In-store,Card,Completed,16.65,0.0,0.8,0.0,17.45
ORD006424,2025-07-19 16:39:08,ST004,CUST00064,In-store,Card,Completed,9.6,0.0,1.92,0.0,11.52
ORD006425,2025-01-02 02:53:22,ST003,CUST00555,Online,Card,Completed,16.15,0.0,2.04,3.49,21.68
ORD006426,2025-12-20 14:40:14,ST001,CUST00396,In-store,Card,Completed,28.3,0.0,2.76,0.0,31.06
ORD006427,2025-06-26 17:01:49,ST006,,In-store,Card,Completed,3.9,0.0,0.18,0.0,4.08
ORD006428,2025-11-22 09:49:43,ST006,CUST00611,In-store,Cash,Completed,23.2,0.0,4.49,0.0,27.69
ORD006429,2025-06-28 10:53:44,ST008,CUST00187,In-store,Card,Completed,16.0,0.0,0.6,0.0,16.6
ORD006430,2025-11-02 10:13:57,ST006,,Click & Collect,Mobile Wallet,Completed,1.7,0.0,0.34,0.0,2.04
ORD006431,2025-09-07 14:19:12,ST008,,In-store,Mobile Wallet,Completed,4.4,0.0,0.0,0.0,4.4
ORD006432,2025-07-16 16:42:55,ST005,CUST00621,In-store,Card,Cancelled,9.7,0.0,0.0,0.0,0.0
ORD006433,2025-05-27 12:20:57,ST002,CUST00005,Online,Gift Card,Completed,6.9,0.0,0.0,3.49,10.39
ORD006434,2025-07-21 22:03:42,ST002,CUST00330,In-store,Card,Completed,50.3,0.0,7.24,0.0,57.54
ORD006435,2025-03-22 01:32:55,ST005,CUST00547,In-store,Card,Completed,22.35,0.0,1.28,0.0,23.63
ORD006436,2025-02-10 00:33:27,ST001,CUST00753,Online,Card,Completed,37.6,0.0,1.5,3.49,42.59
ORD006437,2025-02-21 22:32:49,ST003,CUST00764,In-store,Card,Completed,10.55,0.0,1.56,0.0,12.11
ORD006438,2025-04-08 10:15:29,ST006,CUST00070,In-store,Card,Completed,16.3,0.85,1.32,0.0,16.77
ORD006439,2025-06-16 02:31:34,ST008,CUST00199,In-store,Card,Completed,24.55,0.0,0.78,0.0,25.33
ORD006440,2025-09-04 13:38:20,ST003,CUST00567,In-store,Card,Completed,25.2,0.0,1.76,0.0,26.96
ORD006441,2025-12-20 07:33:33,ST007,,In-store,Card,Refunded,27.4,0.77,4.15,0.0,30.78
ORD006442,2025-01-20 11:54:25,ST006,,In-store,Card,Completed,29.6,0.0,4.32,0.0,33.92
ORD006443,2025-06-17 10:47:16,ST002,CUST00542,In-store,Card,Completed,18.1,0.0,2.6,0.0,20.7
ORD006444,2025-07-21 04:20:31,ST006,CUST00472,Online,Card,Completed,18.0,0.0,0.0,3.49,21.49
ORD006445,2025-07-13 03:28:05,ST006,CUST00394,In-store,Card,Completed,4.8,0.0,0.0,0.0,4.8
ORD006446,2025-02-11 05:18:54,ST008,,In-store,Card,Completed,62.4,0.0,2.16,0.0,64.56
ORD006447,2025-06-07 21:32:57,ST005,CUST00401,In-store,Card,Completed,11.9,0.0,1.92,0.0,13.82
ORD006448,2025-10-20 10:39:12,ST005,CUST00491,In-store,Card,Completed,31.75,0.0,0.94,0.0,32.69
ORD006449,2025-03-11 01:21:39,ST007,,In-store,Mobile Wallet,Completed,42.5,0.0,3.84,0.0,46.34
ORD006450,2025-02-02 14:25:49,ST002,CUST00796,In-store,Card,Completed,25.8,0.17,0.84,0.0,26.47
ORD006451,2025-01-30 16:26:16,ST003,CUST00712,Online,Cash,Completed,35.0,0.12,5.48,3.49,43.85
ORD006452,2025-01-14 07:56:50,ST007,CUST00716,In-store,Card,Completed,24.5,0.0,0.36,0.0,24.86
ORD006453,2025-04-21 04:12:31,ST004,CUST00769,Online,Card,Completed,48.05,0.0,0.64,0.0,48.69
ORD006454,2025-03-24 09:15:24,ST006,,Online,Card,Completed,19.4,0.0,0.36,3.49,23.25
ORD006455,2025-08-09 05:01:18,ST004,CUST00650,In-store,Cash,Completed,3.2,0.0,0.4,0.0,3.6
ORD006456,2025-01-14 06:34:43,ST002,,In-store,Cash,Completed,30.85,0.0,0.37,0.0,31.22
ORD006457,2025-07-22 15:33:15,ST007,CUST00517,In-store,Cash,Completed,27.75,0.0,2.6,0.0,30.35
ORD006458,2025-05-01 16:30:10,ST001,CUST00735,In-store,Card,Completed,7.1,0.0,0.72,0.0,7.82
ORD006459,2025-12-10 05:38:36,ST003,CUST00036,In-store,Card,Completed,18.3,0.77,2.07,0.0,19.6
ORD006460,2025-07-29 16:47:52,ST005,CUST00071,In-store,Card,Completed,17.0,0.0,2.44,0.0,19.44
ORD006461,2025-06-04 00:08:21,ST002,,Online,Card,Completed,39.8,0.0,6.04,3.49,49.33
ORD006462,2025-07-21 22:00:15,ST008,CUST00662,In-store,Card,Cancelled,17.45,0.0,1.82,0.0,0.0
ORD006463,2025-10-15 03:34:14,ST007,,Online,Cash,Completed,29.75,0.0,1.8,3.49,35.04
ORD006464,2025-05-20 04:56:38,ST005,CUST00265,In-store,Card,Completed,23.3,0.0,3.85,0.0,27.15
ORD006465,2025-12-01 05:48:51,ST002,CUST00070,In-store,Card,Refunded,16.1,0.0,0.0,0.0,16.1
ORD006466,2025-01-15 11:05:20,ST003,,In-store,Card,Completed,14.4,0.0,0.0,0.0,14.4
ORD006467,2025-02-04 04:10:04,ST001,CUST00122,Online,Card,Completed,18.6,0.67,0.52,3.49,21.94
ORD006468,2025-12-06 12:56:30,ST007,CUST00550,Online,Mobile Wallet,Completed,10.55,0.0,0.4,3.49,14.44
ORD006469,2025-01-29 18:07:40,ST001,,In-store,Cash,Completed,15.2,0.0,0.0,0.0,15.2
ORD006470,2025-01-05 17:08:23,ST005,CUST00474,In-store,Card,Completed,21.55,0.0,1.98,0.0,23.53
ORD006471,2025-07-04 17:43:31,ST003,,In-store,Mobile Wallet,Completed,17.2,0.0,1.4,0.0,18.6
ORD006472,2025-02-25 13:50:01,ST005,CUST00449,In-store,Card,Completed,18.35,0.0,0.0,0.0,18.35
ORD006473,2025-12-25 01:06:31,ST007,CUST00531,In-store,Card,Completed,22.6,0.0,0.3,0.0,22.9
ORD006474,2025-03-01 02:04:23,ST006,CUST00025,Online,Card,Completed,12.1,0.0,2.0,3.49,17.59
ORD006475,2025-07-31 14:50:04,ST004,CUST00580,In-store,Card,Completed,39.85,0.0,3.73,0.0,43.58
ORD006476,2025-08-09 03:45:24,ST003,CUST00324,Online,Card,Completed,20.4,0.0,1.24,3.49,25.13
ORD006477,2025-03-05 03:46:40,ST002,,In-store,Mobile Wallet,Completed,18.4,0.0,1.9,0.0,20.3
ORD006478,2025-04-03 23:03:54,ST004,CUST00110,Click & Collect,Mobile Wallet,Completed,28.85,0.29,1.96,0.0,30.52
ORD006479,2025-02-24 05:37:10,ST008,CUST00516,Online,Card,Completed,34.0,0.0,2.8,3.49,40.29
ORD006480,2025-04-08 02:37:13,ST006,CUST00709,In-store,Card,Completed,41.1,0.0,3.12,0.0,44.22
ORD006481,2025-04-01 22:16:16,ST001,CUST00565,In-store,Card,Completed,4.6,0.0,0.0,0.0,4.6
ORD006482,2025-01-07 09:14:11,ST006,CUST00726,Click & Collect,Mobile Wallet,Completed,1.1,0.0,0.0,0.0,1.1
ORD006483,2025-08-07 01:34:16,ST001,CUST00628,In-store,Card,Completed,35.0,0.92,2.22,0.0,36.3
ORD006484,2025-09-06 01:21:11,ST008,CUST00183,In-store,Card,Completed,10.2,0.0,0.0,0.0,10.2
ORD006485,2025-08-11 22:45:34,ST002,CUST00162,In-store,Cash,Completed,16.6,0.0,0.8,0.0,17.4
ORD006486,2025-07-19 11:55:09,ST003,,In-store,Card,Completed,45.15,0.0,3.2,0.0,48.35
ORD006487,2025-09-26 22:36:50,ST008,CUST00510,In-store,Card,Completed,26.0,1.2,0.72,0.0,25.52
ORD006488,2025-11-06 16:01:05,ST004,,Click & Collect,Cash,Completed,3.2,0.0,0.0,0.0,3.2
ORD006489,2025-04-20 10:01:49,ST003,CUST00386,Click & Collect,Cash,Completed,27.5,0.0,1.3,0.0,28.8
ORD006490,2025-01-05 11:35:19,ST003,CUST00394,In-store,Cash,Completed,21.55,0.24,0.71,0.0,22.02
ORD006491,2025-07-29 01:02:07,ST004,CUST00037,In-store,Card,Completed,44.05,0.0,1.68,0.0,45.73
ORD006492,2025-07-27 05:37:18,ST003,CUST00616,In-store,Card,Completed,25.4,0.0,0.44,0.0,25.84
ORD006493,2025-08-24 09:42:12,ST001,CUST00745,In-store,Card,Completed,19.1,1.2,0.3,0.0,18.2
ORD006494,2025-02-19 02:35:19,ST001,,In-store,Card,Completed,11.4,0.0,1.04,0.0,12.44
ORD006495,2025-12-27 11:13:58,ST006,,In-store,Mobile Wallet,Completed,59.65,0.0,8.64,0.0,68.29
ORD006496,2025-07-11 02:12:13,ST004,CUST00518,In-store,Card,Completed,7.6,0.0,0.0,0.0,7.6
ORD006497,2025-02-23 10:30:07,ST001,,In-store,Card,Completed,14.0,0.0,0.0,0.0,14.0
ORD006498,2025-08-25 05:54:21,ST004,,In-store,Card,Completed,35.7,0.0,6.76,0.0,42.46
ORD006499,2025-09-03 08:01:44,ST007,,In-store,Card,Completed,46.5,0.0,1.66,0.0,48.16
ORD006500,2025-01-06 00:38:28,ST007,CUST00588,In-store,Card,Completed,85.2,0.0,7.76,0.0,92.96
ORD006501,2025-01-27 06:58:40,ST008,CUST00434,In-store,Card,Completed,18.65,0.0,3.56,0.0,22.21
ORD006502,2025-03-04 19:57:27,ST006,CUST00291,Online,Card,Completed,22.2,0.0,1.8,3.49,27.49
ORD006503,2025-05-18 09:12:52,ST006,CUST00243,Online,Card,Refunded,1.1,0.0,0.0,3.49,4.59
ORD006504,2025-05-17 08:29:46,ST006,CUST00006,In-store,Card,Completed,6.3,0.0,0.36,0.0,6.66
ORD006505,2025-12-31 12:53:41,ST006,CUST00169,In-store,Card,Completed,53.0,0.0,2.04,0.0,55.04
ORD006506,2025-02-07 06:37:43,ST002,CUST00525,In-store,Mobile Wallet,Completed,31.8,0.0,3.88,0.0,35.68
ORD006507,2025-10-01 03:55:10,ST008,,Online,Card,Completed,6.9,0.0,0.0,3.49,10.39
ORD006508,2025-01-24 16:10:23,ST003,CUST00547,In-store,Cash,Completed,22.6,0.0,0.0,0.0,22.6
ORD006509,2025-04-20 20:29:10,ST001,CUST00600,In-store,Card,Completed,10.95,0.31,0.6,0.0,11.24
ORD006510,2025-03-02 17:47:35,ST003,,In-store,Card,Completed,19.6,0.0,0.0,0.0,19.6
ORD006511,2025-07-10 10:58:13,ST004,CUST00588,In-store,Mobile Wallet,Completed,15.9,0.0,1.8,0.0,17.7
ORD006512,2025-10-21 05:26:37,ST007,,Online,Card,Completed,28.95,0.0,2.01,3.49,34.45
ORD006513,2025-08-13 11:12:26,ST004,,In-store,Mobile Wallet,Completed,32.85,0.0,2.56,0.0,35.41
ORD006514,2025-11-02 17:55:37,ST007,,In-store,Cash,Completed,6.2,0.0,0.0,0.0,6.2
ORD006515,2025-09-28 23:08:23,ST008,,Online,Card,Completed,24.6,0.0,1.2,3.49,29.29
ORD006516,2025-05-27 21:10:10,ST002,,In-store,Card,Completed,39.05,0.0,0.72,0.0,39.77
ORD006517,2025-10-25 02:05:25,ST006,CUST00742,In-store,Cash,Completed,2.1,0.0,0.0,0.0,2.1
ORD006518,2025-09-11 21:07:04,ST004,CUST00618,In-store,Card,Completed,31.4,0.0,1.04,0.0,32.44
ORD006519,2025-07-18 09:49:50,ST001,,Online,Card,Completed,37.2,0.0,1.4,3.49,42.09
ORD006520,2025-08-20 02:39:47,ST002,CUST00322,In-store,Card,Completed,32.9,0.0,2.74,0.0,35.64
ORD006521,2025-03-10 12:33:49,ST004,CUST00658,In-store,Card,Completed,33.75,0.0,3.7,0.0,37.45
ORD006522,2025-02-27 02:41:07,ST004,CUST00344,In-store,Mobile Wallet,Completed,8.2,0.0,1.0,0.0,9.2
ORD006523,2025-11-02 08:10:10,ST008,CUST00476,In-store,Cash,Completed,14.5,0.0,1.5,0.0,16.0
ORD006524,2025-06-25 23:29:19,ST004,CUST00425,In-store,Card,Completed,24.2,0.0,2.08,0.0,26.28
ORD006525,2025-05-28 07:00:06,ST002,,In-store,Mobile Wallet,Completed,48.1,0.0,0.3,0.0,48.4
ORD006526,2025-09-27 13:15:23,ST002,CUST00660,In-store,Card,Completed,14.6,0.0,0.0,0.0,14.6
ORD006527,2025-07-09 12:24:06,ST005,CUST00583,In-store,Card,Completed,31.7,0.0,0.72,0.0,32.42
ORD006528,2025-08-31 08:23:56,ST005,,In-store,Mobile Wallet,Completed,17.15,0.0,3.21,0.0,20.36
ORD006529,2025-10-16 01:04:42,ST004,CUST00309,In-store,Cash,Completed,23.25,0.0,0.0,0.0,23.25
ORD006530,2025-10-25 02:19:34,ST004,CUST00525,Online,Card,Completed,41.8,0.0,1.28,0.0,43.08
ORD006531,2025-06-23 21:35:39,ST005,CUST00598,In-store,Card,Completed,7.2,0.0,0.0,0.0,7.2
ORD006532,2025-11-19 03:08:43,ST008,,Online,Mobile Wallet,Completed,29.5,0.0,5.48,3.49,38.47
ORD006533,2025-10-19 22:22:27,ST004,CUST00035,In-store,Card,Completed,48.4,0.0,0.54,0.0,48.94
ORD006534,2025-10-22 04:54:39,ST002,,In-store,Mobile Wallet,Completed,5.0,0.0,0.0,0.0,5.0
ORD006535,2025-02-10 19:59:21,ST008,,In-store,Card,Completed,9.4,0.0,1.52,0.0,10.92
ORD006536,2025-05-09 13:49:33,ST003,,In-store,Card,Completed,8.2,0.0,0.0,0.0,8.2
ORD006537,2025-08-03 10:37:49,ST002,CUST00609,In-store,Card,Completed,37.05,0.0,4.8,0.0,41.85
ORD006538,2025-10-05 17:26:10,ST008,,In-store,Card,Completed,58.0,0.0,1.92,0.0,59.92
ORD006539,2025-02-08 03:03:50,ST004,CUST00212,In-store,Mobile Wallet,Completed,36.5,0.9,0.38,0.0,35.98
ORD006540,2025-05-17 00:55:09,ST002,CUST00362,In-store,Cash,Completed,56.35,0.0,5.91,0.0,62.26
ORD006541,2025-04-21 14:40:02,ST007,CUST00499,In-store,Cash,Completed,15.9,0.0,0.36,0.0,16.26
ORD006542,2025-01-05 13:04:12,ST005,,Online,Mobile Wallet,Completed,23.1,0.0,2.06,3.49,28.65
ORD006543,2025-12-08 12:13:00,ST003,CUST00246,In-store,Card,Completed,42.15,1.54,5.45,0.0,46.07
ORD006544,2025-04-09 17:37:18,ST002,CUST00262,In-store,Card,Completed,24.6,0.0,3.64,0.0,28.24
ORD006545,2025-02-23 00:16:05,ST003,CUST00794,Online,Card,Completed,29.9,0.0,2.6,3.49,35.99
ORD006546,2025-10-31 21:34:58,ST001,CUST00609,In-store,Card,Completed,23.0,0.0,1.56,0.0,24.56
ORD006547,2025-07-29 20:27:02,ST003,CUST00062,In-store,Card,Completed,10.5,0.0,0.88,0.0,11.38
ORD006548,2025-04-23 05:31:13,ST005,CUST00032,In-store,Gift Card,Completed,12.6,0.0,0.6,0.0,13.2
ORD006549,2025-06-01 13:38:00,ST008,CUST00471,In-store,Cash,Completed,29.4,0.0,3.88,0.0,33.28
ORD006550,2025-07-23 22:28:12,ST003,CUST00207,In-store,Mobile Wallet,Completed,27.1,0.62,1.84,0.0,28.32
ORD006551,2025-05-16 09:38:50,ST007,CUST00062,In-store,Card,Completed,5.3,0.0,1.06,0.0,6.36
ORD006552,2025-11-07 03:31:48,ST002,,In-store,Gift Card,Completed,12.4,0.0,0.0,0.0,12.4
ORD006553,2025-12-10 01:09:45,ST007,CUST00500,Online,Mobile Wallet,Completed,21.85,0.0,1.36,3.49,26.7
ORD006554,2025-12-28 09:53:34,ST001,CUST00349,Online,Mobile Wallet,Completed,32.0,0.0,4.52,3.49,40.01
ORD006555,2025-02-20 13:54:19,ST003,CUST00394,In-store,Card,Completed,25.05,1.35,1.68,0.0,25.38
ORD006556,2025-09-20 05:46:55,ST008,,In-store,Card,Refunded,17.2,0.0,0.6,0.0,17.8
ORD006557,2025-09-20 22:05:55,ST003,CUST00021,Click & Collect,Cash,Completed,7.8,0.0,0.52,0.0,8.32
ORD006558,2025-01-16 02:37:15,ST006,,Online,Cash,Completed,35.0,0.6,3.84,3.49,41.73
ORD006559,2025-09-20 14:42:05,ST007,CUST00614,In-store,Card,Completed,23.15,0.0,0.94,0.0,24.09
ORD006560,2025-01-30 03:45:16,ST004,CUST00074,Online,Card,Completed,5.2,0.0,0.6,3.49,9.29
ORD006561,2025-02-14 14:50:19,ST004,,Online,Mobile Wallet,Completed,33.4,0.0,3.1,3.49,39.99
ORD006562,2025-07-19 08:30:52,ST008,CUST00477,Online,Card,Completed,18.65,0.48,1.35,3.49,23.01
ORD006563,2025-01-16 00:21:51,ST003,CUST00548,In-store,Card,Completed,55.8,0.0,3.2,0.0,59.0
ORD006564,2025-12-23 01:54:39,ST001,CUST00693,In-store,Card,Completed,18.2,0.0,2.66,0.0,20.86
ORD006565,2025-05-13 20:34:53,ST004,CUST00524,Online,Card,Completed,21.45,0.0,1.9,3.49,26.84
ORD006566,2025-07-09 00:09:28,ST008,CUST00180,In-store,Card,Completed,20.6,0.0,0.88,0.0,21.48
ORD006567,2025-08-13 15:40:55,ST006,,Click & Collect,Cash,Completed,29.6,0.0,0.0,0.0,29.6
ORD006568,2025-06-01 13:43:32,ST005,,In-store,Card,Completed,30.95,0.0,2.0,0.0,32.95
ORD006569,2025-11-13 00:47:10,ST004,CUST00269,Click & Collect,Card,Completed,24.7,0.0,0.72,0.0,25.42
ORD006570,2025-08-11 17:46:42,ST005,CUST00599,In-store,Gift Card,Completed,2.75,0.0,0.0,0.0,2.75
ORD006571,2025-03-19 03:00:04,ST008,CUST00573,In-store,Card,Completed,9.6,0.0,1.92,0.0,11.52
ORD006572,2025-01-23 16:58:00,ST008,,In-store,Card,Completed,3.8,0.0,0.0,0.0,3.8
ORD006573,2025-05-11 21:04:23,ST001,,In-store,Mobile Wallet,Completed,18.2,0.0,2.08,0.0,20.28
ORD006574,2025-07-07 00:45:42,ST004,CUST00211,In-store,Cash,Completed,27.5,0.72,1.6,0.0,28.38
ORD006575,2025-07-20 00:56:53,ST008,,Click & Collect,Card,Completed,43.4,0.0,2.94,0.0,46.34
ORD006576,2025-07-04 21:44:48,ST002,CUST00065,In-store,Card,Completed,9.65,0.0,1.56,0.0,11.21
ORD006577,2025-03-02 23:22:15,ST002,CUST00785,In-store,Card,Completed,41.8,0.0,1.4,0.0,43.2
ORD006578,2025-08-05 02:40:45,ST006,,In-store,Cash,Completed,38.1,2.52,1.38,0.0,36.96
ORD006579,2025-08-28 08:10:24,ST004,CUST00123,In-store,Card,Completed,14.1,0.0,1.08,0.0,15.18
ORD006580,2025-12-14 14:29:56,ST002,CUST00078,In-store,Card,Completed,1.2,0.0,0.0,0.0,1.2
ORD006581,2025-07-14 23:41:20,ST008,,In-store,Mobile Wallet,Completed,9.9,0.0,0.48,0.0,10.38
ORD006582,2025-06-17 13:52:17,ST005,CUST00732,In-store,Card,Completed,16.4,1.15,0.68,0.0,15.93
ORD006583,2025-04-23 07:38:08,ST006,,Click & Collect,Card,Completed,9.0,0.0,0.0,0.0,9.0
ORD006584,2025-02-24 20:03:59,ST008,,In-store,Gift Card,Completed,19.05,0.0,2.13,0.0,21.18
ORD006585,2025-04-29 09:53:04,ST005,,In-store,Card,Cancelled,23.75,0.0,2.07,0.0,0.0
ORD006586,2025-01-27 04:12:36,ST008,CUST00734,Click & Collect,Card,Completed,11.4,0.0,1.0,0.0,12.4
ORD006587,2025-08-17 09:31:13,ST005,CUST00155,In-store,Card,Completed,20.1,0.0,2.18,0.0,22.28
ORD006588,2025-02-22 20:12:50,ST001,CUST00080,In-store,Mobile Wallet,Completed,58.25,0.0,7.2,0.0,65.45
ORD006589,2025-07-21 10:39:12,ST004,CUST00609,In-store,Card,Completed,5.2,0.0,1.04,0.0,6.24
ORD006590,2025-01-25 13:23:27,ST006,CUST00137,In-store,Card,Completed,2.0,0.0,0.0,0.0,2.0
ORD006591,2025-11-05 23:39:10,ST001,CUST00710,Online,Card,Completed,8.45,0.0,1.5,3.49,13.44
ORD006592,2025-03-16 21:41:48,ST006,CUST00273,In-store,Mobile Wallet,Completed,1.5,0.0,0.0,0.0,1.5
ORD006593,2025-03-07 18:32:53,ST008,CUST00272,Click & Collect,Cash,Completed,19.25,0.0,0.38,0.0,19.63
ORD006594,2025-01-13 10:57:25,ST004,CUST00332,In-store,Cash,Completed,12.9,0.0,0.52,0.0,13.42
ORD006595,2025-05-25 06:36:43,ST005,,Click & Collect,Card,Completed,18.6,0.0,3.72,0.0,22.32
ORD006596,2025-11-08 02:25:30,ST005,CUST00218,In-store,Card,Completed,14.4,0.0,0.86,0.0,15.26
ORD006597,2025-08-05 11:22:01,ST002,CUST00058,In-store,Cash,Completed,36.0,1.66,0.0,0.0,34.34
ORD006598,2025-01-16 08:27:40,ST001,,In-store,Card,Completed,16.5,0.0,2.38,0.0,18.88
ORD006599,2025-01-12 07:03:22,ST006,CUST00259,In-store,Cash,Completed,31.0,0.0,0.0,0.0,31.0
ORD006600,2025-10-11 15:57:48,ST003,CUST00068,In-store,Card,Completed,21.8,0.0,0.0,0.0,21.8
ORD006601,2025-10-25 21:22:53,ST008,CUST00536,In-store,Card,Completed,33.7,0.0,3.22,0.0,36.92
ORD006602,2025-01-14 04:12:04,ST007,CUST00068,In-store,Cash,Completed,35.8,0.0,0.34,0.0,36.14
ORD006603,2025-04-11 23:46:22,ST003,CUST00124,In-store,Card,Completed,34.5,0.38,0.0,0.0,34.12
ORD006604,2025-10-18 15:50:04,ST004,CUST00788,Online,Card,Completed,21.8,0.0,0.54,3.49,25.83
ORD006605,2025-05-04 05:14:07,ST004,,In-store,Cash,Completed,22.9,0.0,2.0,0.0,24.9
ORD006606,2025-01-06 09:39:55,ST005,CUST00729,In-store,Mobile Wallet,Completed,3.9,0.0,0.78,0.0,4.68
ORD006607,2025-06-08 08:49:30,ST008,CUST00533,Online,Mobile Wallet,Completed,38.0,0.62,4.84,3.49,45.71
ORD006608,2025-04-27 22:16:23,ST006,CUST00091,In-store,Card,Completed,10.5,0.0,0.88,0.0,11.38
ORD006609,2025-11-29 22:49:43,ST008,CUST00176,In-store,Card,Completed,32.0,0.0,3.36,0.0,35.36
ORD006610,2025-01-16 22:39:51,ST001,CUST00587,Online,Card,Completed,22.7,0.0,3.9,3.49,30.09
ORD006611,2025-10-06 00:52:43,ST008,CUST00532,In-store,Card,Completed,6.4,0.0,1.28,0.0,7.68
ORD006612,2025-03-03 14:36:07,ST006,,In-store,Cash,Completed,9.75,0.0,1.18,0.0,10.93
ORD006613,2025-12-06 00:43:42,ST007,CUST00690,In-store,Mobile Wallet,Completed,20.05,0.15,2.26,0.0,22.16
ORD006614,2025-08-12 04:41:02,ST005,CUST00261,Click & Collect,Card,Completed,23.45,0.23,0.64,0.0,23.86
ORD006615,2025-05-09 18:20:26,ST001,CUST00292,In-store,Card,Completed,15.6,0.0,1.24,0.0,16.84
ORD006616,2025-06-23 09:53:25,ST002,CUST00400,In-store,Mobile Wallet,Completed,63.1,0.0,4.57,0.0,67.67
ORD006617,2025-11-27 20:02:33,ST008,CUST00694,In-store,Card,Completed,9.4,0.0,1.28,0.0,10.68
ORD006618,2025-07-16 08:18:17,ST007,CUST00769,In-store,Card,Completed,76.75,2.4,0.34,0.0,74.69
ORD006619,2025-01-07 03:13:48,ST008,CUST00588,Online,Card,Completed,22.5,0.0,3.9,3.49,29.89
ORD006620,2025-08-21 20:39:00,ST002,,In-store,Card,Completed,3.5,0.0,0.34,0.0,3.84
ORD006621,2025-05-09 05:33:30,ST008,,In-store,Cash,Completed,39.7,0.0,1.02,0.0,40.72
ORD006622,2025-03-04 22:03:22,ST001,CUST00123,In-store,Card,Completed,37.0,0.0,0.0,0.0,37.0
ORD006623,2025-09-17 22:36:24,ST004,CUST00627,Online,Card,Completed,0.9,0.3,0.12,3.49,4.21
ORD006624,2025-09-06 05:25:28,ST004,CUST00013,In-store,Card,Completed,18.8,0.3,0.58,0.0,19.08
ORD006625,2025-10-25 10:21:02,ST006,,Online,Mobile Wallet,Completed,10.3,0.0,0.0,3.49,13.79
ORD006626,2025-10-07 17:14:15,ST006,,Online,Card,Completed,53.7,0.0,4.0,0.0,57.7
ORD006627,2025-11-10 04:46:41,ST007,CUST00790,In-store,Cash,Completed,37.2,0.0,0.64,0.0,37.84
ORD006628,2025-03-11 12:24:59,ST008,CUST00382,In-store,Mobile Wallet,Completed,48.8,0.0,0.0,0.0,48.8
ORD006629,2025-02-28 10:30:57,ST001,CUST00234,In-store,Card,Completed,30.35,0.0,0.0,0.0,30.35
ORD006630,2025-12-01 23:34:36,ST002,,In-store,Mobile Wallet,Completed,15.95,0.0,0.0,0.0,15.95
ORD006631,2025-02-03 07:55:43,ST008,,In-store,Mobile Wallet,Completed,48.8,1.75,1.47,0.0,48.51
ORD006632,2025-03-30 20:39:24,ST002,CUST00794,In-store,Card,Completed,14.8,0.0,2.96,0.0,17.76
ORD006633,2025-08-13 07:42:53,ST007,,In-store,Cash,Completed,20.1,0.0,0.4,0.0,20.5
ORD006634,2025-07-12 18:02:08,ST001,,Click & Collect,Mobile Wallet,Completed,19.3,0.48,2.1,0.0,20.92
ORD006635,2025-10-01 23:26:51,ST005,CUST00794,Online,Card,Refunded,16.25,0.0,1.14,3.49,20.88
ORD006636,2025-06-11 08:55:18,ST005,CUST00563,In-store,Card,Completed,15.4,0.0,0.84,0.0,16.24
ORD006637,2025-12-25 10:06:40,ST008,CUST00124,In-store,Card,Completed,18.7,0.0,2.36,0.0,21.06
ORD006638,2025-09-23 05:18:58,ST005,,In-store,Mobile Wallet,Completed,32.6,0.3,1.44,0.0,33.74
ORD006639,2025-06-27 20:04:39,ST004,CUST00139,Online,Card,Completed,11.0,0.62,0.0,3.49,13.87
ORD006640,2025-05-29 18:56:49,ST005,CUST00325,Online,Card,Completed,18.95,0.0,1.8,3.49,24.24
ORD006641,2025-02-01 01:45:18,ST002,CUST00139,In-store,Cash,Cancelled,10.0,0.22,0.0,0.0,0.0
ORD006642,2025-07-11 21:05:35,ST002,CUST00617,In-store,Card,Completed,5.1,0.0,1.02,0.0,6.12
ORD006643,2025-11-19 08:56:51,ST004,CUST00065,Click & Collect,Card,Completed,34.15,0.0,1.6,0.0,35.75
ORD006644,2025-01-13 09:30:14,ST002,CUST00138,Click & Collect,Card,Completed,35.6,2.2,0.0,0.0,33.4
ORD006645,2025-12-11 23:03:05,ST007,,In-store,Gift Card,Completed,21.45,0.0,1.7,0.0,23.15
ORD006646,2025-08-17 07:12:09,ST005,CUST00670,In-store,Card,Completed,10.6,0.48,0.52,0.0,10.64
ORD006647,2025-10-02 15:18:27,ST004,CUST00135,In-store,Card,Completed,24.0,0.0,0.72,0.0,24.72
ORD006648,2025-02-07 04:00:57,ST008,,In-store,Card,Completed,11.8,0.0,0.44,0.0,12.24
ORD006649,2025-05-19 16:17:31,ST002,,Online,Card,Completed,5.8,0.0,0.42,3.49,9.71
ORD006650,2025-10-02 18:22:58,ST002,CUST00262,In-store,Card,Completed,8.3,0.0,1.2,0.0,9.5
ORD006651,2025-03-28 15:46:09,ST008,CUST00420,Online,Card,Completed,1.1,0.0,0.0,3.49,4.59
ORD006652,2025-06-15 07:10:02,ST002,CUST00754,In-store,Card,Completed,41.4,0.0,3.68,0.0,45.08
ORD006653,2025-04-19 14:18:13,ST005,CUST00015,Online,Card,Completed,12.5,0.0,0.0,3.49,15.99
ORD006654,2025-10-07 11:32:57,ST007,,In-store,Card,Completed,58.05,0.0,3.13,0.0,61.18
ORD006655,2025-09-15 17:46:18,ST001,CUST00409,In-store,Mobile Wallet,Completed,57.0,0.6,6.64,0.0,63.04
ORD006656,2025-05-06 03:22:58,ST008,CUST00443,In-store,Card,Completed,41.3,0.0,0.96,0.0,42.26
ORD006657,2025-06-11 16:03:32,ST002,CUST00065,In-store,Card,Completed,28.0,0.0,2.4,0.0,30.4
ORD006658,2025-10-06 17:30:11,ST001,CUST00228,In-store,Mobile Wallet,Completed,17.8,0.0,0.42,0.0,18.22
ORD006659,2025-07-07 16:22:48,ST008,,In-store,Card,Completed,30.0,0.0,4.88,0.0,34.88
ORD006660,2025-02-25 19:35:39,ST003,CUST00242,Online,Card,Completed,16.3,0.17,1.26,3.49,20.89
ORD006661,2025-05-08 07:56:29,ST004,CUST00477,Click & Collect,Mobile Wallet,Completed,25.1,0.0,0.0,0.0,25.1
ORD006662,2025-04-21 12:47:43,ST001,CUST00334,In-store,Cash,Completed,20.0,0.0,1.56,0.0,21.56
ORD006663,2025-02-26 21:01:39,ST004,,In-store,Card,Completed,44.0,0.0,0.98,0.0,44.98
ORD006664,2025-03-14 19:50:56,ST008,CUST00217,In-store,Card,Completed,30.7,0.0,2.38,0.0,33.08
ORD006665,2025-09-27 22:48:15,ST001,CUST00495,In-store,Card,Completed,33.6,0.0,0.72,0.0,34.32
ORD006666,2025-10-04 05:18:59,ST001,CUST00531,In-store,Card,Completed,13.55,0.0,0.0,0.0,13.55
ORD006667,2025-11-23 02:44:59,ST003,,In-store,Card,Completed,17.6,0.0,1.3,0.0,18.9
ORD006668,2025-03-14 17:01:13,ST004,,In-store,Card,Completed,22.5,0.0,1.86,0.0,24.36
ORD006669,2025-06-24 20:18:00,ST005,,Online,Card,Completed,25.0,0.0,0.6,3.49,29.09
ORD006670,2025-03-13 15:29:34,ST002,CUST00597,In-store,Card,Completed,19.05,0.0,2.67,0.0,21.72
ORD006671,2025-12-26 19:06:04,ST006,,In-store,Card,Completed,29.6,0.0,1.08,0.0,30.68
ORD006672,2025-11-16 00:38:38,ST005,CUST00648,In-store,Card,Completed,14.1,0.0,0.78,0.0,14.88
ORD006673,2025-04-28 21:55:07,ST001,CUST00486,In-store,Mobile Wallet,Completed,64.4,0.0,8.04,0.0,72.44
ORD006674,2025-10-22 17:08:53,ST007,CUST00774,In-store,Card,Completed,16.9,0.0,0.3,0.0,17.2
ORD006675,2025-08-24 14:34:53,ST004,CUST00608,In-store,Card,Completed,11.65,0.0,1.51,0.0,13.16
ORD006676,2025-01-23 23:38:52,ST001,CUST00105,In-store,Card,Cancelled,11.7,0.0,1.82,0.0,0.0
ORD006677,2025-03-11 04:38:35,ST004,,Online,Card,Completed,22.95,0.0,1.6,3.49,28.04
ORD006678,2025-11-16 10:27:06,ST006,CUST00367,In-store,Card,Completed,55.1,0.0,6.08,0.0,61.18
ORD006679,2025-03-16 18:03:03,ST002,CUST00712,In-store,Card,Completed,32.2,0.0,3.2,0.0,35.4
ORD006680,2025-02-08 01:52:58,ST004,CUST00380,In-store,Card,Completed,33.7,0.0,3.18,0.0,36.88
ORD006681,2025-10-22 11:59:29,ST002,CUST00236,In-store,Mobile Wallet,Completed,51.45,0.0,1.9,0.0,53.35
ORD006682,2025-06-22 17:06:43,ST005,CUST00326,In-store,Card,Completed,41.75,0.0,1.44,0.0,43.19
ORD006683,2025-09-01 14:05:46,ST006,CUST00262,In-store,Card,Completed,5.2,0.0,0.0,0.0,5.2
ORD006684,2025-11-19 05:32:30,ST006,CUST00687,Online,Card,Completed,32.05,0.0,3.66,3.49,39.2
ORD006685,2025-01-05 07:44:16,ST003,CUST00746,In-store,Mobile Wallet,Completed,31.15,0.08,0.18,0.0,31.25
ORD006686,2025-10-26 01:58:47,ST001,CUST00717,In-store,Cash,Completed,11.55,0.0,0.6,0.0,12.15
ORD006687,2025-05-30 03:18:02,ST003,CUST00208,Online,Mobile Wallet,Completed,37.0,0.0,2.74,3.49,43.23
ORD006688,2025-02-08 00:38:31,ST005,CUST00098,In-store,Card,Completed,7.7,0.0,0.52,0.0,8.22
ORD006689,2025-07-07 03:30:00,ST001,CUST00513,In-store,Card,Completed,32.9,0.0,3.77,0.0,36.67
ORD006690,2025-10-24 19:32:15,ST007,CUST00233,Click & Collect,Cash,Completed,46.7,0.0,1.44,0.0,48.14
ORD006691,2025-01-18 02:19:13,ST002,CUST00798,Online,Cash,Completed,53.5,0.0,3.28,0.0,56.78
ORD006692,2025-05-09 12:25:05,ST001,,Online,Card,Completed,24.3,0.0,3.0,3.49,30.79
ORD006693,2025-05-21 22:59:01,ST008,CUST00174,Online,Card,Completed,13.95,0.0,0.3,3.49,17.74
ORD006694,2025-04-12 04:49:51,ST008,CUST00356,In-store,Card,Completed,41.4,0.0,4.72,0.0,46.12
ORD006695,2025-04-03 22:09:34,ST006,CUST00396,Online,Gift Card,Completed,27.0,0.0,1.48,3.49,31.97
ORD006696,2025-09-01 03:18:34,ST006,CUST00781,In-store,Mobile Wallet,Completed,1.5,0.0,0.3,0.0,1.8
ORD006697,2025-06-21 19:56:44,ST006,CUST00415,In-store,Gift Card,Refunded,49.65,1.8,2.18,0.0,50.03
ORD006698,2025-09-15 06:02:31,ST004,CUST00602,In-store,Gift Card,Completed,17.85,0.6,0.72,0.0,17.97
ORD006699,2025-03-19 12:35:01,ST004,,In-store,Card,Completed,13.3,0.0,0.0,0.0,13.3
ORD006700,2025-05-27 18:16:48,ST003,CUST00284,In-store,Card,Completed,6.4,0.0,0.9,0.0,7.3
ORD006701,2025-04-20 13:29:17,ST005,CUST00659,Click & Collect,Card,Completed,32.2,0.0,1.88,0.0,34.08
ORD006702,2025-08-27 04:12:08,ST003,CUST00604,Online,Card,Completed,1.5,0.0,0.0,3.49,4.99
ORD006703,2025-05-13 02:29:13,ST004,,In-store,Cash,Completed,34.15,0.0,1.12,0.0,35.27
ORD006704,2025-05-19 03:36:45,ST006,CUST00790,In-store,Card,Completed,48.6,0.0,6.5,0.0,55.1
ORD006705,2025-10-18 20:05:07,ST005,CUST00576,In-store,Cash,Completed,18.45,0.0,0.88,0.0,19.33
ORD006706,2025-07-19 17:04:49,ST002,CUST00380,In-store,Card,Completed,30.15,0.0,0.72,0.0,30.87
ORD006707,2025-12-22 18:06:58,ST006,CUST00484,In-store,Card,Completed,34.3,1.07,2.47,0.0,35.69
ORD006708,2025-06-16 05:20:56,ST005,CUST00186,In-store,Card,Completed,23.5,0.0,0.0,0.0,23.5
ORD006709,2025-04-14 11:54:12,ST002,,In-store,Card,Completed,23.5,0.0,2.68,0.0,26.18
ORD006710,2025-11-03 15:17:10,ST001,CUST00797,In-store,Gift Card,Completed,37.6,0.0,0.18,0.0,37.78
ORD006711,2025-05-26 06:01:50,ST004,,Click & Collect,Card,Completed,24.5,0.0,1.56,0.0,26.06
ORD006712,2025-02-18 07:33:51,ST004,,Click & Collect,Card,Completed,18.1,0.0,0.0,0.0,18.1
ORD006713,2025-06-17 07:27:39,ST002,,In-store,Card,Completed,22.2,0.0,2.96,0.0,25.16
ORD006714,2025-07-05 17:33:14,ST001,CUST00167,In-store,Card,Completed,33.15,0.0,1.2,0.0,34.35
ORD006715,2025-08-18 14:26:41,ST005,CUST00631,In-store,Cash,Completed,48.0,0.0,0.36,0.0,48.36
ORD006716,2025-12-26 03:45:15,ST001,,In-store,Cash,Completed,51.2,0.0,0.8,0.0,52.0
ORD006717,2025-02-17 15:45:52,ST007,CUST00799,In-store,Card,Completed,49.65,1.44,5.24,0.0,53.45
ORD006718,2025-09-08 21:25:00,ST004,CUST00365,Click & Collect,Card,Completed,32.9,0.0,3.16,0.0,36.06
ORD006719,2025-03-26 04:10:04,ST004,,Online,Card,Completed,70.0,0.0,2.98,0.0,72.98
ORD006720,2025-10-17 19:14:28,ST005,CUST00223,In-store,Card,Completed,17.0,0.0,1.8,0.0,18.8
ORD006721,2025-07-10 09:44:03,ST001,,In-store,Card,Completed,25.7,0.0,1.32,0.0,27.02
ORD006722,2025-12-06 18:17:28,ST006,CUST00270,In-store,Card,Completed,9.3,0.0,0.42,0.0,9.72
ORD006723,2025-09-13 07:09:46,ST003,,Online,Mobile Wallet,Completed,11.8,0.0,0.0,3.49,15.29
ORD006724,2025-11-24 01:56:16,ST004,,Click & Collect,Card,Completed,11.65,0.0,1.3,0.0,12.95
ORD006725,2025-08-09 11:30:37,ST007,CUST00682,In-store,Mobile Wallet,Completed,25.8,0.0,2.02,0.0,27.82
ORD006726,2025-08-22 21:36:49,ST008,CUST00570,Online,Card,Completed,24.85,0.0,1.02,3.49,29.36
ORD006727,2025-06-19 08:01:42,ST002,CUST00188,In-store,Gift Card,Completed,46.5,0.0,0.0,0.0,46.5
ORD006728,2025-04-19 22:39:00,ST005,,In-store,Card,Completed,2.1,0.0,0.0,0.0,2.1
ORD006729,2025-07-05 14:27:02,ST001,,In-store,Cash,Completed,1.85,0.0,0.0,0.0,1.85
ORD006730,2025-04-16 23:19:44,ST001,CUST00083,Click & Collect,Mobile Wallet,Completed,32.85,0.0,0.76,0.0,33.61
ORD006731,2025-06-28 07:21:59,ST008,,Online,Card,Completed,30.85,0.72,1.98,3.49,35.6
ORD006732,2025-05-01 13:31:04,ST006,CUST00278,In-store,Card,Completed,29.25,0.0,4.41,0.0,33.66
ORD006733,2025-12-07 20:11:24,ST004,,In-store,Mobile Wallet,Completed,13.65,0.0,2.14,0.0,15.79
ORD006734,2025-03-07 02:28:16,ST005,,In-store,Mobile Wallet,Completed,29.6,0.0,0.62,0.0,30.22
ORD006735,2025-10-20 09:14:07,ST001,CUST00049,In-store,Card,Completed,56.3,0.0,0.74,0.0,57.04
ORD006736,2025-08-24 05:49:47,ST007,CUST00113,In-store,Card,Completed,35.1,0.62,2.08,0.0,36.56
ORD006737,2025-05-16 07:19:19,ST003,CUST00780,In-store,Card,Completed,17.5,0.0,1.8,0.0,19.3
ORD006738,2025-06-20 23:52:14,ST006,CUST00493,In-store,Card,Completed,41.6,0.0,0.3,0.0,41.9
ORD006739,2025-01-14 14:00:28,ST007,CUST00628,In-store,Mobile Wallet,Completed,30.8,0.0,2.16,0.0,32.96
ORD006740,2025-04-26 02:01:35,ST006,,In-store,Card,Completed,7.6,0.0,1.08,0.0,8.68
ORD006741,2025-11-07 04:52:32,ST008,CUST00550,Online,Card,Completed,51.35,0.0,0.76,0.0,52.11
ORD006742,2025-02-10 10:19:48,ST004,CUST00253,In-store,Mobile Wallet,Completed,12.3,0.0,1.7,0.0,14.0
ORD006743,2025-01-26 03:49:29,ST005,,In-store,Card,Completed,10.6,0.0,0.0,0.0,10.6
ORD006744,2025-06-15 14:04:43,ST007,,In-store,Card,Completed,10.2,0.0,0.0,0.0,10.2
ORD006745,2025-10-09 03:02:56,ST007,CUST00214,In-store,Card,Completed,27.7,0.0,2.6,0.0,30.3
ORD006746,2025-07-27 15:18:13,ST004,CUST00676,In-store,Mobile Wallet,Completed,21.45,0.46,0.0,0.0,20.99
ORD006747,2025-10-19 22:44:23,ST002,CUST00373,In-store,Card,Completed,16.35,0.0,2.17,0.0,18.52
ORD006748,2025-01-23 09:51:41,ST004,,In-store,Card,Completed,23.3,0.17,1.44,0.0,24.57
ORD006749,2025-09-20 01:26:37,ST001,,In-store,Card,Completed,22.4,0.0,0.64,0.0,23.04
ORD006750,2025-10-16 14:25:10,ST006,,In-store,Mobile Wallet,Completed,48.9,0.0,3.36,0.0,52.26
ORD006751,2025-12-06 10:15:54,ST003,,Click & Collect,Card,Completed,2.2,0.0,0.18,0.0,2.38
ORD006752,2025-05-24 02:32:34,ST007,CUST00548,In-store,Card,Completed,72.3,0.0,1.52,0.0,73.82
ORD006753,2025-09-01 16:52:27,ST006,CUST00276,Click & Collect,Mobile Wallet,Completed,39.8,0.3,4.66,0.0,44.16
ORD006754,2025-10-29 06:00:59,ST004,CUST00126,In-store,Card,Completed,31.6,0.0,2.5,0.0,34.1
ORD006755,2025-09-26 15:26:52,ST008,CUST00422,In-store,Card,Refunded,10.2,1.8,1.68,0.0,10.08
ORD006756,2025-10-25 01:50:47,ST001,,Click & Collect,Mobile Wallet,Completed,19.3,0.0,0.84,0.0,20.14
ORD006757,2025-08-12 19:03:57,ST005,CUST00184,In-store,Card,Completed,29.65,0.6,1.16,0.0,30.21
ORD006758,2025-05-04 08:52:07,ST004,CUST00268,Click & Collect,Card,Completed,9.0,0.0,0.0,0.0,9.0
ORD006759,2025-08-14 12:08:41,ST004,CUST00509,Online,Card,Completed,35.35,0.6,1.11,3.49,39.35
ORD006760,2025-05-25 04:24:21,ST006,,In-store,Card,Completed,20.95,0.0,0.92,0.0,21.87
ORD006761,2025-09-12 21:27:18,ST005,CUST00115,In-store,Card,Completed,3.0,0.0,0.6,0.0,3.6
ORD006762,2025-02-28 14:41:15,ST005,CUST00430,Click & Collect,Mobile Wallet,Completed,45.85,0.28,2.07,0.0,47.64
ORD006763,2025-12-12 00:21:42,ST005,,In-store,Gift Card,Completed,86.9,0.0,8.54,0.0,95.44
ORD006764,2025-09-06 00:37:52,ST006,CUST00545,Click & Collect,Card,Completed,15.2,0.6,0.72,0.0,15.32
ORD006765,2025-10-26 14:15:35,ST005,CUST00558,Online,Card,Completed,4.2,0.0,0.84,3.49,8.53
ORD006766,2025-03-20 03:44:12,ST003,CUST00736,In-store,Card,Completed,50.2,0.0,1.3,0.0,51.5
ORD006767,2025-06-15 01:49:05,ST002,CUST00132,Online,Card,Completed,10.65,0.0,0.0,3.49,14.14
ORD006768,2025-02-14 23:40:35,ST003,CUST00492,In-store,Card,Completed,42.5,0.0,4.88,0.0,47.38
ORD006769,2025-05-19 01:04:00,ST006,,Online,Card,Completed,34.0,0.0,4.36,3.49,41.85
ORD006770,2025-08-10 23:05:25,ST004,,Online,Card,Completed,50.7,0.0,4.94,0.0,55.64
ORD006771,2025-10-03 15:02:46,ST001,CUST00705,In-store,Cash,Completed,4.5,0.0,0.3,0.0,4.8
ORD006772,2025-02-25 02:44:45,ST007,CUST00509,In-store,Card,Completed,18.1,0.22,0.0,0.0,17.88
ORD006773,2025-05-06 13:41:35,ST007,,In-store,Card,Completed,19.05,0.0,2.5,0.0,21.55
ORD006774,2025-06-01 02:01:24,ST006,,Online,Cash,Completed,3.55,0.0,0.3,3.49,7.34
ORD006775,2025-01-23 15:10:54,ST008,CUST00085,Click & Collect,Mobile Wallet,Completed,11.3,0.12,0.88,0.0,12.06
ORD006776,2025-11-18 03:37:54,ST007,,Online,Card,Completed,44.55,0.0,0.97,0.0,45.52
ORD006777,2025-10-05 06:47:11,ST008,,In-store,Card,Completed,29.4,0.0,3.86,0.0,33.26
ORD006778,2025-04-13 14:12:10,ST008,,In-store,Card,Completed,18.4,0.38,0.72,0.0,18.74
ORD006779,2025-09-09 07:12:27,ST001,,In-store,Card,Completed,4.8,0.0,0.0,0.0,4.8
ORD006780,2025-02-16 15:38:02,ST002,CUST00277,In-store,Cash,Completed,32.5,0.0,1.48,0.0,33.98
ORD006781,2025-10-10 19:02:46,ST003,,In-store,Card,Completed,16.5,0.0,3.3,0.0,19.8
ORD006782,2025-02-04 10:59:01,ST007,CUST00484,Click & Collect,Card,Completed,20.2,0.49,1.26,0.0,20.96
ORD006783,2025-09-04 19:01:02,ST006,CUST00014,In-store,Card,Completed,45.95,0.0,8.52,0.0,54.47
ORD006784,2025-06-28 09:53:46,ST003,,In-store,Card,Completed,58.9,0.0,10.1,0.0,69.0
ORD006785,2025-09-22 19:30:13,ST006,CUST00524,In-store,Cash,Completed,21.45,0.0,1.66,0.0,23.11
ORD006786,2025-04-17 10:12:31,ST005,CUST00711,Online,Mobile Wallet,Completed,35.2,0.31,2.6,3.49,40.98
ORD006787,2025-02-02 07:36:23,ST004,CUST00321,In-store,Card,Completed,39.15,1.51,0.48,0.0,38.11
ORD006788,2025-10-07 10:22:13,ST005,,In-store,Card,Completed,29.4,0.0,2.32,0.0,31.72
ORD006789,2025-01-03 09:29:10,ST002,,Click & Collect,Card,Completed,84.55,0.23,8.68,0.0,93.0
ORD006790,2025-02-26 05:17:36,ST004,CUST00244,Click & Collect,Card,Completed,25.0,0.22,2.26,0.0,27.04
ORD006791,2025-09-28 17:27:20,ST002,,In-store,Card,Refunded,24.1,0.6,3.82,0.0,27.32
ORD006792,2025-07-13 09:05:39,ST002,CUST00196,In-store,Cash,Completed,16.3,0.0,0.36,0.0,16.66
ORD006793,2025-12-20 23:21:08,ST004,CUST00647,Online,Card,Completed,27.3,0.0,1.4,3.49,32.19
ORD006794,2025-10-01 00:44:22,ST004,CUST00609,In-store,Cash,Completed,17.85,0.0,0.6,0.0,18.45
ORD006795,2025-09-20 13:11:15,ST004,CUST00627,In-store,Card,Completed,15.3,0.0,0.52,0.0,15.82
ORD006796,2025-06-04 01:24:54,ST008,CUST00559,In-store,Card,Completed,14.5,0.0,0.36,0.0,14.86
ORD006797,2025-12-06 13:53:48,ST002,,In-store,Card,Completed,6.5,0.0,1.3,0.0,7.8
ORD006798,2025-05-22 04:50:21,ST002,CUST00764,In-store,Card,Completed,45.8,0.0,2.26,0.0,48.06
ORD006799,2025-03-21 05:10:33,ST007,CUST00699,In-store,Card,Completed,6.4,0.0,0.0,0.0,6.4
ORD006800,2025-02-24 14:16:42,ST006,,In-store,Cash,Completed,29.5,0.63,0.6,0.0,29.47
ORD006801,2025-09-12 00:57:02,ST003,CUST00637,Click & Collect,Mobile Wallet,Refunded,59.9,0.6,6.34,0.0,65.64
ORD006802,2025-08-24 17:21:55,ST004,,In-store,Mobile Wallet,Completed,29.35,0.62,3.72,0.0,32.45
ORD006803,2025-11-12 16:34:38,ST004,CUST00189,Online,Card,Completed,26.65,0.0,1.64,3.49,31.78
ORD006804,2025-08-04 03:37:26,ST005,,In-store,Card,Completed,15.2,0.0,2.24,0.0,17.44
ORD006805,2025-09-03 09:40:00,ST006,,In-store,Card,Completed,46.0,0.9,7.0,0.0,52.1
ORD006806,2025-07-27 17:54:15,ST004,,In-store,Card,Completed,28.2,0.6,1.48,0.0,29.08
ORD006807,2025-04-15 05:23:46,ST003,CUST00487,In-store,Card,Completed,24.45,0.0,2.1,0.0,26.55
ORD006808,2025-02-04 23:16:35,ST005,CUST00682,In-store,Card,Completed,9.55,0.0,0.0,0.0,9.55
ORD006809,2025-07-28 09:24:49,ST004,CUST00488,In-store,Card,Completed,25.2,0.0,5.04,0.0,30.24
ORD006810,2025-04-06 14:52:35,ST002,CUST00567,Online,Card,Completed,22.65,0.0,4.36,3.49,30.5
ORD006811,2025-01-30 20:00:36,ST006,CUST00010,In-store,Mobile Wallet,Completed,3.3,0.0,0.0,0.0,3.3
ORD006812,2025-05-06 06:58:50,ST002,,In-store,Cash,Completed,29.55,0.0,1.6,0.0,31.15
ORD006813,2025-06-13 09:36:18,ST001,CUST00380,In-store,Card,Completed,24.5,0.0,1.74,0.0,26.24
ORD006814,2025-07-15 07:18:30,ST005,CUST00740,In-store,Gift Card,Completed,17.0,0.0,0.0,0.0,17.0
ORD006815,2025-03-27 22:21:13,ST004,CUST00067,In-store,Card,Refunded,33.0,0.0,4.66,0.0,37.66
ORD006816,2025-12-29 00:46:30,ST005,,In-store,Mobile Wallet,Completed,12.05,0.0,0.4,0.0,12.45
ORD006817,2025-02-18 14:54:03,ST008,CUST00624,Online,Card,Completed,24.25,0.0,2.96,3.49,30.7
ORD006818,2025-09-17 21:03:14,ST008,,In-store,Card,Completed,48.2,0.0,7.07,0.0,55.27
ORD006819,2025-11-28 07:36:49,ST004,CUST00148,Click & Collect,Card,Completed,28.1,0.0,4.32,0.0,32.42
ORD006820,2025-02-07 02:50:40,ST002,,Online,Card,Completed,26.25,0.9,0.64,3.49,29.48
ORD006821,2025-10-23 15:22:31,ST004,CUST00523,Online,Card,Completed,64.7,0.0,8.2,0.0,72.9
ORD006822,2025-11-03 17:55:59,ST002,,In-store,Mobile Wallet,Completed,23.8,0.0,0.74,0.0,24.54
ORD006823,2025-03-02 13:08:57,ST003,CUST00298,In-store,Mobile Wallet,Completed,18.6,0.0,3.12,0.0,21.72
ORD006824,2025-11-21 22:36:42,ST001,,Click & Collect,Card,Completed,5.2,0.0,0.0,0.0,5.2
ORD006825,2025-07-25 13:39:08,ST004,,In-store,Card,Completed,17.7,0.0,1.04,0.0,18.74
ORD006826,2025-03-30 00:44:38,ST004,CUST00603,Online,Card,Completed,22.5,0.0,1.11,3.49,27.1
ORD006827,2025-11-07 00:55:21,ST008,CUST00673,In-store,Card,Completed,16.7,0.0,0.42,0.0,17.12
ORD006828,2025-07-13 17:25:26,ST006,,Online,Card,Completed,36.8,2.4,2.56,3.49,40.45
ORD006829,2025-10-13 12:31:53,ST003,,In-store,Mobile Wallet,Completed,14.6,0.0,0.0,0.0,14.6
ORD006830,2025-01-02 15:19:11,ST004,CUST00655,In-store,Card,Completed,3.4,0.0,0.68,0.0,4.08
ORD006831,2025-08-10 23:33:36,ST008,CUST00688,Online,Card,Completed,21.45,0.0,0.0,3.49,24.94
ORD006832,2025-06-14 05:22:17,ST005,CUST00481,In-store,Cash,Completed,55.1,0.0,6.48,0.0,61.58
ORD006833,2025-02-09 20:18:31,ST002,CUST00081,In-store,Card,Completed,18.9,0.14,1.92,0.0,20.68
ORD006834,2025-03-23 14:02:03,ST002,CUST00139,In-store,Card,Completed,6.7,0.0,1.04,0.0,7.74
ORD006835,2025-03-26 00:30:54,ST004,CUST00301,Online,Mobile Wallet,Completed,25.4,0.0,3.8,3.49,32.69
ORD006836,2025-07-10 10:31:12,ST002,CUST00102,Click & Collect,Gift Card,Completed,25.8,0.0,0.76,0.0,26.56
ORD006837,2025-10-02 03:52:54,ST007,,In-store,Card,Completed,18.4,0.0,1.68,0.0,20.08
ORD006838,2025-11-20 16:07:23,ST002,CUST00723,Online,Card,Completed,30.2,0.0,0.76,3.49,34.45
ORD006839,2025-03-28 08:54:04,ST005,CUST00756,In-store,Card,Completed,34.65,0.0,0.24,0.0,34.89
ORD006840,2025-09-07 21:02:14,ST007,CUST00726,In-store,Card,Completed,80.5,0.0,4.6,0.0,85.1
ORD006841,2025-03-19 19:06:08,ST001,,In-store,Card,Completed,37.5,0.0,2.68,0.0,40.18
ORD006842,2025-06-19 04:41:27,ST004,CUST00198,Online,Card,Completed,9.9,0.0,0.0,3.49,13.39
ORD006843,2025-01-30 18:33:18,ST003,CUST00217,In-store,Card,Completed,31.2,0.0,3.0,0.0,34.2
ORD006844,2025-05-01 04:37:22,ST001,,In-store,Mobile Wallet,Completed,2.6,0.0,0.0,0.0,2.6
ORD006845,2025-07-13 02:09:31,ST001,CUST00445,Click & Collect,Mobile Wallet,Completed,29.5,0.0,2.8,0.0,32.3
ORD006846,2025-10-05 11:25:09,ST007,CUST00125,In-store,Card,Completed,28.7,0.0,1.56,0.0,30.26
ORD006847,2025-05-09 12:54:11,ST002,CUST00191,In-store,Card,Completed,26.0,0.0,0.72,0.0,26.72
ORD006848,2025-07-20 09:57:38,ST005,CUST00412,In-store,Card,Completed,15.2,0.0,1.28,0.0,16.48
ORD006849,2025-04-27 08:29:40,ST005,CUST00455,In-store,Card,Completed,3.8,0.0,0.0,0.0,3.8
ORD006850,2025-01-21 19:02:33,ST005,,In-store,Card,Completed,2.2,0.0,0.44,0.0,2.64
ORD006851,2025-12-27 12:06:58,ST007,CUST00487,Click & Collect,Card,Completed,17.6,0.0,2.6,0.0,20.2
ORD006852,2025-01-31 18:28:00,ST008,CUST00277,In-store,Card,Completed,29.2,0.0,1.28,0.0,30.48
ORD006853,2025-09-08 18:00:43,ST005,,In-store,Card,Completed,41.2,2.1,3.6,0.0,42.7
ORD006854,2025-10-06 08:42:52,ST004,CUST00109,Online,Card,Completed,1.5,0.0,0.0,3.49,4.99
ORD006855,2025-04-29 05:48:47,ST005,CUST00028,In-store,Card,Completed,20.9,0.0,1.3,0.0,22.2
ORD006856,2025-06-02 16:08:58,ST002,CUST00764,In-store,Mobile Wallet,Completed,25.35,0.23,0.72,0.0,25.84
ORD006857,2025-11-14 10:21:54,ST006,CUST00461,Online,Gift Card,Completed,12.95,0.0,0.0,3.49,16.44
ORD006858,2025-08-22 00:55:17,ST003,CUST00043,Online,Card,Completed,15.0,0.0,0.0,3.49,18.49
ORD006859,2025-09-07 21:07:58,ST002,CUST00088,In-store,Card,Completed,37.0,0.0,3.32,0.0,40.32
ORD006860,2025-12-22 16:23:58,ST004,,In-store,Card,Completed,47.85,0.0,5.44,0.0,53.29
ORD006861,2025-07-30 15:04:21,ST008,,In-store,Card,Completed,21.5,0.0,3.0,0.0,24.5
ORD006862,2025-09-20 22:50:00,ST004,,In-store,Card,Completed,7.5,0.0,0.3,0.0,7.8
ORD006863,2025-12-21 02:34:30,ST004,CUST00267,In-store,Card,Completed,7.8,0.0,0.0,0.0,7.8
ORD006864,2025-09-17 20:38:32,ST005,CUST00721,In-store,Card,Completed,34.6,0.0,2.62,0.0,37.22
ORD006865,2025-11-23 13:53:20,ST008,CUST00429,Click & Collect,Cash,Completed,27.1,0.0,2.74,0.0,29.84
ORD006866,2025-07-12 01:36:25,ST003,CUST00383,In-store,Card,Completed,37.3,0.0,0.9,0.0,38.2
ORD006867,2025-06-15 05:45:01,ST006,CUST00747,In-store,Cash,Completed,41.35,2.64,1.4,0.0,40.11
ORD006868,2025-07-26 22:19:10,ST008,,Click & Collect,Card,Completed,28.7,0.0,0.34,0.0,29.04
ORD006869,2025-10-03 01:30:44,ST007,,Online,Card,Completed,54.95,0.0,3.78,0.0,58.73
ORD006870,2025-12-25 03:01:38,ST004,,Online,Card,Completed,14.4,0.0,1.49,3.49,19.38
ORD006871,2025-03-17 18:00:22,ST007,,In-store,Card,Cancelled,2.0,0.0,0.0,0.0,0.0
ORD006872,2025-10-29 17:17:24,ST004,CUST00319,In-store,Mobile Wallet,Completed,18.5,0.0,1.08,0.0,19.58
ORD006873,2025-09-09 00:18:21,ST002,CUST00497,Click & Collect,Card,Completed,25.4,0.0,1.92,0.0,27.32
ORD006874,2025-11-17 02:16:29,ST007,CUST00679,In-store,Card,Completed,29.8,0.0,2.4,0.0,32.2
ORD006875,2025-03-18 06:13:02,ST005,CUST00526,In-store,Card,Completed,19.9,0.0,3.03,0.0,22.93
ORD006876,2025-05-01 21:13:25,ST003,CUST00398,In-store,Card,Completed,57.9,0.0,8.42,0.0,66.32
ORD006877,2025-08-21 02:41:29,ST007,CUST00481,In-store,Card,Completed,17.1,0.0,0.0,0.0,17.1
ORD006878,2025-07-23 17:16:26,ST005,CUST00753,Click & Collect,Card,Completed,22.2,0.0,1.28,0.0,23.48
ORD006879,2025-04-22 05:07:27,ST005,CUST00482,In-store,Card,Completed,2.0,0.0,0.0,0.0,2.0
ORD006880,2025-11-05 05:46:46,ST004,CUST00786,Online,Card,Completed,32.85,0.0,2.42,3.49,38.76
ORD006881,2025-10-03 15:49:25,ST003,CUST00718,In-store,Card,Completed,17.2,0.0,0.0,0.0,17.2
ORD006882,2025-12-26 06:01:56,ST008,,In-store,Card,Completed,11.75,0.0,0.0,0.0,11.75
ORD006883,2025-11-10 13:28:28,ST007,,In-store,Cash,Completed,41.25,0.0,5.96,0.0,47.21
ORD006884,2025-09-15 15:27:18,ST008,,In-store,Card,Completed,35.9,0.0,4.36,0.0,40.26
ORD006885,2025-10-20 00:51:38,ST004,,In-store,Card,Completed,12.4,0.0,0.92,0.0,13.32
ORD006886,2025-01-28 10:48:31,ST002,CUST00414,Online,Mobile Wallet,Completed,64.25,0.1,5.82,0.0,69.97
ORD006887,2025-05-15 22:34:22,ST007,CUST00099,In-store,Cash,Completed,20.95,0.0,1.44,0.0,22.39
ORD006888,2025-12-05 17:08:57,ST003,CUST00005,In-store,Card,Completed,19.35,0.77,1.77,0.0,20.35
ORD006889,2025-01-03 09:26:34,ST004,CUST00470,In-store,Card,Completed,1.85,0.0,0.37,0.0,2.22
ORD006890,2025-02-27 17:53:24,ST002,CUST00449,In-store,Card,Completed,13.3,0.6,1.38,0.0,14.08
ORD006891,2025-11-28 08:02:43,ST005,CUST00770,In-store,Card,Completed,8.55,0.0,0.88,0.0,9.43
ORD006892,2025-12-25 00:57:43,ST005,,In-store,Mobile Wallet,Completed,42.5,0.0,7.5,0.0,50.0
ORD006893,2025-04-20 23:09:49,ST003,CUST00493,In-store,Card,Completed,24.4,0.0,1.08,0.0,25.48
ORD006894,2025-09-04 03:22:16,ST008,CUST00363,In-store,Cash,Completed,4.25,0.0,0.0,0.0,4.25
ORD006895,2025-08-30 09:33:35,ST007,CUST00149,In-store,Card,Completed,19.45,0.0,2.69,0.0,22.14
ORD006896,2025-06-13 04:10:14,ST006,,Online,Mobile Wallet,Completed,31.25,1.2,0.34,3.49,33.88
ORD006897,2025-12-19 21:27:31,ST007,CUST00255,In-store,Cash,Completed,23.0,0.0,2.23,0.0,25.23
ORD006898,2025-05-23 01:28:48,ST007,CUST00360,Online,Cash,Completed,27.0,0.0,0.9,3.49,31.39
ORD006899,2025-10-08 13:22:11,ST004,CUST00569,In-store,Card,Completed,40.0,0.0,0.24,0.0,40.24
ORD006900,2025-04-05 05:06:55,ST002,CUST00401,Click & Collect,Cash,Completed,33.6,0.62,5.68,0.0,38.66
ORD006901,2025-08-21 22:46:15,ST004,CUST00110,In-store,Mobile Wallet,Completed,22.8,0.0,3.6,0.0,26.4
ORD006902,2025-09-08 23:19:48,ST002,CUST00294,Online,Card,Completed,31.1,0.3,0.12,3.49,34.41
ORD006903,2025-07-27 10:30:58,ST002,CUST00140,Click & Collect,Gift Card,Completed,20.4,0.0,4.08,0.0,24.48
ORD006904,2025-07-14 01:39:11,ST003,CUST00665,Online,Card,Completed,23.35,0.0,1.86,3.49,28.7
ORD006905,2025-07-29 16:36:41,ST006,CUST00518,In-store,Card,Completed,29.85,0.0,2.35,0.0,32.2
ORD006906,2025-03-21 03:21:53,ST003,,In-store,Card,Completed,31.15,0.0,0.0,0.0,31.15
ORD006907,2025-03-18 19:17:47,ST006,CUST00263,In-store,Gift Card,Completed,36.9,0.0,3.34,0.0,40.24
ORD006908,2025-04-03 20:16:28,ST004,CUST00030,In-store,Mobile Wallet,Completed,47.95,0.0,5.23,0.0,53.18
ORD006909,2025-06-30 06:50:36,ST006,CUST00738,In-store,Cash,Completed,29.05,0.0,2.74,0.0,31.79
ORD006910,2025-03-12 14:55:43,ST008,CUST00455,In-store,Mobile Wallet,Completed,32.1,0.0,1.11,0.0,33.21
ORD006911,2025-11-30 16:19:23,ST003,,In-store,Card,Completed,51.65,0.0,0.64,0.0,52.29
ORD006912,2025-12-18 19:06:28,ST004,CUST00684,In-store,Card,Completed,20.0,0.0,2.56,0.0,22.56
ORD006913,2025-06-10 11:24:50,ST006,CUST00520,Online,Card,Completed,55.4,0.0,5.06,0.0,60.46
ORD006914,2025-12-19 16:47:50,ST001,CUST00074,In-store,Card,Completed,21.6,0.0,1.32,0.0,22.92
ORD006915,2025-05-01 14:05:55,ST005,CUST00688,In-store,Gift Card,Completed,11.6,0.0,1.92,0.0,13.52
ORD006916,2025-01-29 20:36:29,ST005,CUST00082,Online,Card,Completed,27.25,0.0,1.04,3.49,31.78
ORD006917,2025-08-06 01:41:00,ST007,CUST00325,In-store,Card,Completed,10.6,0.0,2.12,0.0,12.72
ORD006918,2025-10-15 00:22:11,ST004,,In-store,Card,Refunded,22.2,0.0,0.34,0.0,22.54
ORD006919,2025-01-26 02:26:16,ST006,CUST00476,In-store,Card,Completed,4.75,0.1,0.38,0.0,5.04
ORD006920,2025-06-07 22:19:16,ST004,CUST00697,In-store,Card,Completed,1.9,0.0,0.0,0.0,1.9
ORD006921,2025-08-08 13:37:02,ST004,CUST00003,In-store,Mobile Wallet,Completed,12.5,0.0,0.76,0.0,13.26
ORD006922,2025-07-05 07:32:59,ST008,CUST00188,In-store,Card,Completed,3.2,0.0,0.0,0.0,3.2
ORD006923,2025-09-13 22:23:38,ST006,CUST00113,In-store,Gift Card,Completed,9.7,0.3,0.28,0.0,9.68
ORD006924,2025-09-20 14:16:50,ST004,CUST00333,Click & Collect,Mobile Wallet,Completed,35.6,0.0,1.28,0.0,36.88
ORD006925,2025-03-18 20:56:52,ST001,CUST00348,In-store,Card,Completed,10.6,0.0,0.0,0.0,10.6
ORD006926,2025-07-03 08:19:30,ST004,,In-store,Card,Completed,4.2,0.0,0.0,0.0,4.2
ORD006927,2025-07-14 04:45:31,ST001,CUST00209,In-store,Card,Completed,27.7,0.0,0.96,0.0,28.66
ORD006928,2025-06-02 04:13:54,ST003,CUST00349,In-store,Card,Completed,25.55,0.0,3.45,0.0,29.0
ORD006929,2025-01-10 10:14:29,ST004,,Click & Collect,Mobile Wallet,Completed,25.3,0.0,3.5,0.0,28.8
ORD006930,2025-10-07 06:45:07,ST007,,In-store,Mobile Wallet,Completed,8.6,0.0,0.42,0.0,9.02
ORD006931,2025-12-13 15:47:20,ST004,CUST00112,In-store,Cash,Completed,14.4,0.0,1.3,0.0,15.7
ORD006932,2025-09-24 00:28:34,ST008,,Online,Card,Completed,30.5,0.0,0.0,3.49,33.99
ORD006933,2025-06-04 16:22:15,ST007,CUST00098,In-store,Card,Completed,16.2,0.0,1.22,0.0,17.42
ORD006934,2025-09-14 14:59:29,ST001,CUST00338,Online,Card,Completed,28.4,0.0,0.96,3.49,32.85
ORD006935,2025-08-14 19:19:46,ST008,CUST00251,In-store,Card,Completed,28.4,0.0,2.3,0.0,30.7
ORD006936,2025-08-21 01:37:31,ST006,,In-store,Card,Completed,20.6,0.0,1.3,0.0,21.9
ORD006937,2025-03-10 19:01:48,ST005,CUST00321,Online,Card,Completed,21.55,0.0,0.0,3.49,25.04
ORD006938,2025-01-06 11:47:37,ST005,CUST00657,In-store,Mobile Wallet,Completed,20.85,0.0,2.38,0.0,23.23
ORD006939,2025-07-10 00:23:48,ST002,CUST00097,Click & Collect,Card,Completed,43.35,2.2,0.0,0.0,41.15
ORD006940,2025-01-05 05:50:49,ST005,,In-store,Card,Completed,19.9,0.0,2.46,0.0,22.36
ORD006941,2025-01-21 21:45:30,ST005,CUST00739,In-store,Cash,Completed,36.3,0.0,2.86,0.0,39.16
ORD006942,2025-06-02 19:56:16,ST001,CUST00337,In-store,Cash,Completed,11.9,0.23,0.0,0.0,11.67
ORD006943,2025-09-03 22:13:00,ST005,CUST00033,Online,Mobile Wallet,Completed,32.75,0.0,0.24,3.49,36.48
ORD006944,2025-01-22 11:26:39,ST007,,In-store,Card,Completed,42.1,0.0,2.72,0.0,44.82
ORD006945,2025-02-05 15:29:10,ST003,CUST00358,In-store,Cash,Completed,15.4,0.0,0.0,0.0,15.4
ORD006946,2025-08-28 06:37:32,ST002,,In-store,Card,Completed,6.4,0.0,0.0,0.0,6.4
ORD006947,2025-01-16 04:17:08,ST001,,Online,Card,Completed,8.4,0.48,0.72,3.49,12.13
ORD006948,2025-11-28 18:17:53,ST006,CUST00505,In-store,Card,Completed,36.3,0.0,2.0,0.0,38.3
ORD006949,2025-02-09 18:37:37,ST008,,In-store,Cash,Completed,10.0,0.0,2.0,0.0,12.0
ORD006950,2025-09-14 06:06:01,ST006,CUST00051,In-store,Card,Completed,8.05,0.0,1.2,0.0,9.25
ORD006951,2025-06-24 13:45:36,ST007,CUST00526,In-store,Cash,Completed,76.6,3.0,0.42,0.0,74.02
ORD006952,2025-06-21 23:36:45,ST002,CUST00266,In-store,Card,Cancelled,20.4,0.0,0.64,0.0,0.0
ORD006953,2025-10-02 07:22:28,ST002,CUST00373,In-store,Card,Completed,30.3,0.0,0.0,0.0,30.3
ORD006954,2025-05-27 22:31:28,ST006,CUST00567,In-store,Cash,Completed,30.0,0.0,2.1,0.0,32.1
ORD006955,2025-02-06 08:48:13,ST001,CUST00366,In-store,Card,Refunded,7.6,0.9,0.0,0.0,6.7
ORD006956,2025-02-18 05:45:36,ST005,CUST00365,In-store,Card,Completed,14.5,0.0,0.0,0.0,14.5
ORD006957,2025-01-31 00:24:31,ST001,,In-store,Card,Completed,1.9,0.0,0.0,0.0,1.9
ORD006958,2025-08-07 02:02:33,ST006,,In-store,Card,Completed,4.1,0.23,0.36,0.0,4.23
ORD006959,2025-05-03 12:23:58,ST001,CUST00209,Online,Cash,Completed,26.0,0.0,0.4,3.49,29.89
ORD006960,2025-09-15 03:53:30,ST007,CUST00126,In-store,Mobile Wallet,Cancelled,20.2,0.0,1.4,0.0,0.0
ORD006961,2025-06-10 20:06:02,ST002,CUST00514,In-store,Card,Completed,24.3,0.0,2.39,0.0,26.69
ORD006962,2025-06-07 00:18:29,ST006,CUST00668,In-store,Card,Completed,32.0,0.0,3.36,0.0,35.36
ORD006963,2025-09-13 14:51:07,ST005,CUST00033,In-store,Card,Completed,18.0,0.0,0.0,0.0,18.0
ORD006964,2025-09-14 07:03:46,ST001,CUST00206,Click & Collect,Cash,Completed,7.7,0.0,0.72,0.0,8.42
ORD006965,2025-02-18 00:53:05,ST007,CUST00285,In-store,Card,Completed,19.2,0.93,2.6,0.0,20.87
ORD006966,2025-06-23 15:19:43,ST005,,In-store,Card,Completed,49.6,0.0,1.84,0.0,51.44
ORD006967,2025-11-22 21:56:27,ST002,CUST00369,Online,Card,Completed,8.6,0.0,0.0,3.49,12.09
ORD006968,2025-09-20 15:07:29,ST007,,In-store,Card,Completed,12.3,0.0,2.2,0.0,14.5
ORD006969,2025-07-09 10:11:58,ST004,,Click & Collect,Card,Completed,28.0,0.23,1.64,0.0,29.41
ORD006970,2025-10-18 19:22:06,ST006,CUST00590,In-store,Card,Completed,16.35,0.0,0.37,0.0,16.72
ORD006971,2025-02-13 10:06:07,ST006,CUST00289,Click & Collect,Mobile Wallet,Completed,22.45,0.0,0.37,0.0,22.82
ORD006972,2025-09-11 07:35:01,ST006,CUST00053,Click & Collect,Card,Completed,38.4,0.6,5.44,0.0,43.24
ORD006973,2025-10-29 19:05:00,ST001,,In-store,Card,Completed,8.5,0.0,0.0,0.0,8.5
ORD006974,2025-09-25 00:28:51,ST005,CUST00562,In-store,Gift Card,Completed,38.7,0.6,3.02,0.0,41.12
ORD006975,2025-10-18 23:32:02,ST005,CUST00013,Online,Card,Completed,13.15,0.0,0.0,3.49,16.64
ORD006976,2025-05-23 10:39:51,ST002,CUST00402,Online,Card,Completed,31.05,0.0,1.5,3.49,36.04
ORD006977,2025-03-27 02:02:04,ST007,,In-store,Card,Completed,11.1,0.0,0.0,0.0,11.1
ORD006978,2025-06-08 14:50:41,ST007,CUST00091,Online,Mobile Wallet,Completed,36.7,0.62,2.36,3.49,41.93
ORD006979,2025-01-30 01:23:40,ST008,,In-store,Card,Completed,34.2,1.4,2.68,0.0,35.48
ORD006980,2025-11-21 02:53:23,ST001,CUST00594,In-store,Card,Completed,42.0,0.0,2.6,0.0,44.6
ORD006981,2025-01-27 12:11:04,ST007,,In-store,Card,Completed,5.5,0.17,0.76,0.0,6.09
ORD006982,2025-02-15 00:50:37,ST004,,Click & Collect,Card,Completed,20.9,0.0,1.3,0.0,22.2
ORD006983,2025-05-18 23:38:29,ST002,CUST00698,In-store,Card,Completed,32.9,0.0,1.68,0.0,34.58
ORD006984,2025-05-11 09:12:28,ST004,CUST00015,In-store,Card,Completed,47.5,0.0,1.36,0.0,48.86
ORD006985,2025-11-14 06:34:26,ST005,CUST00371,Online,Card,Completed,30.75,0.0,2.73,3.49,36.97
ORD006986,2025-06-15 14:08:45,ST004,CUST00401,In-store,Card,Completed,15.4,0.0,2.56,0.0,17.96
ORD006987,2025-09-28 19:49:56,ST008,CUST00696,In-store,Card,Completed,40.2,0.0,0.4,0.0,40.6
ORD006988,2025-06-18 11:11:18,ST002,,In-store,Card,Completed,16.75,0.0,0.0,0.0,16.75
ORD006989,2025-02-04 23:01:15,ST007,,Online,Card,Completed,6.6,0.0,0.0,3.49,10.09
ORD006990,2025-09-16 11:37:52,ST007,CUST00502,In-store,Cash,Completed,40.25,0.0,7.65,0.0,47.9
ORD006991,2025-06-07 22:43:13,ST008,CUST00238,Click & Collect,Card,Completed,9.2,0.0,1.84,0.0,11.04
ORD006992,2025-12-22 03:40:19,ST001,CUST00413,In-store,Card,Completed,5.5,0.0,0.0,0.0,5.5
ORD006993,2025-01-20 05:17:06,ST004,CUST00169,In-store,Cash,Completed,1.7,0.0,0.34,0.0,2.04
ORD006994,2025-04-29 08:41:33,ST004,,Online,Card,Completed,5.4,0.0,0.44,3.49,9.33
ORD006995,2025-02-01 10:41:35,ST006,CUST00172,Online,Card,Completed,12.3,0.0,0.54,3.49,16.33
ORD006996,2025-02-21 11:26:31,ST001,CUST00372,In-store,Card,Refunded,38.2,0.0,6.2,0.0,44.4
ORD006997,2025-08-14 06:03:36,ST008,,Online,Card,Completed,89.85,2.76,4.8,0.0,91.89
ORD006998,2025-11-25 15:31:31,ST004,CUST00580,In-store,Cash,Completed,23.05,0.0,0.6,0.0,23.65
ORD006999,2025-06-30 16:07:00,ST008,CUST00057,In-store,Card,Completed,31.4,0.46,0.78,0.0,31.72
ORD007000,2025-07-27 15:53:11,ST003,CUST00567,In-store,Mobile Wallet,Completed,16.2,0.0,0.98,0.0,17.18
ORD007001,2025-11-11 16:00:36,ST001,,Click & Collect,Cash,Completed,49.0,0.0,0.34,0.0,49.34
ORD007002,2025-10-23 03:20:18,ST008,,In-store,Card,Completed,14.4,0.0,1.56,0.0,15.96
ORD007003,2025-10-01 10:14:52,ST003,CUST00066,In-store,Card,Refunded,42.1,0.0,1.82,0.0,43.92
ORD007004,2025-12-19 01:35:40,ST007,CUST00667,In-store,Card,Completed,42.5,0.0,0.84,0.0,43.34
ORD007005,2025-12-29 12:28:07,ST007,,In-store,Card,Completed,17.35,0.0,2.49,0.0,19.84
ORD007006,2025-03-09 09:33:20,ST001,CUST00061,In-store,Card,Completed,38.45,0.0,1.3,0.0,39.75
ORD007007,2025-06-14 11:26:16,ST006,,Click & Collect,Mobile Wallet,Completed,44.05,0.48,4.66,0.0,48.23
ORD007008,2025-08-22 17:50:23,ST003,CUST00326,In-store,Cash,Completed,21.1,0.0,1.3,0.0,22.4
ORD007009,2025-07-06 09:44:18,ST007,CUST00496,In-store,Card,Completed,14.0,0.0,0.48,0.0,14.48
ORD007010,2025-08-07 22:59:35,ST001,CUST00279,In-store,Card,Completed,43.05,0.23,2.08,0.0,44.9
ORD007011,2025-07-19 19:39:52,ST002,CUST00437,In-store,Card,Completed,22.7,0.0,0.0,0.0,22.7
ORD007012,2025-11-01 21:33:28,ST004,CUST00687,Online,Card,Completed,26.3,0.0,2.8,3.49,32.59
ORD007013,2025-11-07 20:23:16,ST008,CUST00398,In-store,Cash,Completed,29.65,0.0,0.67,0.0,30.32
ORD007014,2025-01-28 15:13:20,ST001,CUST00566,In-store,Cash,Completed,10.4,0.0,2.08,0.0,12.48
ORD007015,2025-12-31 18:36:09,ST004,CUST00348,In-store,Cash,Completed,44.7,0.0,0.0,0.0,44.7
ORD007016,2025-11-13 01:18:09,ST007,,In-store,Gift Card,Completed,12.8,0.0,0.0,0.0,12.8
ORD007017,2025-07-28 10:15:06,ST003,CUST00393,In-store,Card,Completed,34.45,0.0,3.7,0.0,38.15
ORD007018,2025-03-08 14:02:42,ST004,CUST00733,Click & Collect,Cash,Completed,31.15,0.0,3.4,0.0,34.55
ORD007019,2025-04-02 15:41:12,ST005,,Online,Cash,Completed,11.5,0.0,0.0,3.49,14.99
ORD007020,2025-04-14 10:01:11,ST002,CUST00565,Online,Card,Completed,17.9,0.31,2.16,3.49,23.24
ORD007021,2025-10-23 04:17:35,ST007,CUST00208,In-store,Card,Completed,58.05,0.0,6.67,0.0,64.72
ORD007022,2025-11-18 06:58:23,ST003,CUST00566,In-store,Card,Completed,42.35,0.0,3.2,0.0,45.55
ORD007023,2025-03-21 09:12:36,ST008,CUST00351,Online,Card,Cancelled,12.65,0.0,2.08,3.49,0.0
ORD007024,2025-09-07 18:13:13,ST003,CUST00603,In-store,Card,Completed,14.35,0.0,0.38,0.0,14.73
ORD007025,2025-07-04 22:12:35,ST003,,In-store,Card,Completed,7.75,0.0,0.0,0.0,7.75
ORD007026,2025-10-03 20:31:08,ST008,CUST00309,Online,Mobile Wallet,Completed,4.3,0.0,0.64,3.49,8.43
ORD007027,2025-08-11 21:48:25,ST002,CUST00726,Click & Collect,Card,Completed,53.5,3.6,0.84,0.0,50.74
ORD007028,2025-02-03 06:37:37,ST005,CUST00555,In-store,Card,Completed,11.15,0.0,0.44,0.0,11.59
ORD007029,2025-12-04 01:23:11,ST006,CUST00703,Click & Collect,Card,Completed,14.3,0.0,0.0,0.0,14.3
ORD007030,2025-07-26 17:30:31,ST004,CUST00540,In-store,Card,Completed,13.2,0.0,0.0,0.0,13.2
ORD007031,2025-10-07 03:06:48,ST002,,In-store,Card,Completed,8.5,0.0,1.7,0.0,10.2
ORD007032,2025-02-13 06:02:46,ST007,CUST00204,In-store,Card,Completed,46.8,0.0,2.04,0.0,48.84
ORD007033,2025-07-16 19:46:15,ST002,CUST00118,In-store,Card,Completed,8.5,0.0,1.04,0.0,9.54
ORD007034,2025-11-10 13:21:14,ST004,,Click & Collect,Card,Completed,21.3,0.0,1.3,0.0,22.6
ORD007035,2025-08-14 22:56:38,ST003,CUST00524,In-store,Card,Completed,19.7,0.0,2.24,0.0,21.94
ORD007036,2025-03-05 10:11:15,ST007,CUST00402,In-store,Card,Completed,15.15,0.0,0.0,0.0,15.15
ORD007037,2025-07-03 04:06:23,ST004,CUST00052,In-store,Card,Completed,7.0,0.0,0.8,0.0,7.8
ORD007038,2025-05-04 16:43:14,ST002,CUST00596,In-store,Card,Completed,23.05,0.0,2.92,0.0,25.97
ORD007039,2025-10-17 12:56:20,ST003,CUST00115,In-store,Cash,Completed,27.15,0.0,2.5,0.0,29.65
ORD007040,2025-05-21 08:53:02,ST007,CUST00435,In-store,Card,Completed,28.4,0.0,0.0,0.0,28.4
ORD007041,2025-08-25 05:20:36,ST007,,In-store,Card,Completed,4.2,0.0,0.36,0.0,4.56
ORD007042,2025-10-12 13:43:57,ST002,,In-store,Card,Completed,11.8,0.0,1.62,0.0,13.42
ORD007043,2025-04-29 21:01:45,ST006,CUST00360,In-store,Card,Completed,14.4,0.0,0.0,0.0,14.4
ORD007044,2025-02-13 13:46:07,ST006,CUST00675,In-store,Card,Completed,10.15,0.0,2.03,0.0,12.18
ORD007045,2025-09-04 10:06:02,ST008,,In-store,Card,Completed,18.8,0.0,1.2,0.0,20.0
ORD007046,2025-11-26 18:37:49,ST004,,In-store,Card,Completed,65.6,0.0,3.84,0.0,69.44
ORD007047,2025-01-05 12:11:34,ST007,CUST00029,Click & Collect,Card,Completed,65.8,0.0,7.04,0.0,72.84
ORD007048,2025-11-25 14:33:31,ST008,CUST00175,Online,Card,Completed,2.0,0.0,0.4,3.49,5.89
ORD007049,2025-11-10 12:55:47,ST006,,In-store,Card,Cancelled,18.2,0.0,1.4,0.0,0.0
ORD007050,2025-08-31 17:32:25,ST004,CUST00384,Click & Collect,Card,Completed,55.65,0.62,5.09,0.0,60.12
ORD007051,2025-05-17 08:07:52,ST008,CUST00324,In-store,Card,Completed,22.25,0.0,1.5,0.0,23.75
ORD007052,2025-11-23 12:57:26,ST004,,In-store,Gift Card,Completed,4.9,0.0,0.34,0.0,5.24
ORD007053,2025-02-02 20:26:54,ST007,CUST00078,In-store,Mobile Wallet,Completed,27.7,0.0,3.92,0.0,31.62
ORD007054,2025-01-08 23:33:42,ST008,CUST00310,In-store,Card,Completed,65.15,3.39,3.12,0.0,64.89
ORD007055,2025-01-23 13:11:03,ST008,CUST00680,In-store,Card,Completed,38.4,0.17,5.18,0.0,43.41
ORD007056,2025-12-20 14:33:13,ST003,CUST00556,In-store,Card,Completed,1.2,0.0,0.0,0.0,1.2
ORD007057,2025-11-19 12:11:33,ST007,CUST00741,In-store,Card,Completed,64.7,0.0,1.16,0.0,65.86
ORD007058,2025-01-04 18:56:04,ST008,CUST00467,Online,Mobile Wallet,Completed,23.0,0.0,0.96,3.49,27.45
ORD007059,2025-01-12 14:37:16,ST001,,In-store,Mobile Wallet,Completed,25.0,0.33,2.56,0.0,27.23
ORD007060,2025-04-17 23:52:23,ST008,CUST00415,Online,Card,Completed,16.8,0.14,0.0,3.49,20.15
ORD007061,2025-07-29 05:13:51,ST002,CUST00008,In-store,Card,Completed,41.7,0.0,3.04,0.0,44.74
ORD007062,2025-03-07 00:54:35,ST001,,In-store,Card,Completed,14.7,0.0,1.4,0.0,16.1
ORD007063,2025-04-07 23:38:42,ST001,CUST00698,In-store,Card,Completed,6.0,0.0,0.0,0.0,6.0
ORD007064,2025-07-08 23:01:34,ST001,CUST00042,Online,Mobile Wallet,Completed,14.65,0.0,2.93,3.49,21.07
ORD007065,2025-08-16 14:51:17,ST001,CUST00229,In-store,Cash,Completed,9.3,0.0,1.5,0.0,10.8
ORD007066,2025-04-18 16:03:06,ST001,CUST00410,In-store,Card,Completed,36.3,0.0,0.72,0.0,37.02
ORD007067,2025-07-25 21:02:30,ST004,CUST00220,Online,Mobile Wallet,Completed,21.4,0.0,0.0,3.49,24.89
ORD007068,2025-06-02 23:37:45,ST002,CUST00290,In-store,Card,Completed,30.95,0.0,1.84,0.0,32.79
ORD007069,2025-02-02 10:25:44,ST003,CUST00381,In-store,Card,Completed,38.7,0.0,4.38,0.0,43.08
ORD007070,2025-11-26 09:33:58,ST007,CUST00126,Online,Card,Completed,12.25,0.0,0.18,3.49,15.92
ORD007071,2025-04-17 20:12:58,ST006,CUST00750,Click & Collect,Card,Completed,27.0,0.0,0.38,0.0,27.38
ORD007072,2025-01-03 06:32:34,ST006,,In-store,Mobile Wallet,Completed,16.4,0.22,0.82,0.0,17.0
ORD007073,2025-04-10 23:48:27,ST002,,In-store,Card,Refunded,16.35,0.0,2.62,0.0,18.97
ORD007074,2025-01-24 07:12:20,ST007,CUST00372,In-store,Card,Completed,31.0,0.4,3.54,0.0,34.14
ORD007075,2025-12-31 18:45:33,ST002,CUST00456,Online,Card,Completed,34.1,0.0,0.0,3.49,37.59
ORD007076,2025-07-27 12:27:18,ST007,CUST00757,In-store,Card,Completed,36.85,0.6,0.0,0.0,36.25
ORD007077,2025-03-29 09:18:55,ST006,,In-store,Gift Card,Completed,36.1,0.0,5.64,0.0,41.74
ORD007078,2025-11-03 12:53:01,ST002,CUST00163,Online,Card,Completed,38.0,0.0,2.28,3.49,43.77
ORD007079,2025-02-09 00:28:41,ST007,CUST00639,In-store,Card,Completed,51.7,0.0,7.66,0.0,59.36
ORD007080,2025-07-08 20:44:29,ST002,CUST00781,In-store,Card,Completed,16.1,0.0,2.34,0.0,18.44
ORD007081,2025-02-16 19:05:43,ST002,CUST00763,In-store,Cash,Completed,24.65,0.17,0.58,0.0,25.06
ORD007082,2025-09-06 22:42:03,ST004,CUST00325,In-store,Card,Completed,21.0,0.0,0.84,0.0,21.84
ORD007083,2025-10-07 17:18:08,ST007,,Online,Cash,Completed,20.15,0.0,1.8,3.49,25.44
ORD007084,2025-10-24 01:08:09,ST002,CUST00681,Click & Collect,Card,Completed,4.25,0.0,0.0,0.0,4.25
ORD007085,2025-11-01 22:43:44,ST007,CUST00689,In-store,Card,Completed,31.2,0.0,0.0,0.0,31.2
ORD007086,2025-04-28 04:33:29,ST006,CUST00243,In-store,Card,Completed,10.1,0.0,0.0,0.0,10.1
ORD007087,2025-04-28 20:09:22,ST005,CUST00158,In-store,Mobile Wallet,Completed,19.8,0.0,2.72,0.0,22.52
ORD007088,2025-03-09 09:59:39,ST001,,In-store,Card,Completed,22.65,0.0,2.08,0.0,24.73
ORD007089,2025-03-19 05:16:46,ST007,CUST00440,Click & Collect,Card,Completed,9.5,0.0,0.48,0.0,9.98
ORD007090,2025-03-09 15:24:12,ST006,CUST00432,Online,Card,Completed,23.2,0.0,1.04,3.49,27.73
ORD007091,2025-06-29 06:58:45,ST005,,In-store,Card,Completed,1.1,0.0,0.0,0.0,1.1
ORD007092,2025-11-04 20:17:11,ST004,CUST00067,In-store,Card,Completed,9.6,0.0,1.92,0.0,11.52
ORD007093,2025-02-27 12:07:56,ST006,CUST00392,In-store,Card,Completed,20.15,0.17,1.42,0.0,21.41
ORD007094,2025-12-04 23:26:42,ST008,CUST00017,In-store,Card,Completed,26.3,0.24,0.99,0.0,27.05
ORD007095,2025-01-31 12:14:03,ST004,,Click & Collect,Card,Completed,13.6,0.0,0.42,0.0,14.02
ORD007096,2025-09-04 05:20:24,ST002,CUST00128,In-store,Card,Completed,43.4,0.0,2.62,0.0,46.02
ORD007097,2025-08-16 14:25:54,ST006,CUST00064,Click & Collect,Card,Completed,19.6,0.96,0.61,0.0,19.25
ORD007098,2025-12-18 10:04:32,ST002,,In-store,Card,Completed,39.2,0.0,3.8,0.0,43.0
ORD007099,2025-11-15 14:29:47,ST007,CUST00368,Online,Card,Completed,57.25,0.0,5.48,0.0,62.73
ORD007100,2025-01-01 14:32:46,ST008,CUST00047,In-store,Card,Completed,27.5,0.0,2.88,0.0,30.38
ORD007101,2025-02-17 15:01:03,ST003,CUST00428,In-store,Card,Completed,16.4,0.0,2.44,0.0,18.84
ORD007102,2025-12-01 01:10:47,ST005,CUST00011,In-store,Card,Completed,38.8,0.0,0.58,0.0,39.38
ORD007103,2025-07-20 18:35:40,ST005,CUST00602,In-store,Card,Completed,36.95,0.0,0.64,0.0,37.59
ORD007104,2025-02-15 19:40:05,ST003,,In-store,Cash,Completed,9.15,0.0,0.0,0.0,9.15
ORD007105,2025-10-04 07:34:29,ST003,,In-store,Mobile Wallet,Completed,33.35,0.0,1.94,0.0,35.29
ORD007106,2025-08-23 18:04:26,ST004,CUST00292,In-store,Mobile Wallet,Completed,11.5,0.0,2.3,0.0,13.8
ORD007107,2025-04-07 19:38:23,ST005,CUST00785,In-store,Mobile Wallet,Completed,19.7,0.19,1.56,0.0,21.07
ORD007108,2025-01-03 11:14:33,ST005,CUST00258,Online,Card,Completed,8.4,0.0,1.68,3.49,13.57
ORD007109,2025-06-25 09:06:32,ST005,,In-store,Card,Completed,17.4,0.0,0.0,0.0,17.4
ORD007110,2025-03-20 17:55:17,ST003,CUST00115,In-store,Card,Completed,10.0,0.0,1.2,0.0,11.2
ORD007111,2025-08-27 00:19:22,ST006,CUST00567,In-store,Cash,Completed,36.5,0.0,4.51,0.0,41.01
ORD007112,2025-05-27 16:00:51,ST002,,In-store,Card,Completed,11.0,0.0,0.52,0.0,11.52
ORD007113,2025-06-30 02:30:08,ST008,CUST00333,Click & Collect,Card,Completed,19.8,0.0,3.52,0.0,23.32
ORD007114,2025-12-24 12:41:40,ST003,CUST00128,In-store,Mobile Wallet,Completed,19.75,0.0,3.12,0.0,22.87
ORD007115,2025-10-15 11:37:36,ST008,,In-store,Card,Completed,17.7,0.0,1.96,0.0,19.66
ORD007116,2025-07-17 10:24:37,ST007,CUST00085,In-store,Card,Completed,13.6,0.0,0.81,0.0,14.41
ORD007117,2025-02-02 04:39:23,ST001,CUST00384,Online,Card,Completed,15.8,0.17,0.42,3.49,19.55
ORD007118,2025-06-01 12:26:06,ST002,CUST00558,Online,Mobile Wallet,Completed,60.1,2.16,5.94,0.0,63.88
ORD007119,2025-01-31 08:06:27,ST003,CUST00452,Online,Mobile Wallet,Completed,35.5,0.33,1.2,3.49,39.86
ORD007120,2025-05-11 03:08:23,ST007,CUST00189,In-store,Card,Completed,10.4,0.0,0.0,0.0,10.4
ORD007121,2025-02-12 10:51:57,ST004,CUST00769,Click & Collect,Card,Completed,33.2,0.0,4.16,0.0,37.36
ORD007122,2025-11-20 20:40:51,ST008,,Online,Card,Completed,16.6,0.0,0.0,3.49,20.09
ORD007123,2025-12-16 04:41:36,ST007,,Online,Card,Completed,22.75,0.0,0.3,3.49,26.54
ORD007124,2025-06-03 16:05:26,ST003,CUST00133,In-store,Card,Completed,10.5,0.0,0.0,0.0,10.5
ORD007125,2025-04-11 18:13:39,ST007,,In-store,Card,Refunded,15.25,0.19,2.37,0.0,17.43
ORD007126,2025-01-14 08:16:55,ST001,CUST00372,In-store,Card,Completed,4.2,0.0,0.0,0.0,4.2
ORD007127,2025-08-10 18:40:26,ST008,CUST00212,Click & Collect,Card,Completed,7.15,0.0,0.98,0.0,8.13
ORD007128,2025-10-12 19:07:42,ST007,,In-store,Card,Completed,13.1,0.0,0.72,0.0,13.82
ORD007129,2025-08-06 16:00:20,ST001,,Click & Collect,Card,Completed,14.3,0.0,2.48,0.0,16.78
ORD007130,2025-11-06 23:18:28,ST007,CUST00669,In-store,Card,Completed,15.6,0.0,0.0,0.0,15.6
ORD007131,2025-01-09 05:02:15,ST002,CUST00346,In-store,Cash,Completed,46.7,0.0,2.22,0.0,48.92
ORD007132,2025-12-06 04:47:59,ST004,,In-store,Mobile Wallet,Completed,15.45,0.0,0.0,0.0,15.45
ORD007133,2025-11-02 16:14:39,ST003,CUST00273,In-store,Card,Completed,27.5,0.0,1.4,0.0,28.9
ORD007134,2025-03-18 14:21:56,ST007,CUST00244,In-store,Mobile Wallet,Completed,24.1,0.0,1.5,0.0,25.6
ORD007135,2025-07-14 13:56:05,ST007,CUST00226,Click & Collect,Card,Completed,19.6,0.96,0.0,0.0,18.64
ORD007136,2025-02-14 21:51:54,ST002,CUST00668,Online,Card,Completed,6.2,0.0,0.48,3.49,10.17
ORD007137,2025-10-08 22:22:17,ST005,CUST00337,Online,Cash,Completed,20.6,0.0,0.0,3.49,24.09
ORD007138,2025-08-21 11:40:27,ST003,CUST00506,Click & Collect,Cash,Completed,22.4,0.0,0.48,0.0,22.88
ORD007139,2025-08-24 08:10:56,ST001,,In-store,Card,Completed,20.55,0.0,0.52,0.0,21.07
ORD007140,2025-01-25 21:33:50,ST003,CUST00267,In-store,Mobile Wallet,Completed,14.35,0.32,0.0,0.0,14.04
ORD007141,2025-06-22 09:34:21,ST005,CUST00740,Click & Collect,Card,Completed,11.1,0.0,0.0,0.0,11.1
ORD007142,2025-08-27 08:04:19,ST001,CUST00543,In-store,Card,Completed,33.3,0.0,5.2,0.0,38.5
ORD007143,2025-02-21 07:50:17,ST002,,In-store,Card,Completed,16.5,0.0,0.0,0.0,16.5
ORD007144,2025-03-18 05:52:36,ST003,CUST00288,In-store,Cash,Completed,5.4,0.0,1.08,0.0,6.48
ORD007145,2025-03-14 16:12:51,ST002,CUST00559,Online,Card,Completed,11.1,0.0,0.38,3.49,14.97
ORD007146,2025-03-18 09:22:34,ST003,CUST00018,In-store,Cash,Completed,9.3,0.0,0.0,0.0,9.3
ORD007147,2025-04-23 14:41:37,ST004,CUST00002,In-store,Card,Completed,21.45,0.0,0.44,0.0,21.89
ORD007148,2025-03-30 13:47:01,ST001,CUST00436,In-store,Card,Cancelled,14.15,0.0,1.95,0.0,0.0
ORD007149,2025-11-08 16:12:43,ST006,CUST00567,Online,Card,Completed,4.0,0.0,0.8,3.49,8.29
ORD007150,2025-12-07 10:07:23,ST005,,In-store,Card,Completed,13.65,0.0,0.72,0.0,14.37
ORD007151,2025-07-19 20:19:01,ST001,CUST00172,In-store,Card,Completed,10.3,0.0,0.37,0.0,10.67
ORD007152,2025-05-21 08:55:48,ST007,CUST00438,In-store,Card,Completed,22.7,0.0,1.3,0.0,24.0
ORD007153,2025-11-24 21:00:17,ST004,CUST00683,Click & Collect,Card,Completed,41.05,0.0,4.62,0.0,45.67
ORD007154,2025-06-06 07:21:48,ST006,CUST00607,In-store,Card,Completed,12.35,0.0,2.0,0.0,14.35
ORD007155,2025-01-15 16:29:38,ST008,CUST00706,In-store,Card,Completed,22.2,0.0,0.82,0.0,23.02
ORD007156,2025-08-27 09:58:45,ST006,CUST00656,In-store,Card,Completed,32.5,0.0,2.44,0.0,34.94
ORD007157,2025-01-01 04:45:01,ST001,CUST00284,In-store,Mobile Wallet,Completed,76.2,0.9,5.16,0.0,80.46
ORD007158,2025-02-22 12:03:30,ST001,CUST00223,Click & Collect,Cash,Refunded,23.4,0.0,0.52,0.0,23.92
ORD007159,2025-02-20 12:35:34,ST006,,In-store,Cash,Completed,46.4,0.0,7.44,0.0,53.84
ORD007160,2025-02-21 01:01:46,ST005,,Online,Card,Completed,6.5,0.0,1.3,3.49,11.29
ORD007161,2025-03-09 17:20:06,ST002,CUST00624,In-store,Card,Completed,11.4,0.0,0.6,0.0,12.0
ORD007162,2025-03-13 00:06:35,ST005,CUST00497,In-store,Card,Cancelled,21.4,0.0,3.08,0.0,0.0
ORD007163,2025-03-27 16:54:38,ST007,CUST00070,In-store,Mobile Wallet,Completed,11.4,0.0,2.28,0.0,13.68
ORD007164,2025-06-27 11:03:06,ST008,CUST00147,In-store,Card,Completed,14.9,0.0,1.28,0.0,16.18
ORD007165,2025-01-11 06:28:03,ST001,CUST00596,In-store,Cash,Completed,37.4,0.4,2.6,0.0,39.6
ORD007166,2025-05-28 09:34:03,ST006,CUST00775,Online,Card,Cancelled,29.2,0.0,0.74,3.49,0.0
ORD007167,2025-07-19 02:32:09,ST007,CUST00675,In-store,Card,Completed,7.4,0.0,1.48,0.0,8.88
ORD007168,2025-03-02 14:45:41,ST007,CUST00007,In-store,Mobile Wallet,Completed,23.6,0.0,1.4,0.0,25.0
ORD007169,2025-08-20 12:10:45,ST006,CUST00772,Online,Card,Completed,27.0,0.0,1.8,3.49,32.29
ORD007170,2025-04-10 18:02:11,ST001,CUST00682,In-store,Mobile Wallet,Completed,10.7,0.31,0.52,0.0,10.91
ORD007171,2025-07-02 10:15:17,ST005,CUST00139,In-store,Card,Completed,1.3,0.0,0.0,0.0,1.3
ORD007172,2025-05-07 19:41:15,ST006,CUST00512,Online,Card,Completed,41.35,0.0,1.14,0.0,42.49
ORD007173,2025-06-11 20:02:06,ST003,,In-store,Card,Completed,1.5,0.0,0.3,0.0,1.8
ORD007174,2025-08-27 15:10:36,ST008,CUST00655,In-store,Card,Completed,5.25,0.0,0.0,0.0,5.25
ORD007175,2025-11-24 22:04:58,ST005,CUST00059,In-store,Card,Completed,17.9,0.0,1.28,0.0,19.18
ORD007176,2025-01-29 03:09:56,ST002,CUST00641,In-store,Mobile Wallet,Completed,7.0,0.4,0.6,0.0,7.2
ORD007177,2025-06-19 11:34:12,ST006,CUST00045,Click & Collect,Card,Completed,5.65,0.0,0.94,0.0,6.59
ORD007178,2025-10-16 09:44:07,ST008,CUST00720,In-store,Card,Completed,25.75,0.0,1.85,0.0,27.6
ORD007179,2025-08-03 19:12:32,ST001,CUST00017,In-store,Card,Completed,43.1,1.89,0.36,0.0,41.57
ORD007180,2025-04-04 02:14:51,ST004,,In-store,Card,Completed,37.4,0.0,0.74,0.0,38.14
ORD007181,2025-05-02 22:03:47,ST002,CUST00529,In-store,Card,Completed,11.5,0.0,1.04,0.0,12.54
ORD007182,2025-03-17 22:51:17,ST008,CUST00707,Click & Collect,Card,Completed,52.95,0.0,1.48,0.0,54.43
ORD007183,2025-06-08 13:38:38,ST003,,In-store,Card,Completed,13.8,0.0,1.92,0.0,15.72
ORD007184,2025-12-16 18:08:28,ST006,CUST00753,In-store,Card,Completed,45.6,0.39,2.21,0.0,47.42
ORD007185,2025-07-01 01:01:34,ST004,CUST00533,Click & Collect,Card,Completed,42.55,1.8,0.0,0.0,40.75
ORD007186,2025-01-06 17:20:53,ST002,CUST00661,In-store,Card,Completed,31.95,0.0,1.28,0.0,33.23
ORD007187,2025-08-01 08:52:32,ST004,,In-store,Card,Completed,16.6,0.0,1.28,0.0,17.88
ORD007188,2025-02-19 08:30:34,ST002,CUST00163,Online,Card,Completed,41.4,0.45,3.6,0.0,44.55
ORD007189,2025-05-23 03:02:16,ST005,,In-store,Card,Completed,27.05,0.0,5.22,0.0,32.27
ORD007190,2025-10-23 22:57:33,ST001,,In-store,Card,Completed,46.8,0.0,6.4,0.0,53.2
ORD007191,2025-11-02 01:07:19,ST003,,In-store,Mobile Wallet,Completed,21.25,0.0,3.1,0.0,24.35
ORD007192,2025-04-28 08:06:45,ST007,CUST00668,In-store,Card,Completed,8.0,0.0,0.24,0.0,8.24
ORD007193,2025-09-18 10:17:39,ST007,CUST00098,In-store,Gift Card,Completed,14.1,0.9,0.9,0.0,14.1
ORD007194,2025-09-03 18:30:41,ST004,CUST00758,In-store,Cash,Completed,50.4,0.0,5.0,0.0,55.4
ORD007195,2025-12-08 07:26:26,ST005,CUST00306,In-store,Mobile Wallet,Completed,11.5,0.0,0.54,0.0,12.04
ORD007196,2025-03-02 21:06:47,ST004,CUST00271,In-store,Card,Completed,10.95,0.0,0.0,0.0,10.95
ORD007197,2025-07-22 17:52:57,ST003,CUST00022,Online,Cash,Completed,23.5,0.0,2.0,3.49,28.99
ORD007198,2025-03-15 01:43:48,ST007,CUST00492,Online,Card,Completed,17.6,0.0,2.56,3.49,23.65
ORD007199,2025-12-07 09:56:23,ST006,CUST00800,In-store,Card,Completed,35.9,0.36,5.97,0.0,41.51
ORD007200,2025-01-25 11:22:11,ST006,CUST00378,Online,Mobile Wallet,Completed,46.55,1.65,4.32,0.0,49.22
ORD007201,2025-02-08 19:15:39,ST007,CUST00319,In-store,Card,Completed,3.55,0.0,0.52,0.0,4.07
ORD007202,2025-01-20 06:27:29,ST006,CUST00727,In-store,Card,Completed,17.4,0.6,2.28,0.0,19.08
ORD007203,2025-11-14 08:30:55,ST008,CUST00719,Click & Collect,Card,Completed,26.9,0.0,1.64,0.0,28.54
ORD007204,2025-06-05 09:09:35,ST002,,In-store,Card,Completed,9.75,0.0,0.37,0.0,10.12
ORD007205,2025-12-06 01:20:01,ST002,CUST00635,In-store,Cash,Completed,10.05,0.0,1.06,0.0,11.11
ORD007206,2025-09-03 20:22:12,ST008,CUST00713,Click & Collect,Card,Completed,37.0,0.0,0.0,0.0,37.0
ORD007207,2025-02-07 10:09:15,ST005,CUST00060,In-store,Card,Completed,1.8,0.0,0.36,0.0,2.16
ORD007208,2025-12-24 23:19:31,ST005,CUST00116,In-store,Card,Completed,24.9,0.0,3.56,0.0,28.46
ORD007209,2025-03-12 05:57:42,ST008,CUST00394,Online,Mobile Wallet,Completed,27.55,0.0,0.84,3.49,31.88
ORD007210,2025-01-10 01:02:07,ST002,CUST00737,Online,Card,Completed,46.2,0.0,6.24,0.0,52.44
ORD007211,2025-09-30 14:43:05,ST008,CUST00739,Online,Card,Completed,24.1,0.0,1.48,3.49,29.07
ORD007212,2025-02-01 20:14:32,ST006,CUST00223,In-store,Card,Completed,48.4,0.33,0.0,0.0,48.07
ORD007213,2025-09-26 17:25:09,ST003,,In-store,Card,Completed,11.75,0.0,1.16,0.0,12.91
ORD007214,2025-02-20 07:56:50,ST007,CUST00109,In-store,Card,Completed,40.8,0.0,2.64,0.0,43.44
ORD007215,2025-12-31 06:53:41,ST001,,In-store,Card,Completed,32.55,0.0,0.96,0.0,33.51
ORD007216,2025-10-23 15:06:35,ST007,CUST00373,In-store,Card,Completed,54.9,0.0,0.37,0.0,55.27
ORD007217,2025-08-20 16:34:06,ST002,CUST00353,In-store,Cash,Completed,24.1,0.0,0.88,0.0,24.98
ORD007218,2025-10-18 20:40:34,ST001,CUST00160,In-store,Card,Completed,30.9,0.0,4.86,0.0,35.76
ORD007219,2025-03-08 18:37:22,ST004,CUST00709,Click & Collect,Mobile Wallet,Cancelled,22.65,0.0,0.64,0.0,0.0
ORD007220,2025-06-25 17:29:56,ST005,CUST00650,In-store,Cash,Completed,6.3,0.0,0.52,0.0,6.82
ORD007221,2025-01-30 05:49:42,ST005,,In-store,Card,Completed,19.7,0.33,2.4,0.0,21.77
ORD007222,2025-11-03 10:34:08,ST007,CUST00538,In-store,Cash,Completed,16.8,0.0,0.38,0.0,17.18
ORD007223,2025-11-13 20:35:53,ST002,CUST00450,Online,Card,Completed,53.7,0.0,5.5,0.0,59.2
ORD007224,2025-06-16 09:30:25,ST007,CUST00306,In-store,Card,Completed,16.8,0.0,1.02,0.0,17.82
ORD007225,2025-11-23 13:26:03,ST006,CUST00491,Online,Card,Completed,1.8,0.0,0.36,3.49,5.65
ORD007226,2025-08-29 08:37:08,ST006,CUST00740,In-store,Card,Completed,16.5,0.0,0.0,0.0,16.5
ORD007227,2025-01-01 15:03:46,ST004,,Click & Collect,Card,Completed,8.3,0.0,0.0,0.0,8.3
ORD007228,2025-09-03 17:45:32,ST007,CUST00708,In-store,Cash,Completed,5.9,0.0,0.0,0.0,5.9
ORD007229,2025-07-31 07:12:38,ST005,CUST00476,In-store,Card,Completed,18.5,0.0,1.92,0.0,20.42
ORD007230,2025-04-27 09:21:06,ST005,CUST00247,In-store,Card,Completed,52.0,0.0,2.34,0.0,54.34
ORD007231,2025-04-13 03:55:13,ST008,CUST00657,Online,Cash,Completed,36.0,0.23,3.54,3.49,42.8
ORD007232,2025-10-04 23:22:28,ST008,,Click & Collect,Card,Completed,7.4,0.0,0.52,0.0,7.92
ORD007233,2025-12-16 01:19:46,ST005,CUST00779,In-store,Mobile Wallet,Completed,19.3,0.0,1.28,0.0,20.58
ORD007234,2025-06-26 12:33:00,ST005,CUST00007,In-store,Card,Completed,19.0,0.0,1.54,0.0,20.54
ORD007235,2025-09-13 17:47:44,ST005,CUST00064,Online,Card,Completed,66.7,0.0,2.98,0.0,69.68
ORD007236,2025-09-21 09:38:54,ST008,CUST00751,In-store,Card,Completed,24.85,0.0,1.04,0.0,25.89
ORD007237,2025-04-29 22:28:10,ST008,,In-store,Card,Completed,2.0,0.0,0.0,0.0,2.0
ORD007238,2025-10-21 20:53:43,ST001,CUST00449,Click & Collect,Card,Completed,10.0,0.0,0.0,0.0,10.0
ORD007239,2025-08-03 07:28:52,ST005,,In-store,Mobile Wallet,Completed,34.8,0.0,2.88,0.0,37.68
ORD007240,2025-04-08 02:23:32,ST002,,In-store,Cash,Completed,19.2,0.0,0.7,0.0,19.9
ORD007241,2025-01-09 08:22:22,ST006,,Online,Card,Completed,10.9,0.55,0.0,3.49,13.84
ORD007242,2025-11-04 05:26:47,ST008,,Online,Gift Card,Completed,16.5,0.0,0.64,3.49,20.63
ORD007243,2025-05-26 12:42:56,ST004,CUST00702,In-store,Card,Completed,18.0,0.0,3.04,0.0,21.04
ORD007244,2025-07-18 14:07:41,ST004,,In-store,Mobile Wallet,Completed,35.05,1.86,2.32,0.0,35.51
ORD007245,2025-10-29 02:33:30,ST006,CUST00496,In-store,Card,Completed,60.7,0.0,5.18,0.0,65.88
ORD007246,2025-08-12 15:52:14,ST001,CUST00123,Click & Collect,Cash,Completed,28.5,0.0,2.96,0.0,31.46
ORD007247,2025-10-03 10:53:33,ST003,,Click & Collect,Card,Completed,16.85,0.0,0.0,0.0,16.85
ORD007248,2025-07-03 01:13:01,ST002,CUST00791,In-store,Card,Cancelled,2.6,0.0,0.52,0.0,0.0
ORD007249,2025-01-11 21:09:25,ST004,,Click & Collect,Cash,Completed,24.2,0.0,2.38,0.0,26.58
ORD007250,2025-05-14 11:09:36,ST003,CUST00710,Online,Card,Completed,26.8,0.0,0.9,3.49,31.19
ORD007251,2025-10-05 12:56:45,ST002,,In-store,Card,Completed,19.9,0.0,0.9,0.0,20.8
ORD007252,2025-07-04 17:50:10,ST007,CUST00257,In-store,Card,Completed,39.3,0.0,1.68,0.0,40.98
ORD007253,2025-12-10 12:29:09,ST004,CUST00132,In-store,Gift Card,Completed,23.9,0.0,2.92,0.0,26.82
ORD007254,2025-06-18 01:14:57,ST005,CUST00092,In-store,Card,Completed,21.8,0.0,0.0,0.0,21.8
ORD007255,2025-10-26 00:41:49,ST001,CUST00721,In-store,Gift Card,Completed,31.85,0.0,0.0,0.0,31.85
ORD007256,2025-01-02 08:51:04,ST002,,Online,Mobile Wallet,Completed,18.4,0.0,0.52,3.49,22.41
ORD007257,2025-10-24 10:37:43,ST002,,Online,Card,Completed,29.3,0.0,3.38,3.49,36.17
ORD007258,2025-02-09 07:08:42,ST005,CUST00584,Online,Mobile Wallet,Completed,62.85,0.0,3.66,0.0,66.51
ORD007259,2025-07-07 19:43:09,ST008,CUST00211,In-store,Card,Completed,54.8,2.38,2.76,0.0,55.18
ORD007260,2025-10-19 18:59:19,ST007,CUST00694,In-store,Card,Completed,19.45,0.0,1.24,0.0,20.69
ORD007261,2025-10-10 10:30:46,ST005,,Click & Collect,Card,Completed,12.75,0.0,0.76,0.0,13.51
ORD007262,2025-11-23 21:25:17,ST008,CUST00391,In-store,Card,Completed,3.5,0.0,0.7,0.0,4.2
ORD007263,2025-02-27 07:28:30,ST003,CUST00566,In-store,Card,Completed,28.6,0.0,2.14,0.0,30.74
ORD007264,2025-04-11 23:18:21,ST005,CUST00763,In-store,Card,Completed,7.6,0.0,1.52,0.0,9.12
ORD007265,2025-08-13 18:22:36,ST002,CUST00111,In-store,Cash,Completed,13.1,0.69,0.0,0.0,12.41
ORD007266,2025-03-03 06:47:00,ST001,CUST00526,In-store,Card,Completed,4.5,0.0,0.44,0.0,4.94
ORD007267,2025-02-03 04:51:19,ST008,,In-store,Card,Completed,7.7,0.0,0.0,0.0,7.7
ORD007268,2025-05-28 09:57:05,ST006,,Online,Card,Completed,34.45,0.0,4.08,3.49,42.02
ORD007269,2025-06-27 00:10:30,ST006,CUST00773,In-store,Mobile Wallet,Completed,15.6,0.0,0.0,0.0,15.6
ORD007270,2025-08-02 06:27:16,ST004,CUST00189,In-store,Card,Completed,32.2,0.0,3.84,0.0,36.04
ORD007271,2025-10-25 21:56:53,ST002,,In-store,Cash,Completed,12.15,0.0,1.02,0.0,13.17
ORD007272,2025-10-03 10:55:13,ST003,CUST00306,Online,Card,Completed,10.45,0.0,0.0,3.49,13.94
ORD007273,2025-02-07 00:12:53,ST008,CUST00352,In-store,Mobile Wallet,Completed,12.75,0.0,0.0,0.0,12.75
ORD007274,2025-04-30 10:28:21,ST002,CUST00058,In-store,Card,Completed,12.2,0.0,0.0,0.0,12.2
ORD007275,2025-09-13 15:31:34,ST004,CUST00227,In-store,Mobile Wallet,Completed,38.6,0.0,0.36,0.0,38.96
ORD007276,2025-11-12 06:41:42,ST002,CUST00044,In-store,Card,Completed,30.75,0.0,2.26,0.0,33.01
ORD007277,2025-08-30 21:42:27,ST004,CUST00115,In-store,Cash,Completed,34.6,1.56,1.96,0.0,35.0
ORD007278,2025-06-03 13:02:33,ST008,CUST00584,In-store,Cash,Completed,21.5,0.0,2.65,0.0,24.15
ORD007279,2025-01-20 02:14:58,ST003,CUST00134,In-store,Card,Cancelled,9.0,0.0,1.8,0.0,0.0
ORD007280,2025-08-19 06:51:16,ST002,CUST00440,In-store,Mobile Wallet,Completed,45.1,0.96,0.0,0.0,44.14
ORD007281,2025-07-02 11:09:18,ST005,CUST00218,Click & Collect,Card,Completed,54.4,1.8,5.06,0.0,57.66
ORD007282,2025-05-05 17:15:35,ST003,CUST00567,In-store,Card,Completed,37.9,0.0,5.44,0.0,43.34
ORD007283,2025-11-05 16:43:06,ST005,CUST00672,In-store,Mobile Wallet,Completed,50.35,0.0,2.68,0.0,53.03
ORD007284,2025-05-12 20:16:26,ST003,CUST00055,In-store,Card,Completed,32.95,0.0,2.12,0.0,35.07
ORD007285,2025-01-26 05:38:28,ST007,CUST00065,In-store,Card,Completed,22.8,0.0,2.08,0.0,24.88
ORD007286,2025-07-04 21:58:45,ST001,CUST00247,In-store,Card,Completed,22.9,0.0,1.14,0.0,24.04
ORD007287,2025-03-17 09:18:06,ST007,,In-store,Card,Completed,2.3,0.0,0.0,0.0,2.3
ORD007288,2025-07-04 05:40:30,ST006,CUST00262,In-store,Mobile Wallet,Refunded,14.7,0.0,0.0,0.0,14.7
ORD007289,2025-08-30 02:21:49,ST007,,In-store,Card,Completed,43.4,1.24,4.98,0.0,47.14
ORD007290,2025-10-14 09:09:19,ST008,CUST00477,Online,Card,Completed,9.65,0.0,1.56,3.49,14.7
ORD007291,2025-05-20 00:37:57,ST007,CUST00029,Online,Card,Completed,26.6,0.0,0.36,3.49,30.45
ORD007292,2025-07-22 07:09:02,ST008,,In-store,Card,Completed,45.5,0.0,4.14,0.0,49.64
ORD007293,2025-08-14 11:17:56,ST001,CUST00078,In-store,Card,Completed,29.4,0.0,5.08,0.0,34.48
ORD007294,2025-08-11 09:18:17,ST005,,In-store,Mobile Wallet,Completed,15.4,0.23,2.62,0.0,17.79
ORD007295,2025-12-28 19:11:05,ST004,CUST00151,Click & Collect,Card,Completed,76.15,0.0,6.76,0.0,82.91
ORD007296,2025-12-04 19:03:37,ST007,CUST00114,In-store,Card,Refunded,64.1,0.0,0.72,0.0,64.82
ORD007297,2025-07-04 20:28:57,ST002,,In-store,Card,Completed,3.0,0.0,0.6,0.0,3.6
ORD007298,2025-05-06 17:52:28,ST008,CUST00244,In-store,Card,Completed,17.5,0.0,0.0,0.0,17.5
ORD007299,2025-03-08 09:43:05,ST008,,In-store,Card,Completed,47.25,0.0,1.86,0.0,49.11
ORD007300,2025-07-06 16:36:43,ST004,CUST00591,Online,Card,Completed,1.2,0.0,0.0,3.49,4.69
ORD007301,2025-02-06 21:28:20,ST005,,In-store,Mobile Wallet,Completed,48.1,0.0,6.62,0.0,54.72
ORD007302,2025-08-14 00:24:41,ST004,,In-store,Card,Completed,12.0,1.2,0.0,0.0,10.8
ORD007303,2025-08-24 14:43:15,ST001,CUST00359,In-store,Card,Completed,14.8,0.0,1.04,0.0,15.84
ORD007304,2025-09-22 06:19:57,ST005,CUST00659,In-store,Card,Completed,37.15,0.0,6.15,0.0,43.3
ORD007305,2025-04-02 06:47:04,ST008,CUST00215,In-store,Card,Completed,18.6,0.0,0.0,0.0,18.6
ORD007306,2025-11-16 06:03:07,ST004,CUST00407,In-store,Cash,Completed,44.95,0.0,1.47,0.0,46.42
ORD007307,2025-05-14 23:04:29,ST004,CUST00437,In-store,Mobile Wallet,Completed,28.5,0.0,2.32,0.0,30.82
ORD007308,2025-12-08 20:14:33,ST003,CUST00440,Online,Card,Completed,31.2,0.0,1.04,3.49,35.73
ORD007309,2025-09-28 02:18:03,ST003,CUST00556,Click & Collect,Mobile Wallet,Completed,11.2,0.0,0.0,0.0,11.2
ORD007310,2025-06-16 03:13:13,ST007,CUST00687,In-store,Gift Card,Completed,7.8,0.0,0.68,0.0,8.48
ORD007311,2025-07-01 07:22:14,ST001,CUST00610,In-store,Mobile Wallet,Completed,28.9,0.0,0.34,0.0,29.24
ORD007312,2025-08-20 08:32:43,ST007,CUST00059,In-store,Card,Completed,7.3,0.0,1.46,0.0,8.76
ORD007313,2025-05-08 18:22:28,ST002,CUST00548,In-store,Card,Completed,44.95,0.0,4.8,0.0,49.75
ORD007314,2025-03-27 18:56:45,ST003,CUST00496,Online,Card,Completed,14.3,0.0,1.04,3.49,18.83
ORD007315,2025-06-21 23:05:41,ST006,CUST00460,In-store,Card,Completed,50.5,0.72,4.5,0.0,54.28
ORD007316,2025-05-21 18:47:43,ST001,CUST00311,In-store,Card,Completed,25.75,0.0,0.0,0.0,25.75
ORD007317,2025-02-07 07:34:23,ST005,,Click & Collect,Gift Card,Completed,4.05,0.0,0.64,0.0,4.69
ORD007318,2025-09-07 05:50:45,ST003,CUST00049,In-store,Card,Completed,12.95,0.0,0.4,0.0,13.35
ORD007319,2025-07-09 13:12:54,ST003,CUST00261,In-store,Card,Completed,14.35,0.0,1.48,0.0,15.83
ORD007320,2025-06-30 08:50:24,ST001,CUST00381,Online,Cash,Completed,26.6,0.0,0.6,3.49,30.69
ORD007321,2025-08-03 03:07:01,ST001,CUST00220,Online,Card,Completed,11.6,0.0,1.28,3.49,16.37
ORD007322,2025-03-10 19:21:57,ST001,CUST00232,In-store,Card,Completed,29.9,0.0,1.28,0.0,31.18
ORD007323,2025-12-13 03:27:53,ST004,CUST00365,In-store,Card,Completed,23.9,0.0,2.96,0.0,26.86
ORD007324,2025-06-19 15:56:07,ST002,CUST00072,In-store,Card,Completed,11.0,0.0,0.0,0.0,11.0
ORD007325,2025-11-30 14:39:26,ST005,CUST00735,Click & Collect,Cash,Completed,33.3,0.0,0.6,0.0,33.9
ORD007326,2025-12-17 12:08:30,ST007,CUST00409,In-store,Card,Completed,29.45,0.0,0.76,0.0,30.21
ORD007327,2025-04-28 00:37:55,ST007,CUST00023,In-store,Card,Completed,14.7,0.0,0.0,0.0,14.7
ORD007328,2025-05-09 14:32:24,ST005,CUST00394,In-store,Card,Completed,41.9,0.0,0.0,0.0,41.9
ORD007329,2025-07-28 18:34:26,ST005,CUST00377,In-store,Card,Completed,17.25,0.0,2.34,0.0,19.59
ORD007330,2025-06-24 03:22:37,ST002,CUST00256,Online,Card,Completed,11.4,0.0,0.0,3.49,14.89
ORD007331,2025-12-13 08:34:04,ST007,,In-store,Card,Completed,13.6,0.0,0.0,0.0,13.6
ORD007332,2025-07-09 23:12:28,ST007,CUST00441,In-store,Mobile Wallet,Completed,9.5,0.0,0.8,0.0,10.3
ORD007333,2025-09-07 16:18:20,ST003,CUST00236,In-store,Card,Completed,41.0,0.3,5.58,0.0,46.28
ORD007334,2025-04-22 13:55:35,ST008,CUST00654,In-store,Card,Completed,25.9,0.0,1.6,0.0,27.5
ORD007335,2025-02-10 13:09:25,ST005,,In-store,Mobile Wallet,Completed,16.2,0.14,1.7,0.0,17.76
ORD007336,2025-06-26 21:41:41,ST007,,In-store,Cash,Completed,70.6,3.84,0.24,0.0,67.0
ORD007337,2025-01-18 20:51:51,ST001,CUST00166,In-store,Card,Completed,12.0,1.2,0.0,0.0,10.8
ORD007338,2025-02-10 11:55:44,ST001,,Click & Collect,Card,Completed,31.0,1.89,1.96,0.0,31.07
ORD007339,2025-11-20 14:01:52,ST007,,In-store,Card,Completed,36.45,0.0,0.42,0.0,36.87
ORD007340,2025-02-25 07:22:28,ST007,CUST00471,In-store,Card,Completed,24.2,0.0,3.96,0.0,28.16
ORD007341,2025-03-25 16:08:00,ST002,,Online,Card,Completed,23.4,0.0,2.68,3.49,29.57
ORD007342,2025-10-14 06:33:02,ST004,CUST00677,In-store,Card,Completed,10.8,0.0,0.0,0.0,10.8
ORD007343,2025-10-13 20:38:36,ST002,CUST00696,In-store,Mobile Wallet,Completed,22.1,0.0,0.96,0.0,23.06
ORD007344,2025-01-02 04:34:10,ST005,,Click & Collect,Card,Completed,25.7,0.0,0.34,0.0,26.04
ORD007345,2025-12-22 12:21:26,ST003,CUST00321,In-store,Card,Completed,3.4,0.0,0.0,0.0,3.4
ORD007346,2025-11-27 23:31:59,ST004,CUST00129,In-store,Card,Completed,55.5,0.0,1.79,0.0,57.29
ORD007347,2025-03-25 17:50:46,ST008,CUST00093,In-store,Card,Completed,5.1,0.0,0.0,0.0,5.1
ORD007348,2025-03-24 22:08:21,ST003,CUST00655,In-store,Card,Cancelled,57.5,0.0,3.5,0.0,0.0
ORD007349,2025-10-01 00:08:37,ST008,CUST00220,In-store,Mobile Wallet,Completed,2.6,0.0,0.52,0.0,3.12
ORD007350,2025-04-20 19:58:52,ST006,,Online,Cash,Completed,50.2,2.3,1.84,0.0,49.74
ORD007351,2025-04-04 20:58:24,ST008,,Online,Card,Completed,44.0,0.66,5.42,0.0,48.76
ORD007352,2025-03-29 19:12:07,ST001,CUST00507,In-store,Card,Completed,16.6,0.0,0.6,0.0,17.2
ORD007353,2025-01-13 09:29:14,ST004,,Click & Collect,Card,Completed,41.5,0.3,1.58,0.0,42.78
ORD007354,2025-08-31 22:39:04,ST002,CUST00662,In-store,Card,Completed,31.0,0.0,0.0,0.0,31.0
ORD007355,2025-02-15 19:26:06,ST005,CUST00287,Online,Card,Completed,40.95,0.67,0.0,0.0,40.28
ORD007356,2025-01-18 08:53:23,ST003,CUST00298,In-store,Card,Completed,23.45,0.0,2.89,0.0,26.34
ORD007357,2025-06-24 03:37:52,ST001,,In-store,Mobile Wallet,Completed,39.0,2.48,1.32,0.0,37.84
ORD007358,2025-11-06 10:09:58,ST004,CUST00425,Online,Card,Completed,45.1,0.0,4.22,0.0,49.32
ORD007359,2025-04-08 15:51:31,ST005,CUST00715,Click & Collect,Cash,Completed,59.3,0.0,4.4,0.0,63.7
ORD007360,2025-01-15 22:42:16,ST006,CUST00096,In-store,Mobile Wallet,Completed,25.1,0.0,3.82,0.0,28.92
ORD007361,2025-07-09 00:07:13,ST003,CUST00134,Online,Card,Completed,4.4,0.0,0.0,3.49,7.89
ORD007362,2025-04-07 09:51:59,ST003,CUST00426,In-store,Cash,Completed,24.0,0.0,4.04,0.0,28.04
ORD007363,2025-11-26 09:35:45,ST001,,In-store,Mobile Wallet,Completed,11.5,0.0,1.04,0.0,12.54
ORD007364,2025-01-14 11:45:13,ST006,CUST00300,In-store,Card,Cancelled,42.9,1.35,3.76,0.0,0.0
ORD007365,2025-02-20 23:12:41,ST006,CUST00771,Online,Card,Completed,12.3,0.9,0.48,3.49,15.37
ORD007366,2025-03-06 09:31:08,ST003,CUST00773,Online,Card,Completed,31.3,0.0,2.58,3.49,37.37
ORD007367,2025-12-27 10:18:19,ST005,,In-store,Card,Completed,17.4,0.0,1.04,0.0,18.44
ORD007368,2025-03-14 18:50:08,ST005,CUST00105,In-store,Card,Completed,23.6,0.0,0.8,0.0,24.4
ORD007369,2025-06-06 10:36:15,ST003,CUST00774,Online,Card,Completed,25.6,1.44,0.0,3.49,27.65
ORD007370,2025-07-09 12:19:11,ST002,CUST00479,In-store,Cash,Completed,13.2,0.0,1.36,0.0,14.56
ORD007371,2025-05-12 18:50:58,ST003,CUST00628,Online,Card,Completed,78.15,0.0,11.76,0.0,89.91
ORD007372,2025-11-04 18:48:31,ST007,CUST00157,In-store,Card,Completed,9.2,0.0,1.84,0.0,11.04
ORD007373,2025-05-21 11:25:22,ST007,,In-store,Card,Completed,4.8,0.0,0.0,0.0,4.8
ORD007374,2025-09-19 03:15:56,ST004,CUST00007,Online,Card,Completed,16.5,0.0,1.24,3.49,21.23
ORD007375,2025-04-05 12:44:33,ST008,CUST00149,In-store,Cash,Completed,3.2,0.0,0.64,0.0,3.84
ORD007376,2025-06-08 12:00:59,ST004,CUST00607,Online,Card,Completed,23.55,0.0,2.22,3.49,29.26
ORD007377,2025-10-12 00:53:38,ST001,CUST00594,In-store,Card,Completed,16.4,0.0,0.8,0.0,17.2
ORD007378,2025-01-21 22:10:17,ST002,,In-store,Mobile Wallet,Completed,18.2,0.0,2.22,0.0,20.42
ORD007379,2025-01-13 13:14:26,ST005,CUST00218,Online,Mobile Wallet,Completed,3.05,0.0,0.0,3.49,6.54
ORD007380,2025-10-09 04:59:23,ST001,CUST00707,In-store,Cash,Completed,37.4,0.0,3.76,0.0,41.16
ORD007381,2025-03-28 12:07:31,ST001,CUST00611,In-store,Card,Completed,6.4,0.0,0.38,0.0,6.78
ORD007382,2025-09-20 01:31:04,ST006,CUST00113,In-store,Card,Completed,37.55,0.9,4.02,0.0,40.67
ORD007383,2025-10-21 15:28:24,ST005,,In-store,Card,Completed,25.0,0.0,3.9,0.0,28.9
ORD007384,2025-06-08 03:01:01,ST003,CUST00646,Online,Cash,Completed,7.8,0.0,0.0,3.49,11.29
ORD007385,2025-10-07 09:09:59,ST004,,In-store,Card,Completed,26.2,0.0,0.0,0.0,26.2
ORD007386,2025-12-05 04:17:13,ST003,CUST00297,In-store,Mobile Wallet,Completed,12.3,0.46,1.05,0.0,12.89
ORD007387,2025-07-08 20:55:41,ST006,CUST00190,In-store,Card,Completed,10.7,0.0,0.0,0.0,10.7
ORD007388,2025-08-06 15:21:26,ST004,,In-store,Card,Completed,10.3,0.0,1.58,0.0,11.88
ORD007389,2025-09-25 23:38:36,ST001,CUST00393,Online,Card,Completed,42.2,0.3,1.32,0.0,43.22
ORD007390,2025-11-17 09:58:08,ST007,,Online,Card,Completed,6.7,0.0,0.0,3.49,10.19
ORD007391,2025-04-03 19:51:11,ST002,CUST00518,In-store,Card,Completed,40.55,1.92,2.87,0.0,41.5
ORD007392,2025-05-07 22:11:43,ST007,CUST00103,In-store,Card,Completed,31.6,0.0,1.72,0.0,33.32
ORD007393,2025-10-05 03:55:05,ST003,CUST00365,In-store,Card,Completed,11.85,0.0,1.96,0.0,13.81
ORD007394,2025-03-07 11:30:48,ST003,CUST00021,Click & Collect,Card,Completed,4.1,0.0,0.52,0.0,4.62
ORD007395,2025-04-17 04:00:45,ST008,,Click & Collect,Mobile Wallet,Completed,12.65,0.0,0.72,0.0,13.37
ORD007396,2025-06-05 23:37:04,ST001,CUST00610,In-store,Card,Completed,22.7,0.0,1.22,0.0,23.92
ORD007397,2025-10-05 06:53:35,ST004,CUST00726,Online,Mobile Wallet,Completed,15.3,0.0,0.18,3.49,18.97
ORD007398,2025-05-06 23:51:53,ST004,,In-store,Card,Completed,20.2,0.0,3.49,0.0,23.69
ORD007399,2025-12-13 11:12:54,ST003,CUST00117,In-store,Cash,Completed,19.8,0.0,0.0,0.0,19.8
ORD007400,2025-03-30 18:13:39,ST001,CUST00274,In-store,Cash,Completed,37.6,0.0,4.86,0.0,42.46
ORD007401,2025-10-14 13:14:05,ST006,,Online,Card,Completed,5.4,0.0,0.0,3.49,8.89
ORD007402,2025-10-25 12:16:25,ST007,CUST00554,In-store,Card,Completed,29.2,0.0,2.08,0.0,31.28
ORD007403,2025-07-28 16:59:40,ST001,,In-store,Mobile Wallet,Completed,12.75,0.0,1.52,0.0,14.27
ORD007404,2025-04-03 06:38:56,ST003,,In-store,Card,Completed,13.8,0.23,0.0,0.0,13.57
ORD007405,2025-08-08 13:27:42,ST002,CUST00229,In-store,Card,Completed,21.5,0.0,3.6,0.0,25.1
ORD007406,2025-01-24 06:03:36,ST005,CUST00495,In-store,Card,Completed,35.4,0.0,0.88,0.0,36.28
ORD007407,2025-01-20 21:26:00,ST003,CUST00725,In-store,Card,Completed,26.8,0.4,0.84,0.0,27.24
ORD007408,2025-04-19 20:23:57,ST001,,In-store,Gift Card,Completed,49.2,0.0,2.98,0.0,52.18
ORD007409,2025-09-16 06:30:52,ST002,,In-store,Card,Completed,40.6,0.9,1.74,0.0,41.44
ORD007410,2025-06-28 12:30:12,ST002,CUST00121,Online,Cash,Completed,25.0,0.0,0.42,3.49,28.91
ORD007411,2025-03-09 01:17:56,ST003,CUST00548,In-store,Card,Completed,28.1,0.0,0.8,0.0,28.9
ORD007412,2025-10-10 01:28:30,ST003,CUST00642,Online,Card,Completed,33.15,0.0,5.16,3.49,41.8
ORD007413,2025-06-29 17:45:45,ST005,,Online,Card,Completed,10.7,0.0,1.04,3.49,15.23
ORD007414,2025-03-24 10:21:30,ST002,,In-store,Card,Completed,11.25,0.0,1.24,0.0,12.49
ORD007415,2025-11-03 00:18:35,ST004,,In-store,Card,Completed,20.0,0.0,2.96,0.0,22.96
ORD007416,2025-01-11 05:49:23,ST006,,In-store,Card,Completed,21.8,0.0,2.8,0.0,24.6
ORD007417,2025-12-13 03:12:43,ST005,CUST00041,In-store,Card,Completed,43.2,0.0,5.2,0.0,48.4
ORD007418,2025-05-20 14:46:03,ST006,CUST00195,Online,Card,Completed,21.25,0.0,0.0,3.49,24.74
ORD007419,2025-05-27 10:47:24,ST004,CUST00303,Online,Mobile Wallet,Completed,41.0,0.0,2.62,0.0,43.62
ORD007420,2025-03-17 12:09:44,ST008,CUST00013,In-store,Mobile Wallet,Completed,31.5,0.0,4.1,0.0,35.6
ORD007421,2025-09-11 22:41:12,ST003,CUST00206,In-store,Cash,Completed,46.65,0.3,5.46,0.0,51.81
ORD007422,2025-06-15 07:14:16,ST007,CUST00099,Online,Card,Completed,21.9,0.0,2.04,3.49,27.43
ORD007423,2025-05-22 13:50:20,ST002,CUST00239,Online,Card,Completed,5.2,0.0,0.0,3.49,8.69
ORD007424,2025-03-11 08:22:27,ST005,CUST00275,In-store,Card,Completed,26.2,0.0,2.04,0.0,28.24
ORD007425,2025-09-16 18:38:19,ST008,CUST00238,In-store,Mobile Wallet,Completed,12.6,0.0,0.52,0.0,13.12
ORD007426,2025-06-13 07:44:47,ST005,,In-store,Cash,Completed,34.05,0.72,0.7,0.0,34.03
ORD007427,2025-10-17 11:13:42,ST004,CUST00160,Click & Collect,Gift Card,Completed,54.4,0.0,0.0,0.0,54.4
ORD007428,2025-05-21 18:21:59,ST002,CUST00671,In-store,Card,Completed,28.6,0.0,0.77,0.0,29.37
ORD007429,2025-05-02 14:09:01,ST001,CUST00214,In-store,Card,Completed,20.5,0.0,3.4,0.0,23.9
ORD007430,2025-12-17 11:40:54,ST007,CUST00021,In-store,Cash,Completed,6.7,0.15,0.87,0.0,7.42
ORD007431,2025-06-29 03:57:20,ST005,CUST00184,In-store,Card,Completed,15.4,0.0,0.18,0.0,15.58
ORD007432,2025-03-19 04:31:53,ST001,CUST00778,In-store,Card,Completed,12.5,0.0,0.52,0.0,13.02
ORD007433,2025-06-17 06:08:05,ST004,CUST00459,Click & Collect,Cash,Completed,16.2,0.0,1.32,0.0,17.52
ORD007434,2025-09-20 15:21:03,ST005,,In-store,Card,Completed,9.0,0.0,0.4,0.0,9.4
ORD007435,2025-08-05 11:42:40,ST006,CUST00305,In-store,Card,Completed,27.4,0.0,1.8,0.0,29.2
ORD007436,2025-11-17 01:52:44,ST008,CUST00266,In-store,Card,Completed,36.8,0.0,3.88,0.0,40.68
ORD007437,2025-02-16 14:32:13,ST004,CUST00693,In-store,Card,Completed,38.8,1.12,3.42,0.0,41.09
ORD007438,2025-12-12 17:50:19,ST006,CUST00481,Online,Cash,Completed,68.2,0.48,3.7,0.0,71.42
ORD007439,2025-11-03 23:32:47,ST006,,In-store,Card,Completed,42.45,0.0,0.0,0.0,42.45
ORD007440,2025-07-27 02:14:05,ST002,CUST00787,In-store,Card,Completed,9.0,0.0,0.0,0.0,9.0
ORD007441,2025-05-30 14:20:19,ST006,CUST00354,Online,Card,Completed,28.85,0.0,0.6,3.49,32.94
ORD007442,2025-06-28 09:49:37,ST002,CUST00554,In-store,Card,Completed,58.1,0.0,1.14,0.0,59.24
ORD007443,2025-05-12 08:29:10,ST008,CUST00194,In-store,Card,Completed,35.8,0.0,2.04,0.0,37.84
ORD007444,2025-09-07 23:45:19,ST008,CUST00399,In-store,Card,Completed,7.4,0.0,0.0,0.0,7.4
ORD007445,2025-05-16 10:20:21,ST007,CUST00677,In-store,Cash,Completed,31.3,0.0,0.9,0.0,32.2
ORD007446,2025-06-27 05:57:10,ST006,CUST00178,In-store,Gift Card,Completed,32.05,0.0,1.04,0.0,33.09
ORD007447,2025-06-10 01:46:30,ST007,CUST00283,Click & Collect,Card,Completed,11.2,0.0,0.34,0.0,11.54
ORD007448,2025-01-03 06:00:14,ST001,CUST00379,Click & Collect,Card,Completed,7.85,0.1,0.72,0.0,8.47
ORD007449,2025-03-07 14:08:07,ST004,CUST00774,In-store,Card,Completed,44.5,0.0,3.12,0.0,47.62
ORD007450,2025-02-09 05:22:38,ST001,CUST00377,In-store,Card,Completed,51.9,0.0,4.58,0.0,56.48
ORD007451,2025-04-22 12:48:39,ST002,CUST00216,In-store,Card,Completed,17.85,0.0,0.0,0.0,17.85
ORD007452,2025-04-20 09:44:39,ST007,CUST00065,In-store,Card,Completed,20.6,0.0,2.42,0.0,23.02
ORD007453,2025-12-31 17:15:17,ST003,CUST00636,In-store,Card,Completed,21.1,0.0,2.94,0.0,24.04
ORD007454,2025-06-19 13:35:22,ST007,CUST00193,In-store,Gift Card,Completed,51.6,2.88,3.1,0.0,51.82
ORD007455,2025-07-30 13:35:13,ST004,,Online,Card,Completed,10.7,0.0,2.14,3.49,16.33
ORD007456,2025-07-23 05:51:49,ST003,,Online,Card,Completed,10.85,0.23,0.8,3.49,14.91
ORD007457,2025-11-01 09:54:05,ST006,CUST00627,In-store,Mobile Wallet,Completed,8.1,0.0,0.0,0.0,8.1
ORD007458,2025-04-16 22:48:51,ST008,CUST00326,Online,Card,Completed,11.6,0.0,1.28,3.49,16.37
ORD007459,2025-01-23 08:30:24,ST006,,In-store,Card,Completed,38.0,2.69,1.18,0.0,36.49
ORD007460,2025-11-25 05:13:13,ST004,CUST00722,Online,Card,Completed,29.35,0.0,0.52,3.49,33.36
ORD007461,2025-08-17 02:15:31,ST007,CUST00445,In-store,Card,Completed,33.3,0.0,3.12,0.0,36.42
ORD007462,2025-08-31 03:39:08,ST002,,In-store,Card,Completed,28.95,1.24,0.0,0.0,27.71
ORD007463,2025-11-02 02:38:47,ST006,CUST00049,In-store,Cash,Completed,61.2,0.0,7.1,0.0,68.3
ORD007464,2025-04-07 06:12:02,ST003,CUST00489,In-store,Card,Completed,54.85,0.0,6.84,0.0,61.69
ORD007465,2025-02-24 00:46:34,ST004,CUST00510,In-store,Card,Completed,23.0,0.33,0.6,0.0,23.27
ORD007466,2025-08-09 03:01:27,ST008,CUST00518,Online,Card,Completed,33.8,0.0,3.8,3.49,41.09
ORD007467,2025-10-19 01:42:00,ST007,,In-store,Card,Completed,50.9,0.0,2.82,0.0,53.72
ORD007468,2025-06-15 14:58:04,ST002,CUST00629,Online,Card,Completed,11.5,0.0,0.0,3.49,14.99
ORD007469,2025-12-24 22:57:51,ST008,CUST00762,In-store,Card,Completed,19.1,0.0,0.0,0.0,19.1
ORD007470,2025-02-18 06:05:14,ST008,CUST00391,In-store,Card,Completed,4.0,0.6,0.0,0.0,3.4
ORD007471,2025-10-10 09:33:04,ST003,CUST00601,Online,Card,Completed,32.8,0.0,3.12,3.49,39.41
ORD007472,2025-06-27 22:09:35,ST001,CUST00709,In-store,Card,Completed,0.95,0.0,0.0,0.0,0.95
ORD007473,2025-08-05 12:38:32,ST007,CUST00596,In-store,Card,Completed,29.05,1.24,0.76,0.0,28.57
ORD007474,2025-07-01 01:56:56,ST001,,In-store,Card,Completed,37.8,0.72,0.6,0.0,37.68
ORD007475,2025-12-20 12:13:58,ST005,CUST00620,In-store,Mobile Wallet,Completed,10.8,0.0,0.0,0.0,10.8
ORD007476,2025-03-15 15:42:04,ST003,,In-store,Card,Completed,16.35,0.0,1.94,0.0,18.29
ORD007477,2025-07-22 04:23:13,ST003,CUST00681,Online,Card,Completed,14.4,0.0,2.88,3.49,20.77
ORD007478,2025-10-31 02:56:08,ST008,,In-store,Card,Completed,21.1,0.0,1.2,0.0,22.3
ORD007479,2025-01-07 11:48:43,ST007,CUST00207,Online,Card,Completed,40.75,0.0,0.0,0.0,40.75
ORD007480,2025-09-26 04:05:51,ST007,CUST00297,In-store,Card,Completed,27.4,0.3,0.3,0.0,27.4
ORD007481,2025-09-08 09:30:23,ST002,,In-store,Card,Completed,8.5,1.5,1.4,0.0,8.4
ORD007482,2025-04-04 04:02:44,ST008,CUST00732,In-store,Card,Completed,20.3,0.0,0.52,0.0,20.82
ORD007483,2025-07-02 01:52:20,ST005,CUST00043,In-store,Card,Completed,46.35,3.0,0.64,0.0,43.99
ORD007484,2025-03-27 06:44:10,ST008,CUST00642,In-store,Card,Completed,41.3,0.0,5.46,0.0,46.76
ORD007485,2025-07-29 09:53:40,ST004,CUST00341,In-store,Card,Completed,32.0,0.0,2.52,0.0,34.52
ORD007486,2025-10-26 11:39:06,ST002,CUST00006,In-store,Mobile Wallet,Completed,6.0,0.0,0.0,0.0,6.0
ORD007487,2025-09-11 07:48:41,ST001,,In-store,Card,Completed,41.1,1.2,6.44,0.0,46.34
ORD007488,2025-02-09 00:43:05,ST005,,In-store,Card,Completed,10.0,0.33,0.6,0.0,10.27
ORD007489,2025-07-11 17:20:00,ST001,,In-store,Card,Completed,11.8,0.0,1.04,0.0,12.84
ORD007490,2025-06-06 13:25:03,ST006,,In-store,Card,Completed,17.7,0.0,0.0,0.0,17.7
ORD007491,2025-12-03 02:08:18,ST002,CUST00285,In-store,Card,Completed,13.65,0.3,2.0,0.0,15.35
ORD007492,2025-08-23 01:04:00,ST001,CUST00786,In-store,Card,Completed,47.9,2.5,1.68,0.0,47.08
ORD007493,2025-10-12 15:51:29,ST005,,Online,Card,Completed,32.45,0.0,3.06,3.49,39.0
ORD007494,2025-05-29 07:47:19,ST006,,In-store,Card,Completed,11.7,0.0,0.9,0.0,12.6
ORD007495,2025-07-31 17:28:47,ST007,CUST00021,Online,Card,Completed,20.6,0.0,2.6,3.49,26.69
ORD007496,2025-06-16 00:41:01,ST002,,In-store,Cash,Completed,16.0,0.0,0.38,0.0,16.38
ORD007497,2025-07-26 13:30:33,ST002,CUST00159,In-store,Card,Completed,9.6,0.0,0.0,0.0,9.6
ORD007498,2025-10-13 16:05:11,ST002,CUST00082,In-store,Mobile Wallet,Completed,36.45,0.0,0.97,0.0,37.42
ORD007499,2025-07-20 09:19:36,ST008,CUST00734,Click & Collect,Card,Completed,17.6,0.0,2.12,0.0,19.72
ORD007500,2025-01-03 15:44:16,ST005,CUST00763,In-store,Mobile Wallet,Completed,21.4,0.0,0.8,0.0,22.2
ORD007501,2025-08-29 01:50:41,ST003,CUST00125,Online,Mobile Wallet,Completed,37.45,0.0,4.85,3.49,45.79
ORD007502,2025-10-25 02:11:17,ST001,CUST00054,In-store,Card,Completed,38.8,0.0,2.16,0.0,40.96
ORD007503,2025-09-19 05:57:14,ST007,CUST00241,Online,Card,Completed,0.9,0.0,0.18,3.49,4.57
ORD007504,2025-08-03 05:05:51,ST003,CUST00493,In-store,Mobile Wallet,Completed,4.0,0.0,0.0,0.0,4.0
ORD007505,2025-07-17 10:48:21,ST005,CUST00151,Online,Card,Completed,36.3,0.0,2.0,3.49,41.79
ORD007506,2025-11-26 17:43:06,ST003,CUST00400,In-store,Card,Completed,43.2,0.0,1.34,0.0,44.54
ORD007507,2025-06-09 04:19:42,ST007,CUST00159,In-store,Card,Completed,10.7,0.0,0.44,0.0,11.14
ORD007508,2025-11-29 13:21:08,ST002,CUST00002,In-store,Card,Completed,13.0,0.0,0.0,0.0,13.0
ORD007509,2025-02-11 01:29:09,ST007,,Online,Card,Completed,10.0,0.0,0.0,3.49,13.49
ORD007510,2025-07-07 17:11:24,ST002,CUST00357,In-store,Card,Completed,24.8,0.0,1.4,0.0,26.2
ORD007511,2025-06-02 05:00:31,ST001,,In-store,Cash,Completed,62.15,0.0,8.18,0.0,70.33
ORD007512,2025-09-29 18:30:24,ST004,CUST00280,In-store,Mobile Wallet,Completed,33.3,0.3,5.16,0.0,38.16
ORD007513,2025-08-13 13:56:15,ST008,CUST00036,In-store,Card,Completed,55.0,0.0,8.18,0.0,63.18
ORD007514,2025-09-02 04:59:54,ST006,,In-store,Card,Completed,31.4,0.0,3.24,0.0,34.64
ORD007515,2025-01-15 15:38:38,ST002,,Online,Card,Completed,51.3,0.68,7.8,0.0,58.42
ORD007516,2025-04-30 01:16:17,ST001,CUST00609,In-store,Card,Completed,25.4,0.0,2.28,0.0,27.68
ORD007517,2025-04-08 15:48:48,ST001,CUST00684,Online,Card,Completed,3.4,0.0,0.0,3.49,6.89
ORD007518,2025-12-20 19:01:22,ST002,CUST00556,In-store,Card,Completed,12.2,0.0,0.18,0.0,12.38
ORD007519,2025-01-25 19:11:31,ST005,CUST00082,In-store,Card,Completed,9.7,0.0,0.38,0.0,10.08
ORD007520,2025-07-15 12:25:38,ST007,,In-store,Mobile Wallet,Completed,16.0,0.0,0.0,0.0,16.0
ORD007521,2025-09-03 06:37:34,ST004,CUST00726,In-store,Card,Completed,20.4,0.0,3.48,0.0,23.88
ORD007522,2025-12-08 09:51:05,ST002,,In-store,Card,Completed,10.1,0.0,1.36,0.0,11.46
ORD007523,2025-03-27 06:10:16,ST008,CUST00168,In-store,Card,Completed,43.25,0.0,0.6,0.0,43.85
ORD007524,2025-01-10 21:49:32,ST005,CUST00432,Online,Card,Completed,14.9,0.0,2.26,3.49,20.65
ORD007525,2025-03-07 15:03:54,ST004,CUST00414,In-store,Cash,Completed,2.4,0.0,0.0,0.0,2.4
ORD007526,2025-11-15 21:32:03,ST001,,In-store,Card,Completed,20.0,0.0,0.0,0.0,20.0
ORD007527,2025-03-12 07:06:18,ST004,,In-store,Card,Completed,36.9,0.0,5.46,0.0,42.36
ORD007528,2025-10-31 15:03:25,ST003,,In-store,Card,Completed,35.5,0.0,2.52,0.0,38.02
ORD007529,2025-05-22 08:21:46,ST005,CUST00230,In-store,Card,Completed,25.2,0.0,4.0,0.0,29.2
ORD007530,2025-04-09 10:05:30,ST006,CUST00566,In-store,Card,Completed,9.5,0.38,0.36,0.0,9.48
ORD007531,2025-06-03 08:21:48,ST001,CUST00442,Online,Card,Completed,9.3,0.0,1.26,3.49,14.05
ORD007532,2025-08-21 01:18:47,ST004,,In-store,Card,Completed,4.85,0.0,0.0,0.0,4.85
ORD007533,2025-01-15 07:15:19,ST002,,In-store,Card,Completed,6.3,0.0,1.26,0.0,7.56
ORD007534,2025-10-17 15:36:12,ST002,,In-store,Mobile Wallet,Completed,12.5,0.0,1.56,0.0,14.06
ORD007535,2025-05-04 06:38:53,ST005,CUST00552,Online,Mobile Wallet,Completed,16.0,0.0,1.28,3.49,20.77
ORD007536,2025-04-29 23:03:05,ST008,CUST00268,In-store,Card,Cancelled,10.0,0.0,1.4,0.0,0.0
ORD007537,2025-08-29 12:57:58,ST003,CUST00056,In-store,Card,Completed,41.0,0.0,4.44,0.0,45.44
ORD007538,2025-11-20 02:00:22,ST006,CUST00652,Online,Card,Completed,3.75,0.0,0.37,3.49,7.61
ORD007539,2025-04-25 04:30:28,ST008,CUST00390,Online,Card,Completed,44.6,0.0,1.62,0.0,46.22
ORD007540,2025-08-10 11:16:21,ST008,CUST00797,In-store,Card,Completed,42.9,0.0,3.3,0.0,46.2
ORD007541,2025-03-18 02:33:48,ST002,CUST00753,In-store,Mobile Wallet,Completed,28.5,0.0,2.02,0.0,30.52
ORD007542,2025-05-12 19:05:29,ST002,CUST00620,In-store,Mobile Wallet,Completed,34.85,0.0,3.74,0.0,38.59
ORD007543,2025-02-10 17:08:55,ST001,CUST00222,In-store,Card,Completed,19.8,0.0,1.52,0.0,21.32
ORD007544,2025-11-14 09:37:44,ST002,,In-store,Mobile Wallet,Completed,37.85,0.0,2.18,0.0,40.03
ORD007545,2025-09-19 14:06:49,ST005,CUST00493,Click & Collect,Card,Completed,1.8,0.6,0.24,0.0,1.44
ORD007546,2025-03-02 03:29:13,ST002,,In-store,Card,Completed,28.9,0.0,2.08,0.0,30.98
ORD007547,2025-11-29 21:11:30,ST003,,Online,Card,Completed,16.4,0.0,0.0,3.49,19.89
ORD007548,2025-02-28 06:59:51,ST003,CUST00470,Online,Card,Completed,4.3,0.0,0.0,3.49,7.79
ORD007549,2025-10-22 18:53:18,ST001,CUST00067,In-store,Mobile Wallet,Completed,45.95,0.0,0.0,0.0,45.95
ORD007550,2025-09-21 16:51:01,ST008,CUST00178,In-store,Card,Completed,26.95,0.9,2.3,0.0,28.35
ORD007551,2025-09-13 11:50:06,ST006,CUST00735,In-store,Mobile Wallet,Completed,13.0,0.0,1.2,0.0,14.2
ORD007552,2025-07-27 05:52:05,ST001,CUST00350,In-store,Card,Completed,24.2,0.0,1.36,0.0,25.56
ORD007553,2025-06-25 19:21:14,ST003,CUST00485,Click & Collect,Card,Completed,9.9,0.0,0.6,0.0,10.5
ORD007554,2025-04-09 14:46:00,ST008,,In-store,Card,Completed,6.1,0.0,0.38,0.0,6.48
ORD007555,2025-11-19 17:02:58,ST003,CUST00135,Online,Card,Completed,25.2,0.0,1.32,3.49,30.01
ORD007556,2025-01-02 10:01:20,ST001,CUST00212,Online,Card,Completed,33.4,0.76,0.6,3.49,36.73
ORD007557,2025-01-10 17:21:55,ST008,CUST00410,Online,Cash,Completed,18.4,0.0,1.28,3.49,23.17
ORD007558,2025-11-25 01:54:14,ST007,CUST00144,In-store,Mobile Wallet,Completed,33.0,0.0,6.04,0.0,39.04
ORD007559,2025-08-29 21:14:29,ST002,CUST00016,Click & Collect,Gift Card,Completed,8.3,0.0,0.0,0.0,8.3
ORD007560,2025-05-12 03:10:38,ST003,CUST00258,In-store,Card,Completed,35.45,0.0,1.76,0.0,37.21
ORD007561,2025-08-30 13:56:52,ST003,,In-store,Mobile Wallet,Cancelled,30.95,0.0,2.36,0.0,0.0
ORD007562,2025-04-13 00:23:26,ST001,CUST00011,Online,Cash,Completed,3.8,0.0,0.0,3.49,7.29
ORD007563,2025-05-16 21:30:47,ST001,CUST00513,In-store,Card,Completed,39.05,0.0,1.62,0.0,40.67
ORD007564,2025-11-08 15:20:58,ST008,CUST00400,Online,Card,Completed,35.8,0.0,1.26,3.49,40.55
ORD007565,2025-12-05 17:00:49,ST007,CUST00340,In-store,Card,Completed,13.65,0.15,0.78,0.0,14.28
ORD007566,2025-09-10 05:35:57,ST005,CUST00583,In-store,Card,Completed,22.55,0.0,2.52,0.0,25.07
ORD007567,2025-04-05 12:36:10,ST005,CUST00410,Online,Card,Completed,39.8,0.66,4.04,3.49,46.67
ORD007568,2025-04-06 20:41:27,ST007,CUST00553,Online,Card,Completed,27.4,0.0,5.24,3.49,36.13
ORD007569,2025-02-02 15:39:45,ST004,CUST00526,In-store,Cash,Completed,13.3,0.0,1.92,0.0,15.22
ORD007570,2025-09-14 20:32:24,ST005,CUST00532,In-store,Card,Completed,1.7,0.0,0.0,0.0,1.7
ORD007571,2025-01-13 18:06:33,ST005,,In-store,Gift Card,Completed,22.0,0.55,0.0,0.0,21.45
ORD007572,2025-06-24 17:57:48,ST004,,Online,Card,Completed,34.0,0.0,3.89,3.49,41.38
ORD007573,2025-01-05 23:41:36,ST003,CUST00711,In-store,Card,Completed,13.65,0.2,1.26,0.0,14.71
ORD007574,2025-06-18 10:01:43,ST007,,In-store,Card,Completed,18.25,0.0,2.87,0.0,21.12
ORD007575,2025-08-20 12:12:36,ST002,CUST00134,In-store,Card,Completed,30.4,0.0,2.82,0.0,33.22
ORD007576,2025-10-23 06:20:33,ST004,CUST00247,Online,Mobile Wallet,Completed,11.3,0.0,1.72,3.49,16.51
ORD007577,2025-06-02 00:34:06,ST007,CUST00665,Click & Collect,Card,Completed,48.2,1.15,1.3,0.0,48.35
ORD007578,2025-05-25 06:40:32,ST003,,Click & Collect,Card,Completed,9.9,0.0,0.74,0.0,10.64
ORD007579,2025-05-17 15:59:29,ST004,CUST00736,In-store,Card,Completed,34.3,0.0,1.04,0.0,35.34
ORD007580,2025-05-29 03:57:08,ST008,CUST00068,In-store,Card,Completed,20.55,0.0,0.0,0.0,20.55
ORD007581,2025-06-12 21:07:29,ST001,CUST00532,Online,Card,Completed,42.1,0.0,1.82,0.0,43.92
ORD007582,2025-05-11 03:22:55,ST007,,Click & Collect,Card,Completed,9.45,0.0,0.8,0.0,10.25
ORD007583,2025-12-31 10:24:40,ST007,CUST00800,Online,Card,Completed,8.25,0.0,0.0,3.49,11.74
ORD007584,2025-02-23 22:55:32,ST007,CUST00149,In-store,Card,Completed,20.5,0.0,1.38,0.0,21.88
ORD007585,2025-10-17 07:07:56,ST007,CUST00012,Online,Gift Card,Completed,13.6,0.0,0.64,3.49,17.73
ORD007586,2025-10-22 01:59:29,ST001,CUST00443,Online,Card,Completed,38.75,0.0,4.14,3.49,46.38
ORD007587,2025-03-02 06:03:39,ST004,CUST00417,In-store,Cash,Completed,16.1,0.0,1.68,0.0,17.78
ORD007588,2025-08-20 00:43:01,ST001,CUST00023,In-store,Cash,Completed,25.05,0.96,1.62,0.0,25.71
ORD007589,2025-10-13 14:04:38,ST005,,Click & Collect,Card,Completed,38.7,0.0,1.76,0.0,40.46
ORD007590,2025-11-07 09:15:49,ST008,CUST00267,In-store,Card,Completed,15.8,0.0,1.12,0.0,16.92
ORD007591,2025-08-15 08:44:12,ST006,,In-store,Cash,Completed,15.35,0.0,1.24,0.0,16.59
ORD007592,2025-08-31 15:01:24,ST008,CUST00640,In-store,Cash,Completed,19.4,0.0,3.64,0.0,23.04
ORD007593,2025-09-30 22:54:00,ST006,CUST00546,Online,Card,Completed,19.65,0.0,1.16,3.49,24.3
ORD007594,2025-05-11 16:16:45,ST003,,Online,Card,Completed,16.35,0.0,0.0,3.49,19.84
ORD007595,2025-08-12 09:45:38,ST003,CUST00225,In-store,Cash,Completed,8.0,0.0,1.38,0.0,9.38
ORD007596,2025-12-11 14:12:17,ST003,CUST00581,Online,Card,Completed,41.25,0.0,0.7,0.0,41.95
ORD007597,2025-11-16 22:15:24,ST001,CUST00496,Online,Card,Completed,23.15,0.0,1.6,3.49,28.24
ORD007598,2025-05-13 05:22:28,ST003,CUST00322,In-store,Card,Completed,15.6,0.0,0.0,0.0,15.6
ORD007599,2025-07-30 04:13:00,ST002,CUST00083,In-store,Card,Completed,28.2,0.0,1.6,0.0,29.8
ORD007600,2025-05-05 23:25:50,ST001,,In-store,Mobile Wallet,Completed,29.3,0.0,0.42,0.0,29.72
ORD007601,2025-09-13 20:55:58,ST004,,In-store,Cash,Completed,18.2,0.0,2.04,0.0,20.24
ORD007602,2025-04-23 19:19:09,ST006,CUST00403,In-store,Cash,Completed,51.3,0.0,2.66,0.0,53.96
ORD007603,2025-09-02 15:49:55,ST007,CUST00377,In-store,Card,Completed,21.8,0.0,3.12,0.0,24.92
ORD007604,2025-11-30 20:32:21,ST002,CUST00799,In-store,Card,Completed,11.2,0.0,1.56,0.0,12.76
ORD007605,2025-04-28 18:59:18,ST003,,Online,Card,Completed,31.8,0.0,2.56,3.49,37.85
ORD007606,2025-04-08 17:02:41,ST007,CUST00277,Online,Card,Completed,27.3,0.58,1.64,3.49,31.85
ORD007607,2025-07-18 23:20:48,ST006,CUST00196,In-store,Card,Refunded,32.3,0.0,1.28,0.0,33.58
ORD007608,2025-02-27 10:30:33,ST006,CUST00679,In-store,Mobile Wallet,Completed,11.65,0.0,0.76,0.0,12.41
ORD007609,2025-06-26 01:20:00,ST001,,In-store,Card,Completed,22.6,0.0,0.8,0.0,23.4
ORD007610,2025-04-03 06:17:18,ST002,,In-store,Card,Completed,34.65,0.33,0.76,0.0,35.08
ORD007611,2025-02-07 06:15:22,ST002,CUST00067,In-store,Mobile Wallet,Completed,23.45,0.14,1.78,0.0,25.09
ORD007612,2025-07-30 20:44:28,ST004,CUST00408,In-store,Card,Completed,28.45,0.0,0.84,0.0,29.29
ORD007613,2025-08-07 12:09:38,ST001,CUST00384,In-store,Card,Completed,20.7,0.0,0.74,0.0,21.44
ORD007614,2025-02-14 01:16:33,ST002,CUST00422,Click & Collect,Cash,Completed,23.3,0.0,3.28,0.0,26.58
ORD007615,2025-12-13 00:56:18,ST004,CUST00118,Online,Card,Completed,20.2,0.48,2.54,3.49,25.75
ORD007616,2025-10-11 00:01:21,ST006,CUST00683,Online,Mobile Wallet,Completed,1.9,0.0,0.38,3.49,5.77
ORD007617,2025-08-08 23:29:29,ST005,,In-store,Card,Completed,32.65,0.0,2.16,0.0,34.81
ORD007618,2025-10-22 10:16:53,ST001,CUST00197,In-store,Mobile Wallet,Completed,10.3,0.0,0.8,0.0,11.1
ORD007619,2025-11-17 03:14:49,ST001,CUST00677,In-store,Cash,Completed,29.1,0.0,0.0,0.0,29.1
ORD007620,2025-10-08 02:49:19,ST001,,Online,Card,Completed,19.2,0.0,0.36,3.49,23.05
ORD007621,2025-08-07 12:41:16,ST002,CUST00376,In-store,Mobile Wallet,Completed,50.95,3.36,1.74,0.0,49.33
ORD007622,2025-08-22 22:20:35,ST007,CUST00244,Click & Collect,Card,Completed,4.5,0.0,0.0,0.0,4.5
ORD007623,2025-11-05 16:52:31,ST008,,In-store,Card,Completed,5.4,0.0,0.48,0.0,5.88
ORD007624,2025-01-27 16:03:39,ST007,CUST00179,Online,Card,Refunded,28.9,1.08,0.82,3.49,32.13
ORD007625,2025-11-13 16:23:19,ST005,CUST00148,In-store,Card,Completed,5.25,0.0,0.86,0.0,6.11
ORD007626,2025-01-17 14:57:12,ST005,,Online,Card,Completed,30.25,0.31,3.19,3.49,36.62
ORD007627,2025-03-24 19:41:26,ST004,,In-store,Card,Completed,3.9,0.0,0.0,0.0,3.9
ORD007628,2025-03-13 18:50:58,ST003,CUST00529,In-store,Card,Completed,13.2,0.0,0.0,0.0,13.2
ORD007629,2025-02-06 05:52:51,ST005,CUST00499,In-store,Cash,Completed,23.4,0.0,1.46,0.0,24.86
ORD007630,2025-04-13 08:36:26,ST006,CUST00210,Online,Card,Completed,41.85,0.0,0.6,0.0,42.45
ORD007631,2025-08-17 20:38:27,ST006,,Click & Collect,Card,Cancelled,51.65,0.62,4.16,0.0,0.0
ORD007632,2025-04-28 02:41:38,ST001,,Online,Card,Completed,39.6,0.0,2.9,3.49,45.99
ORD007633,2025-09-27 05:52:16,ST005,CUST00366,Click & Collect,Card,Completed,16.75,0.3,0.64,0.0,17.09
ORD007634,2025-01-11 21:28:56,ST006,CUST00733,Online,Mobile Wallet,Completed,3.3,0.0,0.0,3.49,6.79
ORD007635,2025-05-04 04:07:13,ST005,,Click & Collect,Mobile Wallet,Completed,19.9,0.0,2.2,0.0,22.1
ORD007636,2025-03-15 21:14:50,ST006,CUST00709,Online,Card,Completed,20.8,0.0,3.06,3.49,27.35
ORD007637,2025-06-11 23:35:39,ST004,,In-store,Gift Card,Completed,18.25,0.0,1.04,0.0,19.29
ORD007638,2025-08-18 01:38:06,ST005,CUST00499,In-store,Cash,Completed,36.0,1.2,1.44,0.0,36.24
ORD007639,2025-04-28 06:30:27,ST003,CUST00729,In-store,Card,Completed,38.8,0.0,2.26,0.0,41.06
ORD007640,2025-08-14 07:59:27,ST001,CUST00330,In-store,Gift Card,Refunded,19.9,0.96,1.36,0.0,20.3
ORD007641,2025-04-18 03:01:04,ST001,CUST00511,Click & Collect,Card,Completed,25.0,0.66,0.6,0.0,24.94
ORD007642,2025-10-05 02:08:44,ST008,CUST00746,In-store,Card,Completed,5.0,0.0,0.3,0.0,5.3
ORD007643,2025-06-07 21:59:41,ST007,CUST00165,In-store,Card,Completed,7.5,0.0,1.5,0.0,9.0
ORD007644,2025-11-30 04:32:17,ST005,CUST00766,Online,Card,Completed,14.95,0.0,0.84,3.49,19.28
ORD007645,2025-10-18 05:38:39,ST007,CUST00440,In-store,Card,Completed,27.8,0.0,0.24,0.0,28.04
ORD007646,2025-09-02 06:40:03,ST006,CUST00650,Online,Card,Completed,52.0,0.0,8.16,0.0,60.16
ORD007647,2025-04-02 15:03:18,ST003,CUST00232,In-store,Card,Completed,48.4,0.0,1.3,0.0,49.7
ORD007648,2025-07-14 09:46:32,ST007,CUST00422,Online,Card,Completed,25.1,0.0,2.02,3.49,30.61
ORD007649,2025-09-30 18:24:50,ST003,CUST00576,In-store,Card,Completed,17.2,0.0,0.0,0.0,17.2
ORD007650,2025-01-28 06:37:48,ST007,CUST00662,Click & Collect,Mobile Wallet,Completed,67.8,0.0,0.54,0.0,68.34
ORD007651,2025-11-18 11:47:28,ST001,,In-store,Card,Completed,35.3,0.0,3.36,0.0,38.66
ORD007652,2025-12-03 16:22:33,ST005,CUST00719,In-store,Card,Completed,4.95,0.0,0.0,0.0,4.95
ORD007653,2025-06-08 17:43:55,ST007,,Online,Mobile Wallet,Completed,25.6,0.6,1.5,3.49,29.99
ORD007654,2025-09-11 22:26:25,ST007,CUST00472,In-store,Card,Completed,28.2,1.2,2.8,0.0,29.8
ORD007655,2025-07-19 21:48:00,ST006,,In-store,Card,Completed,24.7,0.0,0.36,0.0,25.06
ORD007656,2025-07-27 11:55:44,ST007,CUST00585,In-store,Card,Completed,40.0,0.0,5.88,0.0,45.88
ORD007657,2025-04-25 08:57:34,ST003,CUST00640,In-store,Card,Completed,26.0,0.0,2.96,0.0,28.96
ORD007658,2025-06-25 21:13:32,ST002,,In-store,Mobile Wallet,Completed,8.0,0.0,0.0,0.0,8.0
ORD007659,2025-03-16 22:59:44,ST004,,Online,Card,Completed,5.5,0.0,0.0,3.49,8.99
ORD007660,2025-11-13 15:37:49,ST002,CUST00499,In-store,Card,Completed,28.2,0.0,0.44,0.0,28.64
ORD007661,2025-12-02 23:22:18,ST005,CUST00092,Online,Card,Completed,61.0,0.15,2.79,0.0,63.64
ORD007662,2025-03-09 21:27:41,ST005,CUST00732,In-store,Cash,Completed,21.6,0.0,1.56,0.0,23.16
ORD007663,2025-12-13 04:15:42,ST005,CUST00657,Online,Card,Completed,76.65,0.0,10.86,0.0,87.51
ORD007664,2025-05-10 11:06:40,ST003,CUST00358,In-store,Card,Completed,32.55,0.0,0.34,0.0,32.89
ORD007665,2025-09-17 13:13:40,ST004,CUST00171,In-store,Mobile Wallet,Completed,27.45,0.0,1.86,0.0,29.31
ORD007666,2025-02-10 03:33:50,ST005,CUST00663,In-store,Card,Completed,46.5,1.57,0.0,0.0,44.92
ORD007667,2025-08-15 21:18:11,ST005,CUST00654,In-store,Card,Completed,41.1,0.0,3.06,0.0,44.16
ORD007668,2025-12-08 05:32:50,ST002,CUST00712,In-store,Card,Completed,48.8,0.0,2.6,0.0,51.4
ORD007669,2025-08-03 17:44:17,ST002,CUST00178,Online,Card,Completed,49.9,0.0,4.4,0.0,54.3
ORD007670,2025-10-03 05:34:38,ST006,CUST00108,In-store,Cash,Completed,2.4,0.0,0.0,0.0,2.4
ORD007671,2025-08-16 10:54:44,ST002,CUST00301,In-store,Cash,Completed,41.2,0.0,6.5,0.0,47.7
ORD007672,2025-04-19 21:35:54,ST004,CUST00521,In-store,Mobile Wallet,Completed,36.5,1.56,2.78,0.0,37.72
ORD007673,2025-07-10 02:44:09,ST006,CUST00700,In-store,Card,Completed,27.75,0.0,0.9,0.0,28.65
ORD007674,2025-03-29 13:12:53,ST006,CUST00324,In-store,Gift Card,Completed,13.8,0.0,0.96,0.0,14.76
ORD007675,2025-10-19 11:33:07,ST008,,In-store,Card,Completed,19.35,0.0,1.28,0.0,20.63
ORD007676,2025-10-21 22:06:42,ST008,CUST00251,In-store,Cash,Completed,7.2,0.0,0.24,0.0,7.44
ORD007677,2025-03-26 00:18:24,ST006,,In-store,Mobile Wallet,Completed,18.45,0.0,0.42,0.0,18.87
ORD007678,2025-11-04 16:10:45,ST007,CUST00739,In-store,Card,Completed,5.2,0.0,1.04,0.0,6.24
ORD007679,2025-03-23 16:24:52,ST005,CUST00621,In-store,Mobile Wallet,Completed,40.0,0.0,3.68,0.0,43.68
ORD007680,2025-08-22 23:46:48,ST008,,Click & Collect,Card,Completed,26.95,0.0,0.36,0.0,27.31
ORD007681,2025-01-04 22:38:04,ST001,CUST00515,In-store,Cash,Completed,12.15,0.1,0.64,0.0,12.7
ORD007682,2025-07-09 15:55:08,ST007,CUST00792,Online,Card,Completed,20.5,0.0,0.0,3.49,23.99
ORD007683,2025-01-28 00:37:51,ST006,,In-store,Card,Completed,34.1,0.66,0.0,0.0,33.44
ORD007684,2025-02-24 20:58:56,ST007,,In-store,Cash,Completed,13.8,0.0,2.12,0.0,15.92
ORD007685,2025-09-28 17:11:40,ST004,CUST00130,In-store,Card,Completed,7.55,0.0,0.52,0.0,8.07
ORD007686,2025-09-16 12:13:27,ST004,CUST00673,In-store,Card,Completed,28.95,0.0,1.8,0.0,30.75
ORD007687,2025-09-16 13:49:16,ST005,CUST00562,In-store,Card,Completed,43.45,0.9,4.31,0.0,46.86
ORD007688,2025-07-14 01:24:16,ST007,CUST00104,In-store,Card,Completed,42.25,0.0,1.2,0.0,43.45
ORD007689,2025-08-10 14:29:17,ST007,CUST00738,In-store,Card,Completed,41.9,0.0,1.18,0.0,43.08
ORD007690,2025-08-14 08:00:04,ST003,,In-store,Card,Completed,22.1,0.0,2.48,0.0,24.58
ORD007691,2025-10-16 14:30:08,ST008,CUST00723,Online,Card,Completed,29.05,0.0,2.09,3.49,34.63
ORD007692,2025-06-18 13:23:30,ST001,CUST00377,Online,Card,Completed,14.95,0.0,0.86,3.49,19.3
ORD007693,2025-09-24 19:46:52,ST008,CUST00195,Click & Collect,Card,Completed,31.8,0.0,1.84,0.0,33.64
ORD007694,2025-11-30 02:41:48,ST001,,Online,Card,Completed,20.7,0.0,0.36,3.49,24.55
ORD007695,2025-12-15 03:44:30,ST007,CUST00698,In-store,Card,Completed,31.7,0.0,2.08,0.0,33.78
ORD007696,2025-07-15 09:57:11,ST006,CUST00140,In-store,Card,Completed,9.4,0.0,0.3,0.0,9.7
ORD007697,2025-03-29 06:22:37,ST004,CUST00600,In-store,Card,Completed,11.8,0.0,1.52,0.0,13.32
ORD007698,2025-12-30 07:58:01,ST003,CUST00505,In-store,Cash,Cancelled,35.9,0.0,1.96,0.0,0.0
ORD007699,2025-12-19 09:21:12,ST003,CUST00308,Click & Collect,Card,Completed,33.35,1.15,2.99,0.0,35.19
ORD007700,2025-03-11 10:01:25,ST003,CUST00290,Online,Card,Completed,32.35,0.0,1.84,3.49,37.68
ORD007701,2025-12-04 19:55:29,ST007,CUST00331,In-store,Card,Completed,20.65,0.44,1.42,0.0,21.63
ORD007702,2025-04-27 06:47:10,ST002,CUST00726,In-store,Card,Completed,38.9,0.0,2.0,0.0,40.9
ORD007703,2025-01-30 21:23:30,ST004,CUST00001,In-store,Card,Completed,24.6,0.19,2.44,0.0,26.85
ORD007704,2025-10-24 17:38:31,ST004,,Online,Card,Completed,3.7,0.0,0.3,3.49,7.49
ORD007705,2025-07-06 01:10:54,ST005,,Online,Card,Refunded,26.4,0.0,3.2,3.49,33.09
ORD007706,2025-10-28 20:58:44,ST006,CUST00122,Click & Collect,Card,Completed,2.0,0.0,0.4,0.0,2.4
ORD007707,2025-08-16 22:29:38,ST008,CUST00640,In-store,Card,Completed,19.25,0.0,2.52,0.0,21.77
ORD007708,2025-04-19 22:08:44,ST002,CUST00536,In-store,Card,Completed,38.1,0.0,1.97,0.0,40.07
ORD007709,2025-03-26 01:43:56,ST006,CUST00133,In-store,Card,Completed,20.1,0.0,2.22,0.0,22.32
ORD007710,2025-02-13 18:44:34,ST007,,In-store,Card,Completed,9.4,0.82,0.0,0.0,8.58
ORD007711,2025-10-20 22:42:21,ST008,,In-store,Card,Completed,35.6,0.0,3.59,0.0,39.19
ORD007712,2025-01-29 18:33:07,ST001,CUST00264,In-store,Mobile Wallet,Completed,29.2,0.6,0.6,0.0,29.2
ORD007713,2025-10-30 17:50:10,ST006,CUST00039,In-store,Card,Completed,24.2,0.0,1.32,0.0,25.52
ORD007714,2025-09-08 21:40:42,ST002,CUST00487,In-store,Card,Refunded,11.45,0.0,0.0,0.0,11.45
ORD007715,2025-01-21 09:50:08,ST003,CUST00338,Online,Card,Completed,71.85,0.0,5.24,0.0,77.09
ORD007716,2025-04-17 08:11:35,ST004,,In-store,Cash,Completed,20.05,0.0,0.73,0.0,20.78
ORD007717,2025-05-07 22:38:19,ST002,CUST00108,Online,Card,Completed,17.85,0.0,0.66,3.49,22.0
ORD007718,2025-02-14 09:21:46,ST007,CUST00239,In-store,Card,Completed,54.15,0.33,4.38,0.0,58.2
ORD007719,2025-01-08 14:42:22,ST004,CUST00231,Online,Card,Completed,6.9,0.0,0.4,3.49,10.79
ORD007720,2025-10-05 02:58:47,ST002,,In-store,Card,Completed,29.35,0.0,0.36,0.0,29.71
ORD007721,2025-08-29 13:21:16,ST003,CUST00073,In-store,Card,Completed,7.9,0.0,0.3,0.0,8.2
ORD007722,2025-07-10 21:45:48,ST003,CUST00702,Online,Gift Card,Completed,23.95,0.0,0.0,3.49,27.44
ORD007723,2025-11-12 08:01:43,ST002,CUST00032,In-store,Card,Completed,36.3,0.0,2.58,0.0,38.88
ORD007724,2025-10-24 05:00:00,ST002,CUST00603,In-store,Card,Completed,21.8,0.0,2.42,0.0,24.22
ORD007725,2025-10-18 00:53:43,ST008,CUST00713,In-store,Card,Completed,57.45,0.0,1.92,0.0,59.37
ORD007726,2025-12-13 20:03:43,ST002,CUST00504,Click & Collect,Card,Completed,27.25,0.0,2.98,0.0,30.23
ORD007727,2025-03-14 15:25:59,ST006,CUST00519,In-store,Card,Completed,4.4,0.0,0.0,0.0,4.4
ORD007728,2025-11-06 00:42:57,ST008,CUST00115,In-store,Card,Completed,25.9,0.0,1.04,0.0,26.94
ORD007729,2025-11-06 14:26:49,ST003,CUST00288,In-store,Card,Completed,52.3,0.0,4.76,0.0,57.06
ORD007730,2025-06-27 16:05:28,ST003,,In-store,Card,Completed,11.1,0.0,0.96,0.0,12.06
ORD007731,2025-10-10 21:50:15,ST005,CUST00069,In-store,Card,Completed,4.85,0.0,0.0,0.0,4.85
ORD007732,2025-05-19 08:57:22,ST002,CUST00491,In-store,Card,Completed,39.7,0.0,1.11,0.0,40.81
ORD007733,2025-12-05 11:22:42,ST001,,In-store,Card,Completed,14.4,0.0,0.0,0.0,14.4
ORD007734,2025-01-23 04:29:07,ST004,CUST00053,Click & Collect,Card,Completed,10.0,0.44,0.0,0.0,9.56
ORD007735,2025-12-08 11:47:15,ST006,CUST00723,Online,Card,Completed,19.9,0.12,1.62,3.49,24.89
ORD007736,2025-05-19 22:40:10,ST005,CUST00753,In-store,Cash,Completed,11.6,0.0,1.24,0.0,12.84
ORD007737,2025-09-29 23:29:13,ST001,CUST00616,In-store,Card,Completed,2.4,0.0,0.0,0.0,2.4
ORD007738,2025-07-07 17:51:15,ST004,CUST00275,In-store,Cash,Cancelled,20.0,0.0,0.0,0.0,0.0
ORD007739,2025-01-02 00:06:08,ST003,,Click & Collect,Card,Completed,25.65,0.0,0.84,0.0,26.49
ORD007740,2025-06-02 16:20:53,ST001,CUST00238,In-store,Card,Completed,24.3,1.2,1.0,0.0,24.1
ORD007741,2025-07-23 20:31:12,ST004,,In-store,Card,Completed,22.3,0.0,2.08,0.0,24.38
ORD007742,2025-05-29 15:58:20,ST001,CUST00376,In-store,Cash,Completed,27.3,0.0,5.1,0.0,32.4
ORD007743,2025-05-09 23:45:11,ST008,CUST00093,In-store,Mobile Wallet,Completed,20.3,0.0,1.18,0.0,21.48
ORD007744,2025-06-02 16:32:15,ST002,CUST00647,In-store,Card,Completed,20.8,0.0,2.88,0.0,23.68
ORD007745,2025-11-05 06:19:24,ST001,CUST00212,Online,Card,Completed,41.65,0.0,0.0,0.0,41.65
ORD007746,2025-03-01 09:02:53,ST007,CUST00048,Click & Collect,Card,Completed,28.85,0.0,0.0,0.0,28.85
ORD007747,2025-11-26 05:51:29,ST007,,In-store,Card,Completed,32.05,0.0,1.04,0.0,33.09
ORD007748,2025-04-13 13:22:08,ST002,CUST00286,In-store,Card,Completed,28.2,0.14,2.96,0.0,31.02
ORD007749,2025-10-30 14:08:08,ST007,,Online,Card,Completed,7.2,0.0,0.0,3.49,10.69
ORD007750,2025-06-02 21:05:52,ST003,CUST00380,In-store,Card,Completed,25.3,0.0,2.4,0.0,27.7
ORD007751,2025-01-21 09:05:53,ST006,,Online,Cash,Completed,1.1,0.0,0.0,3.49,4.59
ORD007752,2025-03-06 12:49:46,ST002,CUST00640,In-store,Card,Completed,16.6,0.0,1.86,0.0,18.46
ORD007753,2025-12-26 13:01:08,ST002,CUST00260,In-store,Mobile Wallet,Completed,6.2,0.0,0.0,0.0,6.2
ORD007754,2025-03-28 10:35:36,ST002,,Online,Card,Completed,17.4,0.0,0.3,3.49,21.19
ORD007755,2025-12-10 15:20:37,ST003,,In-store,Card,Completed,34.8,0.0,0.6,0.0,35.4
ORD007756,2025-10-13 04:17:38,ST006,CUST00674,Online,Mobile Wallet,Completed,16.65,0.0,0.36,3.49,20.5
ORD007757,2025-09-11 05:51:16,ST002,CUST00476,In-store,Cash,Completed,28.5,0.0,1.2,0.0,29.7
ORD007758,2025-02-17 02:14:47,ST003,CUST00057,Click & Collect,Card,Completed,11.15,0.0,1.68,0.0,12.83
ORD007759,2025-12-20 10:04:26,ST008,CUST00745,Online,Cash,Completed,30.05,0.0,2.08,3.49,35.62
ORD007760,2025-07-26 05:32:50,ST003,CUST00181,In-store,Cash,Completed,9.2,0.62,0.0,0.0,8.58
ORD007761,2025-09-28 21:12:11,ST005,CUST00122,In-store,Card,Completed,43.45,0.6,5.03,0.0,47.88
ORD007762,2025-01-13 09:40:23,ST004,CUST00529,Click & Collect,Mobile Wallet,Completed,44.85,1.97,1.28,0.0,44.17
ORD007763,2025-03-19 03:25:04,ST001,CUST00213,In-store,Card,Completed,2.55,0.0,0.0,0.0,2.55
ORD007764,2025-07-13 10:09:11,ST003,CUST00027,In-store,Card,Completed,20.3,0.48,0.0,0.0,19.82
ORD007765,2025-12-13 04:21:14,ST003,CUST00329,In-store,Card,Completed,19.2,0.0,0.0,0.0,19.2
ORD007766,2025-08-19 16:28:12,ST002,CUST00641,In-store,Card,Completed,44.9,0.62,2.37,0.0,46.65
ORD007767,2025-08-19 09:02:12,ST006,CUST00341,Online,Mobile Wallet,Completed,56.4,0.0,7.8,0.0,64.2
ORD007768,2025-08-15 06:38:59,ST003,CUST00272,Online,Gift Card,Completed,19.0,0.0,0.0,3.49,22.49
ORD007769,2025-04-25 23:08:46,ST001,CUST00080,Online,Mobile Wallet,Completed,38.6,0.0,2.96,3.49,45.05
ORD007770,2025-01-28 14:52:32,ST005,CUST00364,In-store,Mobile Wallet,Completed,63.0,0.3,1.9,0.0,64.6
ORD007771,2025-08-09 10:24:06,ST007,CUST00543,In-store,Card,Refunded,24.6,0.0,1.04,0.0,25.64
ORD007772,2025-09-03 06:44:47,ST002,CUST00735,Online,Card,Completed,31.1,0.0,1.76,3.49,36.35
ORD007773,2025-09-22 11:01:55,ST001,,In-store,Card,Completed,16.6,0.3,1.36,0.0,17.66
ORD007774,2025-11-30 08:43:59,ST001,,In-store,Card,Completed,8.1,0.0,0.6,0.0,8.7
ORD007775,2025-10-28 09:40:33,ST003,CUST00561,Online,Card,Completed,39.8,0.0,2.6,3.49,45.89
ORD007776,2025-10-20 06:44:44,ST008,,In-store,Card,Completed,32.65,0.0,0.96,0.0,33.61
ORD007777,2025-06-26 18:02:56,ST002,,In-store,Mobile Wallet,Completed,5.8,0.0,0.72,0.0,6.52
ORD007778,2025-02-11 02:08:52,ST001,,In-store,Card,Completed,29.3,0.0,5.18,0.0,34.48
ORD007779,2025-06-05 02:14:43,ST004,CUST00467,Online,Card,Completed,46.6,2.9,0.96,0.0,44.66
ORD007780,2025-09-28 18:20:37,ST005,CUST00752,In-store,Card,Completed,24.1,0.0,1.98,0.0,26.08
ORD007781,2025-06-05 02:30:40,ST002,CUST00679,In-store,Mobile Wallet,Completed,47.45,0.0,7.9,0.0,55.35
ORD007782,2025-07-28 20:58:20,ST005,CUST00279,Online,Card,Completed,13.5,0.46,1.3,3.49,17.83
ORD007783,2025-04-07 00:21:57,ST003,CUST00055,In-store,Card,Completed,21.4,0.0,1.92,0.0,23.32
ORD007784,2025-07-25 00:12:23,ST005,CUST00120,Click & Collect,Card,Completed,3.6,0.0,0.72,0.0,4.32
ORD007785,2025-12-07 01:40:29,ST003,CUST00296,In-store,Card,Completed,1.2,0.0,0.0,0.0,1.2
ORD007786,2025-07-19 06:04:56,ST006,CUST00600,In-store,Cash,Completed,22.9,0.0,1.78,0.0,24.68
ORD007787,2025-04-30 08:09:54,ST007,,In-store,Card,Completed,12.6,0.0,0.3,0.0,12.9
ORD007788,2025-12-25 13:04:12,ST005,CUST00212,In-store,Card,Completed,11.25,0.0,0.54,0.0,11.79
ORD007789,2025-06-05 05:11:17,ST008,CUST00486,In-store,Gift Card,Completed,35.15,0.0,1.62,0.0,36.77
ORD007790,2025-05-24 07:35:06,ST002,,Click & Collect,Card,Completed,44.3,0.0,5.2,0.0,49.5
ORD007791,2025-08-31 16:51:24,ST001,CUST00355,In-store,Mobile Wallet,Completed,9.2,0.92,0.0,0.0,8.28
ORD007792,2025-06-07 09:16:33,ST008,CUST00630,In-store,Card,Completed,6.2,0.62,0.0,0.0,5.58
ORD007793,2025-01-26 18:11:47,ST002,CUST00645,In-store,Card,Completed,38.15,0.0,2.68,0.0,40.83
ORD007794,2025-05-05 11:11:21,ST002,CUST00059,In-store,Card,Completed,32.9,0.0,0.96,0.0,33.86
ORD007795,2025-02-19 09:27:20,ST004,CUST00109,In-store,Mobile Wallet,Completed,50.0,0.0,1.6,0.0,51.6
ORD007796,2025-08-14 04:40:27,ST004,CUST00010,Online,Card,Refunded,50.6,2.04,0.0,0.0,48.56
ORD007797,2025-08-14 10:14:45,ST005,CUST00173,In-store,Card,Completed,2.2,0.0,0.44,0.0,2.64
ORD007798,2025-01-02 08:39:33,ST004,CUST00671,In-store,Cash,Completed,21.25,1.18,0.42,0.0,20.49
ORD007799,2025-03-11 15:45:56,ST006,CUST00737,In-store,Card,Completed,26.2,0.0,0.64,0.0,26.84
ORD007800,2025-04-28 18:52:50,ST003,CUST00416,In-store,Gift Card,Cancelled,46.25,0.0,3.6,0.0,0.0
ORD007801,2025-03-15 16:29:18,ST004,CUST00260,In-store,Cash,Completed,20.3,0.0,1.28,0.0,21.58
ORD007802,2025-09-01 15:15:49,ST003,CUST00771,Click & Collect,Mobile Wallet,Completed,2.6,0.0,0.52,0.0,3.12
ORD007803,2025-08-09 04:37:39,ST008,CUST00780,In-store,Cash,Completed,8.55,0.0,1.28,0.0,9.83
ORD007804,2025-06-06 06:27:35,ST003,,In-store,Mobile Wallet,Completed,49.2,0.0,0.0,0.0,49.2
ORD007805,2025-07-21 12:04:46,ST008,CUST00714,Online,Card,Refunded,23.2,0.0,0.52,3.49,27.21
ORD007806,2025-03-13 13:22:12,ST007,CUST00048,Online,Card,Completed,10.7,0.0,1.48,3.49,15.67
ORD007807,2025-03-17 01:11:47,ST008,CUST00217,In-store,Card,Completed,18.9,0.0,1.8,0.0,20.7
ORD007808,2025-03-05 15:40:06,ST002,CUST00753,In-store,Cash,Completed,44.4,0.0,0.0,0.0,44.4
ORD007809,2025-09-21 03:22:43,ST002,,In-store,Mobile Wallet,Completed,7.8,0.0,1.56,0.0,9.36
ORD007810,2025-11-21 09:22:30,ST005,,Online,Card,Completed,29.8,0.0,0.3,3.49,33.59
ORD007811,2025-09-25 11:06:35,ST002,CUST00095,In-store,Mobile Wallet,Completed,29.7,0.0,2.1,0.0,31.8
ORD007812,2025-01-30 12:12:03,ST002,,In-store,Card,Completed,50.5,0.33,2.88,0.0,53.05
ORD007813,2025-11-14 18:44:42,ST007,CUST00231,Online,Card,Completed,16.5,0.0,0.18,3.49,20.17
ORD007814,2025-06-21 02:30:36,ST004,CUST00216,In-store,Card,Completed,4.4,0.0,0.88,0.0,5.28
ORD007815,2025-06-21 02:04:09,ST001,CUST00398,In-store,Card,Completed,11.7,0.0,0.0,0.0,11.7
ORD007816,2025-01-03 13:09:50,ST001,CUST00446,Online,Cash,Completed,22.6,0.2,2.4,3.49,28.29
ORD007817,2025-06-01 22:32:40,ST006,CUST00792,Click & Collect,Mobile Wallet,Completed,2.85,0.0,0.0,0.0,2.85
ORD007818,2025-03-21 07:46:45,ST004,CUST00313,Online,Card,Completed,20.95,0.0,1.36,3.49,25.8
ORD007819,2025-07-03 02:17:46,ST004,,In-store,Card,Completed,2.6,0.0,0.0,0.0,2.6
ORD007820,2025-10-11 19:49:57,ST004,CUST00232,In-store,Mobile Wallet,Completed,35.15,0.0,3.16,0.0,38.31
ORD007821,2025-03-29 02:44:11,ST005,,In-store,Card,Completed,21.5,0.0,0.38,0.0,21.88
ORD007822,2025-10-05 06:11:04,ST005,,In-store,Cash,Completed,24.3,0.0,2.02,0.0,26.32
ORD007823,2025-08-01 09:55:57,ST004,CUST00111,Online,Gift Card,Completed,32.8,0.0,3.3,3.49,39.59
ORD007824,2025-01-21 10:05:59,ST007,CUST00571,Online,Card,Completed,19.6,0.19,0.0,3.49,22.9
ORD007825,2025-10-09 18:31:02,ST007,,In-store,Card,Completed,26.95,0.0,4.04,0.0,30.99
ORD007826,2025-06-21 02:21:52,ST008,CUST00577,In-store,Cash,Completed,10.1,0.0,0.0,0.0,10.1
ORD007827,2025-11-12 00:30:56,ST002,CUST00793,In-store,Card,Completed,22.7,0.0,0.34,0.0,23.04
ORD007828,2025-06-13 23:46:20,ST001,,In-store,Mobile Wallet,Completed,25.9,0.0,1.8,0.0,27.7
ORD007829,2025-01-30 01:03:43,ST005,CUST00704,In-store,Cash,Completed,25.35,0.32,0.6,0.0,25.63
ORD007830,2025-02-08 08:55:08,ST005,,In-store,Card,Completed,34.4,0.45,3.96,0.0,37.91
ORD007831,2025-03-21 18:21:37,ST004,CUST00118,In-store,Card,Completed,16.85,0.0,0.42,0.0,17.27
ORD007832,2025-08-08 19:59:08,ST006,,In-store,Card,Refunded,35.4,2.16,1.62,0.0,34.86
ORD007833,2025-06-15 10:53:32,ST005,CUST00243,In-store,Card,Completed,30.3,0.0,1.48,0.0,31.78
ORD007834,2025-11-01 13:39:13,ST001,CUST00451,Online,Card,Completed,14.65,0.0,0.9,3.49,19.04
ORD007835,2025-06-29 08:44:01,ST002,CUST00210,In-store,Card,Completed,2.2,0.0,0.44,0.0,2.64
ORD007836,2025-04-05 23:17:47,ST008,CUST00402,In-store,Card,Completed,23.7,0.0,2.66,0.0,26.36
ORD007837,2025-06-05 12:29:07,ST002,CUST00434,In-store,Card,Completed,53.25,0.6,4.38,0.0,57.03
ORD007838,2025-05-27 18:04:25,ST008,CUST00451,Online,Card,Completed,47.8,0.0,0.84,0.0,48.64
ORD007839,2025-03-02 04:04:50,ST005,CUST00170,In-store,Cash,Completed,56.8,0.0,9.31,0.0,66.11
ORD007840,2025-02-06 06:21:08,ST008,CUST00447,In-store,Cash,Refunded,34.8,0.0,5.2,0.0,40.0
ORD007841,2025-09-15 16:40:43,ST004,,Online,Cash,Completed,17.45,0.0,0.0,3.49,20.94
ORD007842,2025-04-14 13:21:10,ST006,,In-store,Card,Completed,41.8,0.23,0.94,0.0,42.51
ORD007843,2025-03-03 08:10:49,ST006,CUST00196,In-store,Card,Completed,22.05,0.0,0.6,0.0,22.65
ORD007844,2025-05-05 16:40:16,ST008,,Online,Card,Completed,2.2,0.0,0.0,3.49,5.69
ORD007845,2025-06-19 05:42:51,ST003,,In-store,Card,Completed,31.55,0.0,1.04,0.0,32.59
ORD007846,2025-09-16 20:26:55,ST001,CUST00048,In-store,Cash,Completed,15.1,2.1,2.06,0.0,15.06
ORD007847,2025-06-20 10:30:26,ST002,,In-store,Card,Completed,69.8,5.88,0.38,0.0,64.3
ORD007848,2025-10-04 10:36:07,ST008,CUST00257,Online,Card,Completed,14.2,0.0,1.44,3.49,19.13
ORD007849,2025-07-17 19:07:07,ST007,,In-store,Cash,Completed,29.65,0.23,1.56,0.0,30.98
ORD007850,2025-10-29 16:41:47,ST007,,In-store,Card,Completed,6.6,0.0,0.0,0.0,6.6
ORD007851,2025-08-22 12:02:26,ST002,CUST00611,In-store,Cash,Completed,29.0,0.0,2.6,0.0,31.6
ORD007852,2025-06-30 09:33:06,ST007,CUST00668,Click & Collect,Card,Completed,23.3,0.0,2.88,0.0,26.18
ORD007853,2025-07-18 02:57:06,ST003,CUST00352,Click & Collect,Card,Completed,19.35,0.0,2.18,0.0,21.53
ORD007854,2025-03-07 02:43:09,ST002,,In-store,Card,Completed,28.1,0.0,3.44,0.0,31.54
ORD007855,2025-05-06 07:11:00,ST008,,In-store,Card,Completed,18.2,0.0,2.32,0.0,20.52
ORD007856,2025-06-11 03:02:28,ST008,CUST00674,In-store,Card,Completed,80.15,4.68,5.9,0.0,81.37
ORD007857,2025-03-06 00:56:09,ST008,CUST00438,Online,Card,Completed,3.45,0.0,0.0,3.49,6.94
ORD007858,2025-04-26 05:33:56,ST007,CUST00369,In-store,Cash,Completed,40.2,0.0,5.2,0.0,45.4
ORD007859,2025-05-30 00:06:59,ST006,CUST00181,Click & Collect,Card,Completed,22.05,0.0,0.8,0.0,22.85
ORD007860,2025-10-11 05:53:22,ST001,,In-store,Card,Completed,53.0,0.0,8.4,0.0,61.4
ORD007861,2025-10-29 10:29:58,ST007,CUST00349,In-store,Card,Completed,57.3,0.0,3.04,0.0,60.34
ORD007862,2025-01-26 18:59:10,ST008,CUST00754,In-store,Mobile Wallet,Completed,25.25,0.3,2.68,0.0,27.63
ORD007863,2025-08-14 21:57:08,ST004,CUST00595,In-store,Card,Completed,35.0,0.0,2.26,0.0,37.26
ORD007864,2025-02-16 19:32:20,ST006,,Online,Card,Completed,33.75,0.0,0.0,3.49,37.24
ORD007865,2025-08-22 05:00:03,ST005,CUST00602,In-store,Card,Completed,16.0,0.0,0.0,0.0,16.0
ORD007866,2025-11-30 02:24:01,ST007,CUST00265,In-store,Card,Completed,63.15,0.0,5.72,0.0,68.87
ORD007867,2025-08-20 08:11:39,ST002,CUST00140,In-store,Card,Refunded,1.2,0.0,0.24,0.0,1.44
ORD007868,2025-07-15 21:15:31,ST001,CUST00533,Online,Gift Card,Completed,84.25,0.23,2.2,0.0,86.22
ORD007869,2025-07-03 13:36:42,ST004,,In-store,Card,Completed,35.6,0.0,3.88,0.0,39.48
ORD007870,2025-11-23 11:02:48,ST005,,Online,Card,Completed,17.4,0.0,0.0,3.49,20.89
ORD007871,2025-06-27 21:22:21,ST005,CUST00676,In-store,Mobile Wallet,Completed,16.3,1.24,0.3,0.0,15.36
ORD007872,2025-04-04 17:38:51,ST004,,In-store,Cash,Completed,45.5,0.0,3.5,0.0,49.0
ORD007873,2025-01-19 00:38:19,ST001,CUST00460,In-store,Card,Completed,24.5,0.24,4.42,0.0,28.68
ORD007874,2025-12-19 09:51:17,ST002,CUST00094,Online,Cash,Completed,15.75,0.0,0.68,3.49,19.92
ORD007875,2025-05-31 05:51:01,ST003,CUST00471,In-store,Cash,Completed,22.8,0.0,3.0,0.0,25.8
ORD007876,2025-06-25 21:00:55,ST005,,In-store,Card,Completed,65.85,0.0,8.0,0.0,73.85
ORD007877,2025-03-11 04:17:10,ST003,CUST00266,In-store,Card,Completed,10.3,0.0,0.44,0.0,10.74
ORD007878,2025-08-28 11:38:33,ST005,,In-store,Cash,Completed,32.9,1.84,0.96,0.0,32.02
ORD007879,2025-01-24 01:27:48,ST001,CUST00514,Click & Collect,Card,Completed,24.8,1.04,2.0,0.0,25.76
ORD007880,2025-09-22 16:05:11,ST001,CUST00365,Online,Card,Completed,3.5,0.3,0.12,3.49,6.81
ORD007881,2025-12-05 09:37:19,ST006,CUST00346,In-store,Mobile Wallet,Completed,37.1,0.46,4.01,0.0,40.65
ORD007882,2025-10-21 10:21:11,ST002,CUST00108,In-store,Cash,Completed,47.2,0.0,4.74,0.0,51.94
ORD007883,2025-06-16 01:50:57,ST005,CUST00136,Online,Cash,Completed,35.4,1.8,0.64,3.49,37.73
ORD007884,2025-02-06 13:44:27,ST002,CUST00673,In-store,Card,Completed,67.9,0.0,1.44,0.0,69.34
ORD007885,2025-12-12 03:11:00,ST008,CUST00214,In-store,Card,Completed,15.4,0.0,0.0,0.0,15.4
ORD007886,2025-06-30 13:52:14,ST003,,Online,Mobile Wallet,Completed,5.1,0.0,0.38,3.49,8.97
ORD007887,2025-10-28 17:50:17,ST008,CUST00446,In-store,Card,Completed,35.55,0.0,4.27,0.0,39.82
ORD007888,2025-04-10 00:11:59,ST001,CUST00699,In-store,Card,Completed,14.7,0.0,0.0,0.0,14.7
ORD007889,2025-04-17 04:47:24,ST003,CUST00226,In-store,Card,Completed,69.05,0.94,6.6,0.0,74.71
ORD007890,2025-01-28 14:25:38,ST002,CUST00481,Online,Card,Completed,31.0,0.0,1.04,3.49,35.53
ORD007891,2025-11-03 21:12:00,ST004,CUST00659,Online,Card,Completed,30.0,0.0,1.31,3.49,34.8
ORD007892,2025-10-22 06:43:38,ST003,CUST00430,Online,Mobile Wallet,Completed,34.2,0.0,4.68,3.49,42.37
ORD007893,2025-11-11 08:20:21,ST007,CUST00187,In-store,Mobile Wallet,Completed,24.6,0.0,3.5,0.0,28.1
ORD007894,2025-02-17 00:15:01,ST004,,In-store,Card,Completed,6.4,0.0,1.28,0.0,7.68
ORD007895,2025-10-31 04:49:57,ST001,CUST00251,In-store,Card,Completed,26.8,0.0,0.86,0.0,27.66
ORD007896,2025-08-10 17:31:31,ST002,,Click & Collect,Cash,Completed,16.8,0.0,0.54,0.0,17.34
ORD007897,2025-09-18 08:35:00,ST003,CUST00374,In-store,Card,Completed,11.1,0.0,0.0,0.0,11.1
ORD007898,2025-07-26 20:21:43,ST004,CUST00227,In-store,Card,Completed,27.6,0.0,2.04,0.0,29.64
ORD007899,2025-01-20 16:53:42,ST007,CUST00134,Online,Card,Completed,5.55,0.0,0.0,3.49,9.04
ORD007900,2025-05-01 18:42:22,ST007,CUST00199,In-store,Mobile Wallet,Completed,38.35,0.0,5.52,0.0,43.87
ORD007901,2025-05-28 04:25:22,ST007,CUST00232,Click & Collect,Card,Refunded,0.85,0.0,0.0,0.0,0.85
ORD007902,2025-05-13 17:16:08,ST008,,Online,Gift Card,Completed,23.2,0.0,0.0,3.49,26.69
ORD007903,2025-12-09 13:00:42,ST003,CUST00540,In-store,Mobile Wallet,Completed,36.3,0.0,0.72,0.0,37.02
ORD007904,2025-08-01 17:28:59,ST002,CUST00632,In-store,Card,Completed,1.9,0.0,0.38,0.0,2.28
ORD007905,2025-07-23 14:04:11,ST001,CUST00723,Online,Cash,Completed,13.9,0.0,2.78,3.49,20.17
ORD007906,2025-12-10 14:18:23,ST001,CUST00759,In-store,Card,Completed,20.25,0.0,0.0,0.0,20.25
ORD007907,2025-10-15 20:28:15,ST004,,Online,Card,Completed,53.25,0.0,1.86,0.0,55.11
ORD007908,2025-01-27 00:08:54,ST008,,In-store,Card,Completed,16.8,0.0,2.24,0.0,19.04
ORD007909,2025-03-03 15:17:54,ST006,CUST00107,In-store,Card,Completed,8.45,0.0,0.72,0.0,9.17
ORD007910,2025-07-09 04:56:53,ST001,CUST00259,In-store,Cash,Completed,28.1,0.0,4.06,0.0,32.16
ORD007911,2025-02-01 12:17:20,ST008,CUST00742,In-store,Card,Completed,17.75,0.71,0.6,0.0,17.64
ORD007912,2025-08-06 06:15:34,ST002,CUST00190,In-store,Card,Completed,33.9,0.0,2.34,0.0,36.24
ORD007913,2025-07-26 03:52:57,ST005,CUST00624,In-store,Card,Completed,2.6,0.0,0.0,0.0,2.6
ORD007914,2025-07-22 18:59:01,ST004,,Online,Card,Completed,29.7,0.0,2.58,3.49,35.77
ORD007915,2025-11-12 00:32:27,ST002,CUST00156,In-store,Card,Refunded,32.0,0.0,2.88,0.0,34.88
ORD007916,2025-06-29 18:46:58,ST008,CUST00631,In-store,Mobile Wallet,Completed,18.5,0.0,1.78,0.0,20.28
ORD007917,2025-08-27 21:42:56,ST001,CUST00747,In-store,Cash,Completed,16.1,0.0,2.18,0.0,18.28
ORD007918,2025-01-17 04:05:41,ST005,CUST00766,In-store,Card,Completed,17.2,0.0,1.84,0.0,19.04
ORD007919,2025-11-03 06:39:27,ST002,CUST00464,In-store,Cash,Completed,13.35,0.0,1.36,0.0,14.71
ORD007920,2025-07-21 16:08:35,ST001,CUST00766,In-store,Card,Completed,7.4,0.0,0.76,0.0,8.16
ORD007921,2025-05-24 03:21:43,ST007,CUST00074,In-store,Card,Completed,21.8,0.0,3.34,0.0,25.14
ORD007922,2025-10-29 08:22:05,ST005,CUST00427,Click & Collect,Card,Completed,11.6,0.0,0.88,0.0,12.48
ORD007923,2025-01-29 11:10:54,ST003,CUST00644,In-store,Cash,Completed,21.85,0.3,1.0,0.0,22.55
ORD007924,2025-10-29 11:38:49,ST006,CUST00195,In-store,Card,Completed,20.1,0.0,0.96,0.0,21.06
ORD007925,2025-04-22 13:02:59,ST004,,In-store,Gift Card,Completed,50.3,0.0,2.22,0.0,52.52
ORD007926,2025-08-27 15:49:24,ST008,,Click & Collect,Card,Completed,22.3,0.0,3.12,0.0,25.42
ORD007927,2025-04-11 00:11:11,ST004,CUST00443,In-store,Mobile Wallet,Completed,70.2,0.14,11.92,0.0,81.98
ORD007928,2025-06-13 17:04:39,ST003,CUST00060,In-store,Mobile Wallet,Completed,9.2,0.6,0.0,0.0,8.6
ORD007929,2025-01-28 09:16:01,ST004,CUST00258,Online,Card,Completed,21.1,0.72,1.26,3.49,25.13
ORD007930,2025-05-03 23:29:45,ST006,CUST00297,In-store,Cash,Completed,12.6,0.0,1.68,0.0,14.28
ORD007931,2025-11-22 14:29:11,ST007,,In-store,Gift Card,Completed,9.9,0.0,0.9,0.0,10.8
ORD007932,2025-04-18 12:02:52,ST006,CUST00505,In-store,Cash,Completed,13.3,0.0,2.26,0.0,15.56
ORD007933,2025-06-13 12:13:26,ST008,,Online,Card,Completed,38.5,1.86,1.94,3.49,42.07
ORD007934,2025-11-27 21:02:44,ST004,CUST00104,In-store,Card,Completed,26.15,0.0,0.67,0.0,26.82
ORD007935,2025-10-06 13:53:55,ST006,CUST00308,In-store,Card,Completed,22.85,0.0,4.4,0.0,27.25
ORD007936,2025-03-29 12:12:59,ST003,CUST00011,In-store,Card,Completed,6.8,0.0,0.6,0.0,7.4
ORD007937,2025-12-07 14:36:17,ST001,CUST00030,Click & Collect,Gift Card,Completed,19.95,0.0,0.0,0.0,19.95
ORD007938,2025-09-09 10:27:00,ST003,CUST00193,Online,Gift Card,Completed,17.5,0.0,1.54,3.49,22.53
ORD007939,2025-05-15 16:44:41,ST003,CUST00077,Online,Card,Completed,6.0,0.0,1.2,3.49,10.69
ORD007940,2025-07-26 01:01:10,ST007,CUST00547,In-store,Card,Completed,28.1,0.0,0.84,0.0,28.94
ORD007941,2025-08-24 16:25:49,ST005,,In-store,Card,Completed,26.35,0.0,0.3,0.0,26.65
ORD007942,2025-11-11 05:14:32,ST008,,In-store,Card,Completed,25.2,0.0,0.36,0.0,25.56
ORD007943,2025-01-30 23:47:15,ST005,CUST00012,In-store,Card,Completed,30.55,0.08,1.8,0.0,32.27
ORD007944,2025-10-30 12:29:11,ST008,CUST00701,In-store,Cash,Completed,26.3,0.0,3.58,0.0,29.88
ORD007945,2025-06-06 16:28:29,ST005,CUST00484,In-store,Card,Completed,33.25,0.0,0.0,0.0,33.25
ORD007946,2025-07-24 22:20:10,ST005,CUST00479,In-store,Card,Completed,15.35,0.0,0.0,0.0,15.35
ORD007947,2025-09-04 10:54:01,ST007,CUST00665,In-store,Mobile Wallet,Completed,39.3,0.3,2.2,0.0,41.2
ORD007948,2025-01-20 12:12:11,ST001,,In-store,Card,Completed,30.0,0.0,3.2,0.0,33.2
ORD007949,2025-05-05 15:13:13,ST003,CUST00740,In-store,Card,Completed,15.2,0.0,1.06,0.0,16.26
ORD007950,2025-01-13 05:35:48,ST003,CUST00028,In-store,Card,Completed,29.6,1.5,1.32,0.0,29.42
ORD007951,2025-01-22 17:18:22,ST001,CUST00753,Click & Collect,Mobile Wallet,Completed,18.45,0.0,0.0,0.0,18.45
ORD007952,2025-01-30 15:39:28,ST002,CUST00136,In-store,Card,Completed,32.6,0.44,2.88,0.0,35.04
ORD007953,2025-10-26 04:35:45,ST008,CUST00595,In-store,Card,Completed,46.8,0.0,0.0,0.0,46.8
ORD007954,2025-11-14 18:58:25,ST006,CUST00495,Online,Card,Completed,23.15,0.0,0.88,3.49,27.52
ORD007955,2025-08-08 09:26:31,ST002,CUST00024,In-store,Card,Completed,29.0,0.0,0.44,0.0,29.44
ORD007956,2025-07-01 11:05:01,ST003,,In-store,Gift Card,Completed,21.2,0.0,3.0,0.0,24.2
ORD007957,2025-02-01 03:53:45,ST002,CUST00016,Online,Mobile Wallet,Completed,9.1,0.0,1.02,3.49,13.61
ORD007958,2025-02-05 03:40:59,ST001,CUST00573,In-store,Card,Completed,16.75,0.0,1.2,0.0,17.95
ORD007959,2025-05-05 06:47:09,ST005,CUST00037,In-store,Card,Completed,14.5,0.0,1.6,0.0,16.1
ORD007960,2025-04-25 23:29:38,ST008,,In-store,Mobile Wallet,Completed,40.2,0.0,0.34,0.0,40.54
ORD007961,2025-06-21 15:10:04,ST001,CUST00424,In-store,Card,Completed,28.25,0.0,2.52,0.0,30.77
ORD007962,2025-02-24 01:26:02,ST007,CUST00652,In-store,Cash,Completed,24.9,0.9,2.42,0.0,26.42
ORD007963,2025-09-25 20:39:49,ST004,CUST00601,In-store,Mobile Wallet,Completed,2.0,0.0,0.0,0.0,2.0
ORD007964,2025-02-09 12:57:16,ST006,,In-store,Mobile Wallet,Completed,23.7,0.0,3.5,0.0,27.2
ORD007965,2025-12-19 17:40:53,ST002,,Online,Card,Completed,18.9,0.0,2.36,3.49,24.75
ORD007966,2025-10-25 19:09:18,ST002,CUST00492,In-store,Card,Completed,28.95,0.0,2.74,0.0,31.69
ORD007967,2025-01-21 08:26:01,ST005,,Online,Gift Card,Completed,8.35,0.0,1.67,3.49,13.51
ORD007968,2025-04-30 07:53:38,ST003,CUST00442,In-store,Mobile Wallet,Completed,29.2,0.0,1.2,0.0,30.4
ORD007969,2025-03-03 18:18:28,ST006,CUST00081,Online,Mobile Wallet,Completed,33.5,0.0,1.2,3.49,38.19
ORD007970,2025-11-01 00:09:27,ST008,CUST00553,In-store,Card,Completed,29.9,0.0,2.56,0.0,32.46
ORD007971,2025-03-24 03:45:27,ST007,CUST00688,In-store,Card,Completed,45.35,0.0,4.7,0.0,50.05
ORD007972,2025-11-28 03:05:03,ST002,CUST00291,In-store,Cash,Completed,26.25,0.0,1.34,0.0,27.59
ORD007973,2025-05-07 15:22:03,ST004,CUST00586,In-store,Card,Completed,27.4,0.0,3.2,0.0,30.6
ORD007974,2025-11-22 04:59:00,ST002,,In-store,Card,Completed,24.1,0.0,0.96,0.0,25.06
ORD007975,2025-10-07 19:50:11,ST001,CUST00778,Online,Card,Completed,45.2,0.0,3.42,0.0,48.62
ORD007976,2025-04-21 11:54:20,ST003,CUST00206,In-store,Card,Completed,31.8,0.0,3.74,0.0,35.54
ORD007977,2025-11-19 13:28:23,ST004,CUST00524,In-store,Mobile Wallet,Completed,29.6,0.0,2.5,0.0,32.1
ORD007978,2025-05-11 22:00:28,ST002,,In-store,Mobile Wallet,Completed,38.25,0.0,5.76,0.0,44.01
ORD007979,2025-04-24 05:54:38,ST001,,In-store,Cash,Completed,30.3,0.0,1.06,0.0,31.36
ORD007980,2025-05-28 02:52:18,ST002,CUST00773,Click & Collect,Card,Completed,25.1,0.0,3.84,0.0,28.94
ORD007981,2025-07-17 02:42:42,ST002,CUST00747,Online,Cash,Completed,19.75,0.0,1.0,3.49,24.24
ORD007982,2025-06-26 23:33:45,ST008,,In-store,Cash,Completed,38.1,0.23,2.96,0.0,40.83
ORD007983,2025-06-13 22:30:16,ST004,CUST00233,In-store,Mobile Wallet,Cancelled,6.75,0.0,0.72,0.0,0.0
ORD007984,2025-03-16 11:30:27,ST005,,Online,Card,Completed,49.15,0.0,8.42,0.0,57.57
ORD007985,2025-12-14 01:14:03,ST008,,In-store,Card,Completed,24.8,0.0,0.0,0.0,24.8
ORD007986,2025-10-10 19:50:43,ST004,CUST00799,In-store,Gift Card,Completed,32.6,0.0,0.0,0.0,32.6
ORD007987,2025-10-10 09:13:37,ST005,CUST00233,In-store,Card,Completed,32.9,0.0,4.52,0.0,37.42
ORD007988,2025-01-26 14:22:08,ST005,CUST00544,Online,Card,Completed,3.0,0.0,0.0,3.49,6.49
ORD007989,2025-01-31 00:44:47,ST006,CUST00361,In-store,Card,Completed,70.0,0.26,4.85,0.0,74.59
ORD007990,2025-02-15 04:31:06,ST007,CUST00601,Click & Collect,Card,Completed,21.55,0.3,0.0,0.0,21.25
ORD007991,2025-11-18 23:38:18,ST006,CUST00360,Online,Card,Completed,4.35,0.0,0.72,3.49,8.56
ORD007992,2025-09-30 15:34:56,ST003,,Online,Card,Completed,10.2,0.9,0.54,3.49,13.33
ORD007993,2025-09-05 21:26:03,ST006,CUST00444,In-store,Card,Completed,38.8,2.1,3.26,0.0,39.96
ORD007994,2025-04-01 18:25:00,ST002,CUST00056,Click & Collect,Mobile Wallet,Completed,25.5,0.0,1.44,0.0,26.94
ORD007995,2025-10-21 10:08:11,ST002,CUST00686,In-store,Card,Completed,77.0,0.0,0.38,0.0,77.38
ORD007996,2025-11-16 01:14:23,ST004,CUST00365,In-store,Card,Completed,15.4,0.0,0.44,0.0,15.84
ORD007997,2025-04-11 21:45:44,ST003,CUST00482,In-store,Card,Completed,62.3,0.43,0.82,0.0,62.69
ORD007998,2025-11-01 04:36:42,ST007,,In-store,Card,Completed,17.2,0.0,1.88,0.0,19.08
ORD007999,2025-06-20 15:08:55,ST003,CUST00194,Online,Mobile Wallet,Completed,28.4,0.0,0.0,3.49,31.89
ORD008000,2025-07-20 23:34:32,ST008,CUST00394,In-store,Mobile Wallet,Completed,27.85,0.0,1.28,0.0,29.13
ORD008001,2025-11-25 03:41:27,ST004,CUST00160,In-store,Card,Completed,16.9,0.0,2.08,0.0,18.98
ORD008002,2025-09-06 09:58:57,ST003,CUST00795,In-store,Card,Completed,2.6,0.0,0.0,0.0,2.6
ORD008003,2025-12-18 21:25:04,ST005,,In-store,Card,Completed,7.7,0.0,0.0,0.0,7.7
ORD008004,2025-11-23 03:56:26,ST005,,In-store,Cash,Cancelled,9.15,0.0,0.0,0.0,0.0
ORD008005,2025-07-26 16:06:51,ST005,CUST00798,In-store,Gift Card,Completed,19.3,0.23,0.36,0.0,19.43
ORD008006,2025-07-28 00:29:54,ST004,,In-store,Card,Completed,17.1,0.6,0.0,0.0,16.5
ORD008007,2025-09-12 03:17:27,ST001,CUST00069,Online,Card,Completed,7.9,0.0,0.96,3.49,12.35
ORD008008,2025-02-21 00:28:13,ST006,,Click & Collect,Card,Completed,16.5,0.45,0.72,0.0,16.77
ORD008009,2025-08-28 02:11:03,ST005,,Online,Card,Completed,15.0,0.0,1.96,3.49,20.45
ORD008010,2025-10-08 21:04:16,ST007,,Online,Card,Completed,11.4,0.0,0.0,3.49,14.89
ORD008011,2025-12-19 17:25:00,ST004,CUST00401,Click & Collect,Card,Cancelled,25.9,0.24,2.47,0.0,0.0
ORD008012,2025-08-21 04:01:33,ST003,CUST00142,Click & Collect,Card,Completed,13.65,0.0,0.0,0.0,13.65
ORD008013,2025-08-15 14:08:25,ST007,CUST00676,In-store,Card,Completed,51.85,0.0,2.8,0.0,54.65
ORD008014,2025-08-05 10:47:42,ST005,CUST00227,In-store,Cash,Completed,30.8,0.46,2.76,0.0,33.1
ORD008015,2025-02-12 23:32:16,ST006,CUST00454,In-store,Card,Completed,27.7,1.35,0.72,0.0,27.07
ORD008016,2025-05-15 19:53:57,ST007,CUST00296,In-store,Mobile Wallet,Completed,10.5,0.0,0.0,0.0,10.5
ORD008017,2025-03-04 14:10:35,ST007,CUST00586,In-store,Card,Completed,6.4,0.0,0.36,0.0,6.76
ORD008018,2025-09-25 20:15:43,ST005,CUST00797,In-store,Card,Completed,9.5,0.3,1.84,0.0,11.04
ORD008019,2025-08-04 14:00:15,ST001,CUST00614,In-store,Cash,Completed,35.4,0.23,0.0,0.0,35.17
ORD008020,2025-02-18 19:07:01,ST004,,In-store,Card,Completed,10.3,0.0,0.72,0.0,11.02
ORD008021,2025-04-06 17:15:23,ST002,,In-store,Card,Completed,16.0,0.0,1.02,0.0,17.02
ORD008022,2025-12-22 02:50:18,ST006,CUST00795,In-store,Card,Completed,26.0,0.0,1.2,0.0,27.2
ORD008023,2025-06-10 05:00:27,ST004,CUST00659,In-store,Mobile Wallet,Completed,66.05,0.6,7.78,0.0,73.23
ORD008024,2025-10-03 00:09:01,ST005,CUST00161,Click & Collect,Card,Completed,8.6,0.0,0.0,0.0,8.6
ORD008025,2025-03-27 01:30:46,ST007,CUST00527,In-store,Cash,Completed,3.35,0.0,0.0,0.0,3.35
ORD008026,2025-03-29 21:59:35,ST006,CUST00653,In-store,Card,Completed,26.6,0.0,1.04,0.0,27.64
ORD008027,2025-11-07 22:42:58,ST003,CUST00782,Online,Card,Completed,14.4,0.0,0.0,3.49,17.89
ORD008028,2025-01-13 16:55:45,ST008,CUST00207,In-store,Mobile Wallet,Completed,22.5,0.08,0.74,0.0,23.16
ORD008029,2025-10-19 05:40:39,ST007,,Click & Collect,Card,Completed,7.6,0.0,1.3,0.0,8.9
ORD008030,2025-07-18 20:38:35,ST002,,In-store,Card,Completed,1.85,0.0,0.37,0.0,2.22
ORD008031,2025-08-10 14:14:41,ST006,,Online,Card,Completed,26.3,0.0,0.6,3.49,30.39
ORD008032,2025-08-09 17:43:31,ST005,CUST00378,In-store,Mobile Wallet,Completed,3.2,0.0,0.64,0.0,3.84
ORD008033,2025-04-29 13:40:32,ST006,CUST00570,In-store,Mobile Wallet,Completed,39.25,0.0,1.44,0.0,40.69
ORD008034,2025-08-09 02:45:31,ST005,,In-store,Card,Completed,2.2,0.0,0.44,0.0,2.64
ORD008035,2025-08-04 07:48:26,ST004,,In-store,Card,Completed,22.9,0.0,2.34,0.0,25.24
ORD008036,2025-10-29 20:57:44,ST002,CUST00398,Online,Mobile Wallet,Completed,11.4,0.0,0.0,3.49,14.89
ORD008037,2025-01-31 22:10:35,ST008,,In-store,Mobile Wallet,Completed,28.15,0.0,1.9,0.0,30.05
ORD008038,2025-06-20 05:50:09,ST007,CUST00266,In-store,Card,Completed,27.85,0.48,1.2,0.0,28.57
ORD008039,2025-02-15 05:51:09,ST008,CUST00527,In-store,Mobile Wallet,Cancelled,25.95,0.45,1.36,0.0,0.0
ORD008040,2025-05-27 03:18:26,ST007,CUST00369,Click & Collect,Card,Completed,9.75,0.0,0.0,0.0,9.75
ORD008041,2025-01-30 14:30:55,ST001,,In-store,Card,Completed,59.7,0.0,4.8,0.0,64.5
ORD008042,2025-10-12 22:33:17,ST006,,In-store,Card,Completed,27.65,0.0,2.92,0.0,30.57
ORD008043,2025-08-29 03:44:11,ST005,,In-store,Card,Completed,2.6,0.0,0.0,0.0,2.6
ORD008044,2025-10-16 14:56:58,ST006,CUST00118,In-store,Card,Completed,5.8,0.0,0.64,0.0,6.44
ORD008045,2025-06-30 16:25:08,ST006,CUST00556,In-store,Card,Completed,10.8,0.0,0.0,0.0,10.8
ORD008046,2025-09-15 18:27:41,ST008,,In-store,Card,Completed,97.9,0.0,4.96,0.0,102.86
ORD008047,2025-05-11 16:20:20,ST007,CUST00178,In-store,Card,Completed,4.85,0.0,0.97,0.0,5.82
ORD008048,2025-08-21 15:11:43,ST001,CUST00292,Online,Cash,Refunded,32.1,0.0,1.4,3.49,36.99
ORD008049,2025-12-07 14:02:41,ST003,CUST00452,In-store,Cash,Completed,2.6,0.0,0.52,0.0,3.12
ORD008050,2025-03-22 00:31:44,ST006,CUST00689,In-store,Card,Completed,45.6,0.0,6.02,0.0,51.62
ORD008051,2025-01-05 12:45:01,ST004,CUST00172,Online,Card,Completed,8.0,0.0,0.86,3.49,12.35
ORD008052,2025-06-08 20:46:42,ST008,CUST00513,In-store,Card,Completed,43.55,1.2,3.28,0.0,45.63
ORD008053,2025-01-20 22:38:36,ST001,,Click & Collect,Card,Cancelled,44.9,0.11,5.44,0.0,0.0
ORD008054,2025-11-21 22:40:02,ST006,CUST00638,In-store,Gift Card,Completed,11.9,0.0,0.3,0.0,12.2
ORD008055,2025-02-09 03:25:49,ST004,CUST00013,In-store,Card,Completed,52.25,0.0,3.14,0.0,55.39
ORD008056,2025-11-23 10:30:14,ST001,CUST00744,In-store,Card,Completed,10.65,0.0,1.04,0.0,11.69
ORD008057,2025-05-08 18:31:54,ST002,,In-store,Mobile Wallet,Completed,8.0,0.0,1.6,0.0,9.6
ORD008058,2025-08-30 06:34:02,ST006,,In-store,Card,Completed,18.7,0.0,1.56,0.0,20.26
ORD008059,2025-04-16 02:32:33,ST006,CUST00741,In-store,Card,Completed,32.1,0.77,2.16,0.0,33.49
ORD008060,2025-02-12 09:01:09,ST003,CUST00642,Online,Mobile Wallet,Completed,69.6,0.0,5.2,0.0,74.8
ORD008061,2025-01-20 08:38:57,ST005,CUST00100,Online,Card,Completed,19.6,0.0,2.96,3.49,26.05
ORD008062,2025-09-16 10:21:02,ST002,CUST00043,Online,Card,Completed,61.1,0.3,4.88,0.0,65.68
ORD008063,2025-10-21 15:42:31,ST003,CUST00750,In-store,Card,Completed,39.3,0.0,6.36,0.0,45.66
ORD008064,2025-08-29 11:38:05,ST007,CUST00413,In-store,Card,Completed,51.2,0.0,2.52,0.0,53.72
ORD008065,2025-02-13 21:39:00,ST006,CUST00342,Click & Collect,Card,Completed,13.0,0.0,1.42,0.0,14.42
ORD008066,2025-12-17 21:12:53,ST006,CUST00406,In-store,Cash,Completed,29.25,0.15,1.18,0.0,30.28
ORD008067,2025-09-21 16:05:29,ST008,CUST00283,In-store,Mobile Wallet,Completed,14.4,0.0,0.72,0.0,15.12
ORD008068,2025-07-28 05:00:01,ST008,CUST00088,In-store,Card,Completed,36.95,0.0,1.86,0.0,38.81
ORD008069,2025-08-11 18:00:49,ST004,CUST00355,In-store,Card,Completed,23.2,0.96,0.0,0.0,22.24
ORD008070,2025-07-20 00:35:49,ST005,,In-store,Card,Completed,37.15,0.0,3.32,0.0,40.47
ORD008071,2025-03-19 17:52:20,ST008,CUST00135,In-store,Card,Completed,4.4,0.0,0.88,0.0,5.28
ORD008072,2025-07-16 11:16:53,ST002,CUST00533,In-store,Mobile Wallet,Completed,14.9,0.0,0.34,0.0,15.24
ORD008073,2025-05-13 19:59:00,ST001,,In-store,Mobile Wallet,Completed,22.8,0.0,1.28,0.0,24.08
ORD008074,2025-09-21 03:54:06,ST006,CUST00643,In-store,Card,Completed,7.25,0.0,0.34,0.0,7.59
ORD008075,2025-12-28 11:54:05,ST002,,Online,Card,Completed,1.7,0.0,0.34,3.49,5.53
ORD008076,2025-08-24 15:01:31,ST004,CUST00299,Click & Collect,Card,Refunded,55.9,0.0,4.81,0.0,60.71
ORD008077,2025-07-07 15:31:44,ST006,CUST00604,In-store,Cash,Completed,46.25,2.06,1.04,0.0,45.23
ORD008078,2025-01-23 11:45:01,ST008,CUST00507,Online,Mobile Wallet,Completed,40.25,0.0,3.68,0.0,43.93
ORD008079,2025-01-17 23:20:54,ST001,CUST00399,Click & Collect,Cash,Completed,20.4,0.0,3.18,0.0,23.58
ORD008080,2025-02-25 02:47:44,ST006,,In-store,Card,Completed,30.0,0.0,3.5,0.0,33.5
ORD008081,2025-11-06 19:41:38,ST004,CUST00535,In-store,Card,Completed,39.05,0.0,4.08,0.0,43.13
ORD008082,2025-08-16 12:08:16,ST001,CUST00477,In-store,Card,Completed,30.3,0.0,0.84,0.0,31.14
ORD008083,2025-11-22 18:25:33,ST004,,In-store,Card,Completed,11.5,0.0,0.0,0.0,11.5
ORD008084,2025-05-25 02:11:06,ST005,CUST00185,In-store,Card,Completed,16.0,0.0,1.2,0.0,17.2
ORD008085,2025-01-03 00:27:59,ST002,CUST00271,Online,Cash,Completed,37.3,1.65,1.6,3.49,40.74
ORD008086,2025-07-06 10:22:37,ST002,CUST00221,In-store,Mobile Wallet,Completed,10.1,0.0,0.24,0.0,10.34
ORD008087,2025-09-30 05:08:43,ST005,,In-store,Mobile Wallet,Completed,18.4,0.0,0.52,0.0,18.92
ORD008088,2025-04-13 03:48:25,ST003,CUST00241,In-store,Cash,Completed,13.5,0.43,0.0,0.0,13.07
ORD008089,2025-09-16 20:07:48,ST008,CUST00151,In-store,Card,Completed,19.7,0.0,0.0,0.0,19.7
ORD008090,2025-02-07 14:39:24,ST006,CUST00002,In-store,Card,Completed,10.2,0.22,1.74,0.0,11.71
ORD008091,2025-04-26 20:56:06,ST001,CUST00682,In-store,Card,Completed,27.05,0.0,0.37,0.0,27.42
ORD008092,2025-01-06 20:25:05,ST005,CUST00552,Click & Collect,Card,Completed,18.7,0.0,2.56,0.0,21.26
ORD008093,2025-11-11 19:21:12,ST007,CUST00126,In-store,Card,Completed,64.0,0.0,3.32,0.0,67.32
ORD008094,2025-10-23 18:45:35,ST004,CUST00005,In-store,Card,Completed,14.05,0.0,0.6,0.0,14.65
ORD008095,2025-08-05 09:22:55,ST003,CUST00766,In-store,Mobile Wallet,Completed,10.2,0.0,0.0,0.0,10.2
ORD008096,2025-10-29 11:35:15,ST006,CUST00729,In-store,Cash,Completed,24.75,0.0,0.6,0.0,25.35
ORD008097,2025-01-23 08:03:27,ST002,,In-store,Card,Completed,39.1,0.6,6.24,0.0,44.74
ORD008098,2025-07-03 22:23:43,ST007,,In-store,Mobile Wallet,Completed,49.3,0.0,0.0,0.0,49.3
ORD008099,2025-11-24 12:22:43,ST008,CUST00492,Online,Cash,Completed,35.35,0.0,0.37,3.49,39.21
ORD008100,2025-09-18 03:05:07,ST001,,Click & Collect,Gift Card,Completed,33.6,0.0,0.0,0.0,33.6
ORD008101,2025-05-10 02:55:47,ST005,CUST00791,In-store,Card,Completed,32.7,0.0,1.8,0.0,34.5
ORD008102,2025-10-22 06:27:16,ST007,CUST00737,In-store,Card,Completed,35.6,0.0,3.96,0.0,39.56
ORD008103,2025-06-05 20:30:47,ST005,,In-store,Cash,Completed,15.75,0.69,1.0,0.0,16.06
ORD008104,2025-03-04 01:12:55,ST004,CUST00192,In-store,Gift Card,Completed,7.2,0.0,0.0,0.0,7.2
ORD008105,2025-04-30 22:33:16,ST008,CUST00038,In-store,Card,Completed,15.95,0.0,1.32,0.0,17.27
ORD008106,2025-07-09 15:32:58,ST005,,Online,Card,Completed,26.0,0.0,2.72,3.49,32.21
ORD008107,2025-03-28 13:24:18,ST004,CUST00535,Online,Mobile Wallet,Completed,19.1,0.0,0.0,3.49,22.59
ORD008108,2025-07-31 20:51:42,ST008,,Click & Collect,Mobile Wallet,Completed,14.9,0.0,1.38,0.0,16.28
ORD008109,2025-08-30 03:25:15,ST003,CUST00552,In-store,Mobile Wallet,Completed,53.5,0.62,7.71,0.0,60.59
ORD008110,2025-09-03 14:08:12,ST003,,In-store,Card,Completed,23.7,0.0,1.2,0.0,24.9
ORD008111,2025-08-30 21:30:44,ST004,,In-store,Mobile Wallet,Completed,23.8,0.0,3.2,0.0,27.0
ORD008112,2025-07-01 03:51:35,ST002,CUST00796,In-store,Card,Completed,47.95,0.0,6.71,0.0,54.66
ORD008113,2025-03-07 05:58:10,ST005,CUST00506,In-store,Card,Completed,13.4,0.0,1.28,0.0,14.68
ORD008114,2025-11-05 11:11:27,ST007,CUST00106,Online,Mobile Wallet,Completed,15.9,0.0,1.28,3.49,20.67
ORD008115,2025-12-11 02:03:28,ST003,,Online,Card,Completed,36.8,0.0,0.0,3.49,40.29
ORD008116,2025-05-08 01:16:18,ST005,,In-store,Mobile Wallet,Completed,34.1,0.0,2.64,0.0,36.74
ORD008117,2025-01-09 20:39:52,ST008,CUST00435,Online,Card,Refunded,11.1,0.0,0.0,3.49,14.59
ORD008118,2025-11-09 04:28:05,ST007,CUST00672,In-store,Card,Completed,23.1,0.0,2.24,0.0,25.34
ORD008119,2025-02-01 21:32:56,ST001,CUST00744,In-store,Card,Completed,78.3,0.0,5.08,0.0,83.38
ORD008120,2025-11-08 17:11:15,ST006,CUST00263,In-store,Mobile Wallet,Completed,80.7,0.0,3.26,0.0,83.96
ORD008121,2025-08-04 17:07:44,ST004,CUST00562,In-store,Card,Completed,18.8,0.96,1.04,0.0,18.88
ORD008122,2025-02-06 05:18:53,ST001,,In-store,Card,Completed,6.5,0.0,0.54,0.0,7.04
ORD008123,2025-11-08 21:23:03,ST003,CUST00587,Click & Collect,Card,Completed,26.0,0.0,2.16,0.0,28.16
ORD008124,2025-03-30 19:39:47,ST006,CUST00470,In-store,Card,Completed,30.45,0.0,2.84,0.0,33.29
ORD008125,2025-11-27 23:51:14,ST007,CUST00740,In-store,Card,Completed,22.2,0.0,1.74,0.0,23.94
ORD008126,2025-09-28 20:40:03,ST001,,In-store,Card,Completed,32.3,0.0,2.52,0.0,34.82
ORD008127,2025-05-07 01:25:33,ST006,,Online,Card,Completed,10.3,0.0,0.64,3.49,14.43
ORD008128,2025-04-03 05:49:00,ST001,,In-store,Card,Completed,25.2,0.0,0.0,0.0,25.2
ORD008129,2025-06-29 11:46:44,ST007,CUST00448,Click & Collect,Card,Completed,17.7,0.0,0.18,0.0,17.88
ORD008130,2025-02-21 12:59:19,ST002,CUST00539,In-store,Cash,Completed,54.3,1.35,5.92,0.0,58.87
ORD008131,2025-02-14 08:16:18,ST003,CUST00220,Online,Cash,Completed,4.75,0.14,0.52,3.49,8.62
ORD008132,2025-03-26 07:13:14,ST007,CUST00034,In-store,Card,Completed,77.45,0.0,8.29,0.0,85.74
ORD008133,2025-10-17 23:04:52,ST008,CUST00570,In-store,Card,Completed,23.2,0.0,0.36,0.0,23.56
ORD008134,2025-10-02 20:02:28,ST001,CUST00291,In-store,Card,Completed,19.9,0.0,2.14,0.0,22.04
ORD008135,2025-10-02 17:26:04,ST008,,In-store,Card,Completed,15.8,0.0,1.4,0.0,17.2
ORD008136,2025-10-23 20:44:01,ST008,CUST00709,In-store,Mobile Wallet,Completed,16.95,0.0,0.0,0.0,16.95
ORD008137,2025-12-27 18:49:34,ST004,CUST00317,In-store,Card,Refunded,31.4,0.0,1.48,0.0,32.88
ORD008138,2025-07-01 22:06:51,ST004,,In-store,Mobile Wallet,Completed,10.2,0.23,1.18,0.0,11.15
ORD008139,2025-07-17 10:36:33,ST004,CUST00144,In-store,Card,Completed,20.1,1.24,1.16,0.0,20.02
ORD008140,2025-03-10 16:48:08,ST005,,Online,Card,Completed,11.45,0.0,0.37,3.49,15.31
ORD008141,2025-05-12 21:30:01,ST004,CUST00721,Online,Mobile Wallet,Completed,46.95,0.0,1.04,0.0,47.99
ORD008142,2025-01-31 08:25:38,ST005,CUST00426,In-store,Card,Completed,30.7,0.0,1.84,0.0,32.54
ORD008143,2025-02-16 00:02:18,ST008,CUST00703,In-store,Mobile Wallet,Completed,14.0,0.0,0.72,0.0,14.72
ORD008144,2025-01-18 20:25:48,ST002,CUST00119,In-store,Card,Completed,31.6,0.0,1.1,0.0,32.7
ORD008145,2025-02-26 10:09:42,ST005,,Online,Card,Completed,16.4,0.0,0.64,3.49,20.53
ORD008146,2025-07-30 04:11:15,ST006,CUST00274,Online,Card,Completed,33.7,0.23,5.84,3.49,42.8
ORD008147,2025-09-04 00:29:08,ST008,CUST00761,Online,Card,Completed,18.3,0.9,2.4,3.49,23.29
ORD008148,2025-10-31 09:37:23,ST002,CUST00097,In-store,Card,Completed,35.6,0.0,1.32,0.0,36.92
ORD008149,2025-03-10 03:05:22,ST007,CUST00641,In-store,Card,Completed,10.4,0.0,0.64,0.0,11.04
ORD008150,2025-03-10 01:22:13,ST007,CUST00041,Online,Cash,Completed,37.8,0.0,4.14,3.49,45.43
ORD008151,2025-02-08 15:50:08,ST007,CUST00352,In-store,Mobile Wallet,Completed,25.5,0.0,1.48,0.0,26.98
ORD008152,2025-07-03 19:21:11,ST002,CUST00174,Click & Collect,Card,Completed,1.8,0.0,0.36,0.0,2.16
ORD008153,2025-04-11 17:04:17,ST006,CUST00720,In-store,Card,Completed,25.9,0.54,2.36,0.0,27.72
ORD008154,2025-04-21 09:19:14,ST005,,Click & Collect,Card,Completed,18.4,0.0,0.61,0.0,19.01
ORD008155,2025-08-13 18:19:07,ST008,CUST00479,In-store,Card,Completed,30.65,2.16,0.0,0.0,28.49
ORD008156,2025-04-07 16:05:40,ST007,CUST00197,In-store,Card,Refunded,6.65,0.0,0.0,0.0,6.65
ORD008157,2025-08-04 19:46:41,ST001,CUST00221,In-store,Card,Completed,25.0,0.0,1.16,0.0,26.16
ORD008158,2025-05-02 18:37:55,ST007,CUST00628,In-store,Card,Completed,40.25,0.0,6.07,0.0,46.32
ORD008159,2025-04-23 18:09:41,ST003,CUST00018,Online,Mobile Wallet,Completed,12.8,0.0,1.92,3.49,18.21
ORD008160,2025-10-22 21:06:33,ST004,CUST00656,In-store,Mobile Wallet,Completed,23.15,0.0,1.12,0.0,24.27
ORD008161,2025-11-15 05:03:42,ST002,CUST00329,Click & Collect,Card,Completed,22.1,0.0,0.9,0.0,23.0
ORD008162,2025-08-21 02:55:48,ST007,,In-store,Card,Completed,3.2,0.0,0.0,0.0,3.2
ORD008163,2025-08-29 17:24:41,ST008,,Online,Card,Completed,15.2,0.0,1.04,3.49,19.73
ORD008164,2025-11-13 05:13:35,ST002,,In-store,Card,Completed,22.2,0.0,2.44,0.0,24.64
ORD008165,2025-10-24 01:20:42,ST004,CUST00228,In-store,Card,Completed,30.6,0.0,0.0,0.0,30.6
ORD008166,2025-04-25 04:42:28,ST002,CUST00146,In-store,Card,Completed,17.5,0.0,0.0,0.0,17.5
ORD008167,2025-01-04 18:29:44,ST001,CUST00728,Click & Collect,Card,Completed,36.25,0.0,2.4,0.0,38.65
ORD008168,2025-10-28 11:35:30,ST008,CUST00232,In-store,Card,Completed,30.2,0.0,3.64,0.0,33.84
ORD008169,2025-06-22 21:27:40,ST007,,In-store,Cash,Completed,37.75,0.0,6.18,0.0,43.93
ORD008170,2025-01-11 05:42:14,ST007,CUST00193,Online,Card,Completed,33.1,0.2,2.88,3.49,39.27
ORD008171,2025-09-03 15:06:00,ST004,CUST00168,Click & Collect,Mobile Wallet,Cancelled,10.7,0.0,0.3,0.0,0.0
ORD008172,2025-06-19 10:02:45,ST004,CUST00485,In-store,Card,Completed,25.4,0.0,3.84,0.0,29.24
ORD008173,2025-07-29 00:10:30,ST008,CUST00146,In-store,Card,Completed,5.0,0.0,0.0,0.0,5.0
ORD008174,2025-10-28 17:43:31,ST004,CUST00422,In-store,Mobile Wallet,Refunded,6.2,0.0,0.0,0.0,6.2
ORD008175,2025-06-06 18:41:04,ST006,,Online,Card,Refunded,37.1,0.0,1.92,3.49,42.51
ORD008176,2025-03-20 02:20:03,ST004,CUST00562,In-store,Card,Completed,32.8,0.0,3.54,0.0,36.34
ORD008177,2025-09-15 11:17:54,ST003,CUST00721,In-store,Card,Completed,20.8,0.0,0.0,0.0,20.8
ORD008178,2025-11-29 16:38:16,ST005,CUST00116,Online,Mobile Wallet,Completed,30.1,0.0,1.46,3.49,35.05
ORD008179,2025-07-13 14:01:18,ST007,CUST00210,In-store,Card,Completed,2.0,0.0,0.0,0.0,2.0
ORD008180,2025-10-20 14:31:38,ST007,CUST00749,In-store,Card,Completed,7.7,0.0,0.8,0.0,8.5
ORD008181,2025-12-30 23:33:39,ST005,CUST00309,In-store,Card,Completed,32.3,0.0,1.4,0.0,33.7
ORD008182,2025-08-02 22:35:49,ST006,,In-store,Mobile Wallet,Completed,25.7,0.0,0.6,0.0,26.3
ORD008183,2025-04-30 02:39:47,ST001,CUST00687,Click & Collect,Card,Completed,38.1,0.0,4.42,0.0,42.52
ORD008184,2025-06-01 06:21:33,ST003,CUST00610,In-store,Card,Cancelled,32.6,0.0,3.52,0.0,0.0
ORD008185,2025-04-30 08:32:14,ST002,,In-store,Cash,Completed,11.4,0.0,0.0,0.0,11.4
ORD008186,2025-10-12 15:04:01,ST006,CUST00079,In-store,Card,Completed,11.5,0.0,1.66,0.0,13.16
ORD008187,2025-10-07 09:56:29,ST005,,In-store,Card,Completed,24.95,0.0,2.0,0.0,26.95
ORD008188,2025-09-17 10:27:02,ST007,CUST00128,In-store,Card,Completed,20.4,0.0,0.0,0.0,20.4
ORD008189,2025-06-09 09:20:34,ST002,,Online,Mobile Wallet,Completed,33.35,0.69,1.56,3.49,37.71
ORD008190,2025-05-06 19:51:23,ST007,CUST00555,Online,Card,Completed,22.5,0.0,0.9,3.49,26.89
ORD008191,2025-07-30 12:44:16,ST008,,In-store,Card,Completed,2.3,0.0,0.24,0.0,2.54
ORD008192,2025-06-20 08:23:00,ST006,CUST00106,Click & Collect,Card,Completed,30.45,0.0,1.02,0.0,31.47
ORD008193,2025-09-04 21:59:31,ST003,,In-store,Card,Completed,4.7,0.3,0.66,0.0,5.06
ORD008194,2025-03-30 16:39:19,ST007,,In-store,Card,Completed,45.6,0.0,6.24,0.0,51.84
ORD008195,2025-08-23 22:56:32,ST005,CUST00389,In-store,Mobile Wallet,Completed,12.8,0.0,1.2,0.0,14.0
ORD008196,2025-03-28 19:59:49,ST002,CUST00554,In-store,Card,Completed,2.2,0.0,0.0,0.0,2.2
ORD008197,2025-06-18 13:10:54,ST002,CUST00428,Online,Cash,Completed,19.1,0.83,1.04,3.49,22.8
ORD008198,2025-02-25 03:47:41,ST002,,In-store,Card,Completed,2.6,0.0,0.52,0.0,3.12
ORD008199,2025-06-06 07:15:17,ST003,,Online,Card,Completed,15.0,0.0,0.54,3.49,19.03
ORD008200,2025-04-09 10:43:41,ST005,,In-store,Card,Completed,19.5,0.0,2.94,0.0,22.44
ORD008201,2025-06-19 01:48:24,ST004,,In-store,Card,Refunded,68.75,0.23,7.02,0.0,75.54
ORD008202,2025-07-25 15:36:38,ST008,CUST00422,In-store,Card,Completed,3.9,0.0,0.3,0.0,4.2
ORD008203,2025-05-02 07:03:15,ST001,CUST00243,In-store,Cash,Completed,26.0,0.0,3.8,0.0,29.8
ORD008204,2025-08-09 17:40:22,ST005,CUST00770,In-store,Mobile Wallet,Completed,38.0,0.6,4.24,0.0,41.64
ORD008205,2025-06-30 06:29:24,ST008,CUST00368,In-store,Card,Completed,39.5,0.0,0.0,0.0,39.5
ORD008206,2025-04-19 23:31:09,ST007,,In-store,Card,Completed,29.4,0.0,5.44,0.0,34.84
ORD008207,2025-12-09 10:26:24,ST007,,In-store,Cash,Completed,40.0,0.0,5.0,0.0,45.0
ORD008208,2025-04-13 05:22:58,ST008,CUST00667,Online,Card,Completed,5.4,0.0,0.0,3.49,8.89
ORD008209,2025-12-19 14:00:29,ST001,CUST00044,Click & Collect,Card,Completed,11.6,0.0,2.32,0.0,13.92
ORD008210,2025-09-14 10:50:23,ST006,CUST00664,Click & Collect,Card,Refunded,28.85,0.0,0.0,0.0,28.85
ORD008211,2025-12-05 08:05:10,ST002,,In-store,Card,Completed,71.15,0.0,2.84,0.0,73.99
ORD008212,2025-06-17 10:14:54,ST007,CUST00145,Click & Collect,Card,Completed,41.75,0.6,6.85,0.0,48.0
ORD008213,2025-03-28 10:08:01,ST004,CUST00017,In-store,Card,Completed,25.1,0.0,0.0,0.0,25.1
ORD008214,2025-07-30 15:40:02,ST002,CUST00496,In-store,Cash,Completed,24.3,0.72,2.02,0.0,25.6
ORD008215,2025-06-12 10:13:26,ST004,CUST00403,In-store,Cash,Completed,10.85,0.0,0.18,0.0,11.03
ORD008216,2025-06-24 18:55:21,ST006,,Online,Card,Completed,3.2,0.0,0.0,3.49,6.69
ORD008217,2025-08-07 18:05:45,ST007,CUST00128,In-store,Card,Completed,47.55,0.0,4.0,0.0,51.55
ORD008218,2025-06-10 12:26:15,ST007,CUST00398,In-store,Card,Completed,12.5,0.0,0.44,0.0,12.94
ORD008219,2025-04-17 13:18:49,ST007,CUST00008,In-store,Card,Completed,27.0,0.0,2.24,0.0,29.24
ORD008220,2025-08-11 11:12:51,ST007,CUST00152,Online,Card,Completed,18.35,0.0,0.0,3.49,21.84
ORD008221,2025-04-20 05:01:40,ST005,CUST00073,Click & Collect,Cash,Completed,25.0,0.0,1.04,0.0,26.04
ORD008222,2025-10-16 05:13:28,ST001,CUST00615,Online,Card,Completed,17.4,0.0,0.0,3.49,20.89
ORD008223,2025-01-26 13:58:31,ST006,CUST00289,In-store,Card,Completed,12.3,0.22,1.2,0.0,13.28
ORD008224,2025-09-02 01:36:54,ST002,CUST00303,In-store,Card,Completed,8.6,0.0,0.6,0.0,9.2
ORD008225,2025-02-02 20:37:02,ST002,CUST00321,Click & Collect,Card,Completed,25.0,2.17,1.68,0.0,24.51
ORD008226,2025-12-22 07:49:49,ST006,,In-store,Mobile Wallet,Completed,18.15,0.0,0.0,0.0,18.15
ORD008227,2025-11-17 11:04:55,ST007,CUST00205,In-store,Mobile Wallet,Completed,22.35,0.0,1.68,0.0,24.03
ORD008228,2025-12-13 12:14:18,ST003,CUST00559,In-store,Card,Completed,57.6,0.24,2.17,0.0,59.53
ORD008229,2025-12-15 06:19:49,ST001,,In-store,Card,Completed,18.8,0.0,1.44,0.0,20.24
ORD008230,2025-02-22 04:41:02,ST003,CUST00517,In-store,Cash,Completed,36.8,0.32,3.34,0.0,39.83
ORD008231,2025-02-14 18:41:00,ST004,CUST00087,In-store,Card,Completed,26.7,0.3,0.86,0.0,27.26
ORD008232,2025-01-06 16:13:04,ST002,CUST00593,In-store,Card,Completed,9.05,0.1,0.0,0.0,8.95
ORD008233,2025-06-21 11:26:48,ST003,CUST00377,In-store,Card,Completed,47.55,0.0,7.32,0.0,54.87
ORD008234,2025-03-26 03:33:36,ST004,CUST00791,In-store,Card,Completed,35.55,0.0,1.08,0.0,36.63
ORD008235,2025-12-31 05:15:33,ST004,CUST00098,In-store,Card,Completed,7.85,0.0,0.18,0.0,8.03
ORD008236,2025-08-21 00:30:02,ST006,CUST00327,In-store,Gift Card,Completed,34.55,0.0,4.23,0.0,38.78
ORD008237,2025-02-24 04:24:56,ST002,CUST00618,In-store,Mobile Wallet,Completed,30.35,0.0,4.35,0.0,34.7
ORD008238,2025-09-30 13:06:40,ST004,CUST00634,In-store,Card,Refunded,19.0,0.3,1.54,0.0,20.24
ORD008239,2025-05-20 09:31:08,ST008,CUST00019,In-store,Card,Completed,13.4,0.0,0.6,0.0,14.0
ORD008240,2025-07-11 14:02:18,ST007,CUST00189,Click & Collect,Card,Completed,9.05,0.23,0.76,0.0,9.58
ORD008241,2025-01-11 18:30:36,ST007,CUST00247,Click & Collect,Card,Completed,15.1,0.0,1.04,0.0,16.14
ORD008242,2025-01-23 12:57:22,ST005,CUST00189,Online,Gift Card,Completed,57.6,0.0,2.08,0.0,59.68
ORD008243,2025-01-24 23:29:51,ST001,CUST00734,In-store,Card,Completed,23.8,0.0,4.4,0.0,28.2
ORD008244,2025-12-03 05:24:51,ST008,,Click & Collect,Card,Completed,9.2,0.0,0.0,0.0,9.2
ORD008245,2025-10-09 18:03:34,ST006,,In-store,Card,Completed,3.95,0.0,0.0,0.0,3.95
ORD008246,2025-01-26 16:52:55,ST005,CUST00553,In-store,Card,Completed,4.4,0.44,0.0,0.0,3.96
ORD008247,2025-10-28 18:56:56,ST007,CUST00203,In-store,Card,Completed,3.0,0.0,0.0,0.0,3.0
ORD008248,2025-10-26 07:59:33,ST003,CUST00733,In-store,Mobile Wallet,Completed,32.4,0.0,1.0,0.0,33.4
ORD008249,2025-02-14 01:23:12,ST001,CUST00595,In-store,Card,Completed,27.7,0.9,0.34,0.0,27.14
ORD008250,2025-09-27 12:26:15,ST002,CUST00420,In-store,Card,Refunded,35.35,0.3,1.99,0.0,37.04
ORD008251,2025-09-24 06:01:41,ST007,,Online,Mobile Wallet,Completed,10.4,0.0,0.76,3.49,14.65
ORD008252,2025-06-14 21:31:16,ST006,CUST00395,In-store,Card,Completed,31.45,0.96,1.44,0.0,31.93
ORD008253,2025-10-01 11:53:27,ST008,CUST00713,In-store,Cash,Completed,5.5,0.0,0.4,0.0,5.9
ORD008254,2025-01-01 23:20:51,ST003,CUST00381,In-store,Card,Completed,11.55,0.0,0.36,0.0,11.91
ORD008255,2025-05-14 05:25:10,ST004,CUST00052,In-store,Card,Completed,14.5,0.0,2.9,0.0,17.4
ORD008256,2025-10-07 14:28:37,ST006,CUST00496,Online,Cash,Completed,12.35,0.0,0.0,3.49,15.84
ORD008257,2025-12-16 04:20:42,ST002,,In-store,Card,Completed,19.3,0.0,0.0,0.0,19.3
ORD008258,2025-05-19 16:32:13,ST001,CUST00146,In-store,Card,Refunded,15.1,0.0,1.56,0.0,16.66
ORD008259,2025-11-06 15:28:46,ST004,CUST00747,Online,Card,Completed,37.5,0.0,4.96,3.49,45.95
ORD008260,2025-09-05 02:12:30,ST007,,In-store,Cash,Cancelled,20.3,0.0,0.3,0.0,0.0
ORD008261,2025-12-27 02:09:01,ST005,,In-store,Cash,Completed,19.1,0.0,0.64,0.0,19.74
ORD008262,2025-04-11 23:14:34,ST005,CUST00671,In-store,Card,Completed,9.2,0.0,0.94,0.0,10.14
ORD008263,2025-09-29 13:04:22,ST004,CUST00728,In-store,Card,Completed,4.5,0.0,0.44,0.0,4.94
ORD008264,2025-09-27 22:31:15,ST005,,Online,Card,Completed,5.0,0.0,0.0,3.49,8.49
ORD008265,2025-04-19 20:08:40,ST006,CUST00327,In-store,Card,Completed,32.35,0.0,3.46,0.0,35.81
ORD008266,2025-09-15 18:30:40,ST005,,In-store,Card,Completed,29.9,0.3,2.94,0.0,32.54
ORD008267,2025-01-18 18:24:01,ST001,,Online,Cash,Completed,13.55,0.2,0.0,3.49,16.84
ORD008268,2025-10-25 16:26:24,ST002,,In-store,Card,Completed,21.4,0.0,0.48,0.0,21.88
ORD008269,2025-05-19 20:12:02,ST003,CUST00511,Click & Collect,Mobile Wallet,Completed,26.3,0.0,5.26,0.0,31.56
ORD008270,2025-10-09 18:26:58,ST002,,In-store,Card,Completed,30.5,0.0,1.68,0.0,32.18
ORD008271,2025-06-16 05:44:04,ST007,,In-store,Mobile Wallet,Completed,11.45,0.0,0.0,0.0,11.45
ORD008272,2025-08-03 17:32:51,ST008,,In-store,Card,Completed,25.35,0.0,3.18,0.0,28.53
ORD008273,2025-01-29 09:39:59,ST008,CUST00433,In-store,Card,Completed,2.2,0.0,0.44,0.0,2.64
ORD008274,2025-11-11 10:19:40,ST001,,In-store,Card,Completed,27.6,0.0,1.92,0.0,29.52
ORD008275,2025-05-14 23:15:01,ST004,CUST00686,Online,Cash,Completed,33.8,0.0,0.38,3.49,37.67
ORD008276,2025-12-27 11:38:28,ST005,CUST00799,In-store,Card,Completed,12.8,0.0,0.24,0.0,13.04
ORD008277,2025-03-02 20:07:33,ST007,CUST00345,In-store,Mobile Wallet,Completed,15.0,0.0,1.28,0.0,16.28
ORD008278,2025-03-19 13:48:02,ST004,,Online,Card,Completed,9.1,0.0,0.0,3.49,12.59
ORD008279,2025-01-03 22:29:26,ST006,,Online,Card,Completed,43.6,0.0,5.08,0.0,48.68
ORD008280,2025-10-22 06:20:25,ST008,CUST00466,In-store,Card,Completed,20.6,0.0,0.48,0.0,21.08
ORD008281,2025-12-02 01:14:18,ST005,,In-store,Card,Completed,2.1,0.0,0.42,0.0,2.52
ORD008282,2025-11-30 22:27:46,ST008,CUST00687,In-store,Mobile Wallet,Completed,38.35,0.0,3.11,0.0,41.46
ORD008283,2025-07-22 08:57:27,ST006,CUST00172,Online,Card,Completed,26.4,0.0,3.26,3.49,33.15
ORD008284,2025-05-19 15:51:48,ST003,CUST00661,In-store,Mobile Wallet,Completed,30.0,0.0,0.0,0.0,30.0
ORD008285,2025-09-15 10:32:41,ST001,CUST00777,Online,Card,Completed,14.7,0.0,0.0,3.49,18.19
ORD008286,2025-08-20 18:00:17,ST002,,In-store,Card,Completed,28.75,0.0,3.62,0.0,32.37
ORD008287,2025-02-19 18:35:01,ST005,CUST00254,Online,Cash,Completed,18.4,0.0,3.3,3.49,25.19
ORD008288,2025-12-28 04:17:40,ST002,CUST00702,Online,Cash,Completed,3.8,0.0,0.76,3.49,8.05
ORD008289,2025-07-26 00:26:30,ST008,,In-store,Card,Completed,19.25,0.0,1.75,0.0,21.0
ORD008290,2025-11-21 09:16:40,ST003,,In-store,Mobile Wallet,Completed,18.5,0.0,1.04,0.0,19.54
ORD008291,2025-09-22 02:28:18,ST004,CUST00614,In-store,Card,Completed,39.25,0.6,5.42,0.0,44.07
ORD008292,2025-03-02 11:45:02,ST006,CUST00001,In-store,Card,Completed,38.1,0.0,0.48,0.0,38.58
ORD008293,2025-07-12 18:28:45,ST007,,In-store,Card,Completed,37.3,0.0,4.8,0.0,42.1
ORD008294,2025-03-02 15:39:29,ST005,CUST00774,Click & Collect,Cash,Completed,3.95,0.0,0.64,0.0,4.59
ORD008295,2025-11-03 08:49:50,ST005,,In-store,Card,Completed,21.4,0.0,1.28,0.0,22.68
ORD008296,2025-09-25 01:41:56,ST008,,In-store,Card,Completed,12.1,0.0,1.56,0.0,13.66
ORD008297,2025-02-20 01:49:51,ST006,,In-store,Card,Completed,32.5,0.0,3.46,0.0,35.96
ORD008298,2025-04-26 05:34:01,ST008,CUST00667,Click & Collect,Card,Completed,43.5,0.0,4.44,0.0,47.94
ORD008299,2025-03-16 19:55:44,ST005,CUST00363,In-store,Cash,Completed,26.5,0.0,2.4,0.0,28.9
ORD008300,2025-07-05 11:02:20,ST001,CUST00141,In-store,Mobile Wallet,Completed,33.5,0.0,3.04,0.0,36.54
ORD008301,2025-05-09 00:34:48,ST006,,In-store,Card,Completed,17.0,0.0,0.0,0.0,17.0
ORD008302,2025-03-29 05:32:50,ST003,CUST00376,In-store,Mobile Wallet,Completed,23.2,0.0,3.6,0.0,26.8
ORD008303,2025-01-28 22:35:05,ST003,,In-store,Gift Card,Completed,36.25,0.0,5.22,0.0,41.47
ORD008304,2025-03-30 09:45:23,ST006,CUST00023,In-store,Card,Completed,18.7,0.0,0.74,0.0,19.44
ORD008305,2025-06-16 17:53:08,ST008,CUST00524,In-store,Mobile Wallet,Completed,22.9,0.96,0.6,0.0,22.54
ORD008306,2025-02-13 23:54:03,ST004,,In-store,Card,Completed,22.85,0.0,1.04,0.0,23.89
ORD008307,2025-11-29 18:28:30,ST002,CUST00541,In-store,Card,Completed,16.1,0.0,1.02,0.0,17.12
ORD008308,2025-12-02 11:41:53,ST002,,In-store,Card,Completed,19.1,0.0,2.28,0.0,21.38
ORD008309,2025-11-18 10:39:18,ST006,CUST00626,In-store,Mobile Wallet,Completed,2.2,0.0,0.0,0.0,2.2
ORD008310,2025-12-11 08:51:30,ST001,CUST00780,Online,Card,Completed,7.1,0.0,0.0,3.49,10.59
ORD008311,2025-02-10 20:38:28,ST008,,In-store,Card,Completed,43.2,0.0,2.64,0.0,45.84
ORD008312,2025-03-06 17:11:48,ST002,CUST00225,In-store,Card,Completed,15.8,0.0,1.28,0.0,17.08
ORD008313,2025-01-21 22:19:36,ST006,CUST00752,Online,Mobile Wallet,Completed,23.65,0.08,1.72,3.49,28.79
ORD008314,2025-07-07 15:41:23,ST004,,In-store,Cash,Completed,9.05,0.48,0.0,0.0,8.57
ORD008315,2025-01-23 01:09:44,ST004,CUST00115,In-store,Mobile Wallet,Completed,16.5,0.0,0.0,0.0,16.5
ORD008316,2025-09-19 19:24:49,ST008,CUST00681,In-store,Card,Completed,7.4,0.0,0.0,0.0,7.4
ORD008317,2025-03-17 05:06:30,ST001,CUST00544,In-store,Card,Completed,14.1,0.0,2.6,0.0,16.7
ORD008318,2025-01-04 18:23:29,ST005,,In-store,Card,Completed,15.4,0.0,1.8,0.0,17.2
ORD008319,2025-08-03 04:30:00,ST001,CUST00560,In-store,Card,Completed,36.1,0.0,4.44,0.0,40.54
ORD008320,2025-05-12 13:07:00,ST001,CUST00459,In-store,Card,Completed,16.75,0.0,1.88,0.0,18.63
ORD008321,2025-04-21 09:17:41,ST001,,Online,Card,Completed,10.0,0.0,2.0,3.49,15.49
ORD008322,2025-08-02 23:46:08,ST008,CUST00151,Online,Card,Completed,4.9,0.23,0.0,3.49,8.16
ORD008323,2025-09-28 10:25:46,ST001,,Online,Card,Completed,11.6,0.0,1.04,3.49,16.13
ORD008324,2025-05-03 02:43:07,ST006,,In-store,Card,Completed,32.2,0.0,3.44,0.0,35.64
ORD008325,2025-03-10 01:04:33,ST001,CUST00487,In-store,Cash,Completed,11.6,0.0,0.0,0.0,11.6
ORD008326,2025-12-17 18:13:33,ST002,CUST00181,In-store,Card,Completed,15.1,0.0,0.24,0.0,15.34
ORD008327,2025-04-12 19:13:22,ST003,,In-store,Card,Completed,3.0,0.0,0.6,0.0,3.6
ORD008328,2025-06-25 10:56:43,ST001,CUST00353,In-store,Card,Completed,33.9,2.52,0.0,0.0,31.38
ORD008329,2025-06-12 02:02:37,ST008,,Online,Mobile Wallet,Completed,20.7,0.72,0.74,3.49,24.21
ORD008330,2025-08-17 06:24:57,ST004,CUST00104,In-store,Gift Card,Completed,11.2,0.0,0.3,0.0,11.5
ORD008331,2025-08-06 22:00:44,ST001,CUST00395,In-store,Card,Completed,14.2,0.0,1.72,0.0,15.92
ORD008332,2025-05-27 18:44:08,ST006,CUST00096,In-store,Card,Completed,46.2,0.0,4.28,0.0,50.48
ORD008333,2025-05-15 13:57:52,ST001,CUST00129,In-store,Card,Completed,17.1,0.0,0.0,0.0,17.1
ORD008334,2025-12-27 05:44:59,ST001,CUST00320,In-store,Card,Completed,9.2,0.0,0.3,0.0,9.5
ORD008335,2025-02-22 06:07:07,ST007,CUST00603,In-store,Card,Completed,38.5,0.0,0.0,0.0,38.5
ORD008336,2025-03-26 11:03:39,ST003,,In-store,Cash,Completed,16.4,0.0,1.56,0.0,17.96
ORD008337,2025-05-09 11:43:38,ST001,,In-store,Cash,Completed,4.45,0.0,0.0,0.0,4.45
ORD008338,2025-08-18 15:36:41,ST006,CUST00119,In-store,Card,Completed,7.35,0.0,0.0,0.0,7.35
ORD008339,2025-09-29 11:12:07,ST003,CUST00391,In-store,Card,Completed,9.7,0.3,0.58,0.0,9.98
ORD008340,2025-09-06 17:46:46,ST005,CUST00108,Online,Card,Completed,15.65,0.0,0.64,3.49,19.78
ORD008341,2025-06-09 07:56:53,ST002,CUST00523,In-store,Card,Cancelled,4.6,0.46,0.0,0.0,0.0
ORD008342,2025-05-27 03:25:12,ST005,CUST00604,In-store,Card,Completed,5.2,0.0,0.52,0.0,5.72
ORD008343,2025-10-29 01:03:41,ST005,CUST00437,Click & Collect,Card,Completed,26.2,0.0,0.72,0.0,26.92
ORD008344,2025-10-10 06:36:10,ST005,,In-store,Card,Completed,22.9,0.0,1.7,0.0,24.6
ORD008345,2025-11-17 00:32:12,ST002,CUST00205,In-store,Card,Completed,23.9,0.0,2.02,0.0,25.92
ORD008346,2025-01-29 03:19:34,ST007,CUST00496,In-store,Cash,Completed,24.45,0.0,2.22,0.0,26.67
ORD008347,2025-09-23 08:39:15,ST001,,In-store,Card,Completed,45.65,0.0,1.57,0.0,47.22
ORD008348,2025-10-28 08:53:07,ST003,CUST00711,In-store,Card,Completed,38.7,0.0,4.44,0.0,43.14
ORD008349,2025-01-25 12:00:23,ST007,CUST00543,In-store,Card,Completed,35.2,0.48,0.0,0.0,34.72
ORD008350,2025-05-12 20:09:57,ST003,CUST00662,In-store,Mobile Wallet,Completed,2.3,0.0,0.0,0.0,2.3
ORD008351,2025-09-11 03:23:11,ST007,CUST00726,Click & Collect,Card,Completed,9.5,0.0,0.0,0.0,9.5
ORD008352,2025-10-01 22:48:44,ST004,CUST00617,In-store,Cash,Completed,26.4,0.0,0.6,0.0,27.0
ORD008353,2025-01-04 20:51:08,ST001,CUST00527,In-store,Card,Completed,17.4,0.44,1.02,0.0,17.98
ORD008354,2025-03-08 18:36:45,ST008,CUST00196,In-store,Card,Completed,30.05,0.0,0.6,0.0,30.65
ORD008355,2025-11-17 03:50:04,ST003,,In-store,Card,Completed,27.0,0.0,2.92,0.0,29.92
ORD008356,2025-09-06 00:02:05,ST006,CUST00130,In-store,Card,Completed,19.05,0.6,1.92,0.0,20.37
ORD008357,2025-04-26 04:46:11,ST002,,In-store,Card,Completed,10.85,0.0,0.0,0.0,10.85
ORD008358,2025-08-05 23:44:23,ST003,CUST00283,In-store,Card,Completed,7.0,0.0,0.64,0.0,7.64
ORD008359,2025-03-25 18:15:03,ST003,CUST00302,Click & Collect,Card,Completed,13.25,0.0,0.18,0.0,13.43
ORD008360,2025-04-25 21:02:46,ST006,CUST00581,In-store,Card,Completed,22.4,0.0,2.76,0.0,25.16
ORD008361,2025-05-25 01:14:09,ST006,CUST00782,Online,Card,Completed,8.5,0.0,0.0,3.49,11.99
ORD008362,2025-03-03 16:36:46,ST002,CUST00692,In-store,Card,Completed,14.4,0.0,1.12,0.0,15.52
ORD008363,2025-02-17 19:53:23,ST002,CUST00576,In-store,Mobile Wallet,Completed,14.6,0.0,2.04,0.0,16.64
ORD008364,2025-02-16 00:25:28,ST001,CUST00678,In-store,Card,Completed,5.5,0.0,0.0,0.0,5.5
ORD008365,2025-12-15 16:26:37,ST005,CUST00010,Online,Mobile Wallet,Completed,36.4,0.0,1.7,3.49,41.59
ORD008366,2025-03-05 03:07:29,ST001,CUST00246,In-store,Card,Completed,20.5,0.0,0.0,0.0,20.5
ORD008367,2025-05-06 02:55:48,ST005,CUST00564,In-store,Mobile Wallet,Completed,24.9,0.0,1.74,0.0,26.64
ORD008368,2025-02-07 11:15:02,ST008,CUST00511,Online,Card,Completed,37.3,1.38,0.4,3.49,39.81
ORD008369,2025-04-14 06:53:59,ST001,CUST00088,In-store,Card,Completed,0.75,0.0,0.0,0.0,0.75
ORD008370,2025-07-13 07:43:47,ST003,,Online,Card,Completed,20.35,0.0,2.52,3.49,26.36
ORD008371,2025-04-12 01:09:04,ST008,CUST00800,Online,Card,Completed,38.5,0.62,0.4,3.49,41.77
ORD008372,2025-08-10 12:04:58,ST004,CUST00122,In-store,Card,Completed,26.2,0.0,0.48,0.0,26.68
ORD008373,2025-08-25 21:54:34,ST004,,Online,Card,Completed,48.3,1.86,0.52,0.0,46.96
ORD008374,2025-03-30 18:53:15,ST008,CUST00788,Online,Card,Completed,4.55,0.0,0.72,3.49,8.76
ORD008375,2025-01-20 22:40:11,ST001,CUST00098,In-store,Card,Cancelled,2.4,0.0,0.0,0.0,0.0
ORD008376,2025-04-07 21:56:11,ST004,CUST00294,In-store,Card,Completed,14.75,0.0,2.76,0.0,17.51
ORD008377,2025-03-14 14:40:17,ST005,CUST00335,In-store,Card,Completed,30.8,0.0,3.88,0.0,34.68
ORD008378,2025-06-15 05:05:11,ST008,,In-store,Card,Completed,35.0,0.0,2.6,0.0,37.6
ORD008379,2025-03-23 22:43:46,ST002,,In-store,Card,Cancelled,32.05,0.0,2.92,0.0,0.0
ORD008380,2025-12-24 05:57:57,ST001,CUST00391,In-store,Card,Completed,6.7,0.0,0.94,0.0,7.64
ORD008381,2025-05-28 03:32:30,ST002,CUST00041,In-store,Card,Completed,22.8,0.0,1.09,0.0,23.89
ORD008382,2025-02-25 07:03:52,ST007,,In-store,Card,Completed,58.0,0.22,3.0,0.0,60.77
ORD008383,2025-05-12 08:27:40,ST003,CUST00628,In-store,Card,Completed,51.95,0.0,4.42,0.0,56.37
ORD008384,2025-07-08 04:20:39,ST007,CUST00302,In-store,Card,Completed,34.55,0.0,4.68,0.0,39.23
ORD008385,2025-03-20 03:41:32,ST001,CUST00076,Online,Cash,Completed,20.2,0.0,0.42,3.49,24.11
ORD008386,2025-03-31 08:29:30,ST005,CUST00410,In-store,Cash,Completed,8.7,0.0,0.0,0.0,8.7
ORD008387,2025-04-04 16:49:55,ST006,CUST00612,In-store,Cash,Completed,19.9,0.14,2.78,0.0,22.54
ORD008388,2025-09-18 20:31:24,ST005,CUST00778,Online,Card,Completed,3.4,0.0,0.0,3.49,6.89
ORD008389,2025-09-02 17:46:57,ST004,CUST00338,Click & Collect,Card,Completed,25.2,0.0,1.2,0.0,26.4
ORD008390,2025-01-14 06:22:01,ST008,CUST00021,In-store,Card,Completed,38.3,0.24,1.46,0.0,39.52
ORD008391,2025-07-08 08:08:59,ST002,CUST00671,In-store,Card,Completed,5.6,0.0,0.64,0.0,6.24
ORD008392,2025-07-18 14:16:15,ST007,CUST00117,In-store,Mobile Wallet,Completed,57.0,0.0,0.82,0.0,57.82
ORD008393,2025-01-18 08:08:10,ST003,,In-store,Card,Completed,47.85,0.33,1.3,0.0,48.81
ORD008394,2025-11-09 03:55:20,ST002,,In-store,Card,Completed,34.1,0.0,5.3,0.0,39.4
ORD008395,2025-10-19 14:29:20,ST007,CUST00202,In-store,Card,Completed,9.2,0.0,0.52,0.0,9.72
ORD008396,2025-06-22 08:58:40,ST002,,Click & Collect,Card,Completed,12.6,0.0,0.78,0.0,13.38
ORD008397,2025-09-20 01:25:02,ST002,CUST00018,In-store,Cash,Completed,37.85,0.0,0.0,0.0,37.85
ORD008398,2025-01-12 04:05:24,ST002,CUST00220,Online,Card,Completed,8.4,0.0,0.0,3.49,11.89
ORD008399,2025-03-29 00:58:18,ST005,CUST00142,In-store,Card,Completed,41.4,0.0,4.66,0.0,46.06
ORD008400,2025-08-23 08:54:12,ST004,,In-store,Cash,Completed,42.5,0.0,6.6,0.0,49.1
ORD008401,2025-03-06 12:55:42,ST005,,In-store,Card,Completed,31.7,0.0,0.9,0.0,32.6
ORD008402,2025-05-29 18:37:51,ST007,CUST00228,Online,Card,Completed,25.95,0.0,3.28,3.49,32.72
ORD008403,2025-07-27 16:16:55,ST002,CUST00627,In-store,Card,Completed,51.65,0.72,1.11,0.0,52.04
ORD008404,2025-12-03 09:19:24,ST007,CUST00476,In-store,Card,Completed,16.75,0.0,0.36,0.0,17.11
ORD008405,2025-12-25 03:47:11,ST007,,Online,Card,Completed,20.9,0.0,0.8,3.49,25.19
ORD008406,2025-02-26 06:18:58,ST008,CUST00270,Online,Cash,Completed,19.0,0.0,0.0,3.49,22.49
ORD008407,2025-10-25 14:14:54,ST007,,Click & Collect,Card,Completed,44.25,0.0,4.74,0.0,48.99
ORD008408,2025-05-13 22:42:08,ST001,CUST00429,In-store,Card,Refunded,13.25,0.0,1.24,0.0,14.49
ORD008409,2025-09-09 23:07:44,ST006,,Click & Collect,Mobile Wallet,Completed,48.55,0.3,0.55,0.0,48.8
ORD008410,2025-06-14 22:19:52,ST008,,In-store,Card,Completed,20.55,0.0,0.3,0.0,20.85
ORD008411,2025-10-13 17:13:26,ST006,CUST00304,Click & Collect,Card,Completed,21.9,0.0,0.64,0.0,22.54
ORD008412,2025-02-12 21:27:35,ST003,,In-store,Card,Completed,6.2,0.0,0.68,0.0,6.88
ORD008413,2025-02-01 13:47:14,ST003,,In-store,Card,Completed,29.8,0.0,0.6,0.0,30.4
ORD008414,2025-08-29 04:12:42,ST001,CUST00493,In-store,Gift Card,Completed,14.95,0.6,1.24,0.0,15.59
ORD008415,2025-12-05 02:31:26,ST008,CUST00612,In-store,Card,Completed,52.1,0.46,4.17,0.0,55.81
ORD008416,2025-09-27 05:56:14,ST004,CUST00722,In-store,Card,Completed,14.9,0.0,0.0,0.0,14.9
ORD008417,2025-10-25 22:03:32,ST003,CUST00101,In-store,Card,Completed,10.95,0.0,0.6,0.0,11.55
ORD008418,2025-06-23 14:52:42,ST001,,In-store,Cash,Completed,36.9,0.0,4.5,0.0,41.4
ORD008419,2025-05-10 23:44:16,ST005,CUST00567,In-store,Card,Completed,25.7,0.0,0.36,0.0,26.06
ORD008420,2025-05-08 02:51:20,ST005,CUST00242,In-store,Card,Completed,16.1,0.0,2.08,0.0,18.18
ORD008421,2025-08-09 02:42:01,ST003,CUST00035,Online,Card,Completed,16.7,0.0,0.54,3.49,20.73
ORD008422,2025-09-02 23:15:00,ST002,CUST00040,In-store,Card,Completed,13.85,0.3,1.97,0.0,15.52
ORD008423,2025-12-04 10:57:08,ST007,CUST00342,Online,Card,Completed,20.95,0.59,1.9,3.49,25.75
ORD008424,2025-04-08 21:06:30,ST006,CUST00557,In-store,Mobile Wallet,Completed,3.7,0.0,0.0,0.0,3.7
ORD008425,2025-04-23 10:35:50,ST006,CUST00654,In-store,Card,Cancelled,30.3,0.0,0.24,0.0,0.0
ORD008426,2025-09-09 04:24:29,ST001,,In-store,Card,Completed,15.65,0.0,1.2,0.0,16.85
ORD008427,2025-05-01 02:55:59,ST006,CUST00447,Online,Gift Card,Completed,25.65,0.0,3.41,3.49,32.55
ORD008428,2025-04-28 07:47:40,ST004,,In-store,Card,Completed,18.45,0.0,0.42,0.0,18.87
ORD008429,2025-02-17 15:33:17,ST008,CUST00528,Online,Cash,Completed,39.85,0.0,2.1,3.49,45.44
ORD008430,2025-11-27 22:10:21,ST004,CUST00660,In-store,Cash,Completed,31.2,0.0,1.04,0.0,32.24
ORD008431,2025-07-09 07:59:47,ST001,CUST00003,In-store,Card,Completed,31.05,0.0,1.39,0.0,32.44
ORD008432,2025-03-29 02:17:56,ST008,CUST00755,Online,Mobile Wallet,Completed,23.7,0.0,3.5,3.49,30.69
ORD008433,2025-07-21 06:30:27,ST004,,In-store,Card,Refunded,26.9,0.96,1.22,0.0,27.16
ORD008434,2025-09-17 12:31:41,ST001,CUST00597,In-store,Card,Completed,21.0,0.3,0.56,0.0,21.26
ORD008435,2025-03-15 03:34:59,ST001,CUST00564,In-store,Card,Completed,51.1,0.0,0.6,0.0,51.7
ORD008436,2025-04-27 08:08:57,ST002,CUST00398,Click & Collect,Card,Completed,22.85,0.0,1.62,0.0,24.47
ORD008437,2025-02-01 18:44:12,ST001,CUST00577,In-store,Card,Completed,2.6,0.0,0.52,0.0,3.12
ORD008438,2025-05-13 04:27:33,ST006,,In-store,Mobile Wallet,Completed,20.35,0.0,1.6,0.0,21.95
ORD008439,2025-11-04 21:28:20,ST007,CUST00084,Click & Collect,Card,Completed,8.25,0.0,0.88,0.0,9.13
ORD008440,2025-01-07 07:16:36,ST004,CUST00110,In-store,Card,Completed,4.8,0.0,0.96,0.0,5.76
ORD008441,2025-07-07 23:09:29,ST001,CUST00735,In-store,Card,Completed,58.55,0.0,3.64,0.0,62.19
ORD008442,2025-09-04 01:10:38,ST007,CUST00179,In-store,Mobile Wallet,Completed,15.75,0.3,0.89,0.0,16.34
ORD008443,2025-05-24 18:57:04,ST004,CUST00751,In-store,Card,Completed,43.55,0.0,3.72,0.0,47.27
ORD008444,2025-08-29 17:26:17,ST006,CUST00184,Online,Cash,Completed,5.4,0.0,1.08,3.49,9.97
ORD008445,2025-08-06 03:18:34,ST002,CUST00758,In-store,Card,Completed,11.1,0.0,0.0,0.0,11.1
ORD008446,2025-03-17 15:09:08,ST003,,In-store,Mobile Wallet,Completed,48.25,0.0,0.3,0.0,48.55
ORD008447,2025-03-14 22:45:53,ST007,CUST00601,In-store,Card,Completed,42.35,0.0,6.54,0.0,48.89
ORD008448,2025-08-02 04:58:15,ST005,CUST00491,Click & Collect,Cash,Completed,14.6,0.0,0.6,0.0,15.2
ORD008449,2025-02-10 00:54:25,ST008,CUST00036,Click & Collect,Card,Completed,17.6,0.0,1.3,0.0,18.9
ORD008450,2025-05-23 21:07:17,ST001,,In-store,Card,Completed,4.6,0.0,0.37,0.0,4.97
ORD008451,2025-06-19 12:34:53,ST001,CUST00360,In-store,Card,Completed,22.75,0.0,3.48,0.0,26.23
ORD008452,2025-10-12 17:44:05,ST002,CUST00151,Online,Card,Completed,13.65,0.0,2.04,3.49,19.18
ORD008453,2025-01-23 10:18:02,ST007,CUST00125,Online,Mobile Wallet,Completed,27.5,0.0,2.82,3.49,33.81
ORD008454,2025-07-31 10:18:51,ST007,CUST00562,Click & Collect,Cash,Completed,73.6,0.0,11.94,0.0,85.54
ORD008455,2025-10-12 10:47:33,ST001,CUST00348,Online,Card,Completed,23.2,0.0,1.94,3.49,28.63
ORD008456,2025-02-20 23:20:43,ST002,CUST00170,In-store,Card,Completed,60.0,0.0,3.4,0.0,63.4
ORD008457,2025-10-15 09:18:19,ST004,CUST00152,In-store,Card,Completed,37.9,0.0,5.82,0.0,43.72
ORD008458,2025-03-10 14:30:18,ST008,,Online,Card,Completed,4.95,0.0,0.3,3.49,8.74
ORD008459,2025-10-31 19:05:15,ST003,,In-store,Cash,Completed,15.8,0.0,1.4,0.0,17.2
ORD008460,2025-01-31 03:10:59,ST007,CUST00636,Online,Card,Completed,16.4,0.4,0.64,3.49,20.13
ORD008461,2025-12-21 20:22:43,ST004,CUST00506,Click & Collect,Card,Completed,2.6,0.0,0.52,0.0,3.12
ORD008462,2025-12-30 09:02:54,ST003,CUST00544,In-store,Mobile Wallet,Completed,14.2,0.0,1.73,0.0,15.93
ORD008463,2025-10-31 22:25:19,ST008,CUST00679,In-store,Card,Completed,8.25,0.0,0.0,0.0,8.25
ORD008464,2025-04-21 01:53:44,ST001,CUST00600,Online,Gift Card,Completed,41.4,0.0,4.34,0.0,45.74
ORD008465,2025-07-08 22:07:07,ST008,,In-store,Card,Completed,44.3,2.4,2.32,0.0,44.22
ORD008466,2025-04-22 03:29:28,ST001,CUST00727,In-store,Card,Completed,40.25,0.0,1.94,0.0,42.19
ORD008467,2025-12-28 20:22:29,ST001,CUST00782,In-store,Card,Completed,16.2,0.0,0.0,0.0,16.2
ORD008468,2025-07-30 00:15:21,ST002,CUST00616,Online,Card,Completed,36.25,0.0,1.08,3.49,40.82
ORD008469,2025-04-19 15:57:47,ST005,CUST00023,Online,Card,Completed,15.0,0.0,0.92,3.49,19.41
ORD008470,2025-06-03 17:58:30,ST001,CUST00451,In-store,Card,Completed,16.55,0.0,1.96,0.0,18.51
ORD008471,2025-03-23 22:47:03,ST007,CUST00297,In-store,Card,Completed,21.95,0.0,0.36,0.0,22.31
ORD008472,2025-02-12 21:28:21,ST008,CUST00281,In-store,Card,Completed,6.8,0.0,0.76,0.0,7.56
ORD008473,2025-01-30 12:01:20,ST006,CUST00430,In-store,Card,Completed,32.0,0.0,3.42,0.0,35.42
ORD008474,2025-07-16 16:20:19,ST006,,Click & Collect,Mobile Wallet,Completed,15.9,0.0,1.3,0.0,17.2
ORD008475,2025-10-12 06:59:50,ST007,CUST00070,Click & Collect,Card,Completed,27.75,0.0,0.97,0.0,28.72
ORD008476,2025-09-24 11:36:49,ST001,CUST00312,In-store,Card,Completed,22.25,0.0,1.32,0.0,23.57
ORD008477,2025-09-30 05:59:18,ST003,CUST00540,In-store,Card,Completed,23.6,0.0,0.0,0.0,23.6
ORD008478,2025-11-20 23:10:37,ST006,CUST00797,In-store,Card,Completed,20.2,0.0,2.6,0.0,22.8
ORD008479,2025-10-29 11:12:45,ST005,CUST00350,In-store,Mobile Wallet,Completed,10.35,0.0,0.36,0.0,10.71
ORD008480,2025-07-08 06:25:08,ST008,CUST00402,In-store,Card,Completed,35.2,0.0,2.54,0.0,37.74
ORD008481,2025-06-05 21:43:10,ST008,CUST00155,In-store,Mobile Wallet,Completed,12.7,0.0,1.62,0.0,14.32
ORD008482,2025-12-05 16:49:48,ST001,CUST00234,In-store,Mobile Wallet,Completed,14.1,0.15,0.35,0.0,14.3
ORD008483,2025-12-20 16:12:47,ST007,,In-store,Mobile Wallet,Completed,12.6,0.0,0.88,0.0,13.48
ORD008484,2025-08-25 05:24:17,ST003,,Click & Collect,Card,Completed,12.75,0.0,0.0,0.0,12.75
ORD008485,2025-05-20 12:32:19,ST007,,In-store,Card,Completed,39.9,0.0,2.8,0.0,42.7
ORD008486,2025-08-15 10:32:37,ST002,,In-store,Card,Completed,15.5,0.0,1.94,0.0,17.44
ORD008487,2025-03-25 01:59:57,ST001,,In-store,Card,Completed,22.6,0.0,0.0,0.0,22.6
ORD008488,2025-02-05 06:44:50,ST007,CUST00006,Online,Mobile Wallet,Completed,15.6,0.0,0.0,3.49,19.09
ORD008489,2025-02-18 18:52:36,ST001,,In-store,Cash,Completed,43.9,0.0,2.98,0.0,46.88
ORD008490,2025-06-07 22:57:46,ST003,CUST00489,In-store,Card,Cancelled,3.4,0.0,0.36,0.0,0.0
ORD008491,2025-05-03 23:34:22,ST008,CUST00220,In-store,Card,Completed,28.8,0.0,2.84,0.0,31.64
ORD008492,2025-02-03 16:12:51,ST003,CUST00688,Click & Collect,Mobile Wallet,Completed,36.1,0.0,3.88,0.0,39.98
ORD008493,2025-06-16 08:58:23,ST002,CUST00579,Click & Collect,Card,Completed,10.8,0.0,1.44,0.0,12.24
ORD008494,2025-03-10 05:00:56,ST001,CUST00159,In-store,Card,Completed,15.2,0.0,0.0,0.0,15.2
ORD008495,2025-05-02 06:46:18,ST003,,In-store,Card,Completed,18.1,0.0,0.82,0.0,18.92
ORD008496,2025-05-15 23:40:38,ST008,CUST00545,In-store,Card,Completed,17.5,0.0,0.84,0.0,18.34
ORD008497,2025-10-30 20:15:36,ST005,,In-store,Card,Completed,19.6,0.0,1.84,0.0,21.44
ORD008498,2025-04-25 14:30:16,ST008,CUST00777,In-store,Cash,Completed,11.6,0.0,1.92,0.0,13.52
ORD008499,2025-11-27 10:36:40,ST001,CUST00604,In-store,Card,Completed,39.65,0.0,1.11,0.0,40.76
ORD008500,2025-06-03 18:47:36,ST005,CUST00346,In-store,Card,Completed,43.45,1.92,1.36,0.0,42.89
ORD008501,2025-07-04 09:49:33,ST002,CUST00626,In-store,Card,Completed,58.9,0.0,5.28,0.0,64.18
ORD008502,2025-01-21 07:01:06,ST005,CUST00073,In-store,Card,Completed,41.1,1.32,0.98,0.0,40.76
ORD008503,2025-05-02 12:07:07,ST004,CUST00544,Click & Collect,Card,Completed,5.6,0.0,0.72,0.0,6.32
ORD008504,2025-05-21 02:18:43,ST008,,In-store,Cash,Completed,18.95,0.0,1.82,0.0,20.77
ORD008505,2025-12-28 10:02:34,ST006,CUST00396,In-store,Gift Card,Completed,65.7,0.0,13.14,0.0,78.84
ORD008506,2025-12-10 04:06:56,ST002,,Online,Cash,Completed,18.1,0.0,1.02,3.49,22.61
ORD008507,2025-01-13 06:28:56,ST003,CUST00387,In-store,Card,Completed,12.2,0.4,0.6,0.0,12.4
ORD008508,2025-05-18 09:07:53,ST005,,In-store,Card,Completed,39.5,0.0,2.22,0.0,41.72
ORD008509,2025-10-24 05:58:06,ST002,,Click & Collect,Card,Completed,13.85,0.0,0.48,0.0,14.33
ORD008510,2025-05-16 12:00:03,ST008,,In-store,Card,Completed,58.85,0.0,2.56,0.0,61.41
ORD008511,2025-06-27 11:04:43,ST002,CUST00228,In-store,Cash,Completed,8.1,0.0,0.6,0.0,8.7
ORD008512,2025-07-15 15:11:31,ST004,CUST00257,In-store,Mobile Wallet,Completed,58.6,0.0,1.58,0.0,60.18
ORD008513,2025-05-04 18:42:58,ST008,CUST00235,In-store,Card,Completed,52.3,0.0,4.52,0.0,56.82
ORD008514,2025-09-06 08:12:58,ST004,,In-store,Card,Completed,28.65,0.0,2.86,0.0,31.51
ORD008515,2025-06-12 07:03:33,ST002,CUST00601,In-store,Mobile Wallet,Completed,42.2,2.16,0.0,0.0,40.04
ORD008516,2025-02-24 16:31:15,ST003,CUST00495,In-store,Card,Completed,42.25,0.0,1.8,0.0,44.05
ORD008517,2025-06-25 09:34:48,ST004,,In-store,Mobile Wallet,Completed,7.15,0.0,1.04,0.0,8.19
ORD008518,2025-05-11 01:23:26,ST006,CUST00792,In-store,Card,Completed,16.9,0.0,0.64,0.0,17.54
ORD008519,2025-08-08 16:07:11,ST002,CUST00641,In-store,Mobile Wallet,Completed,60.15,0.0,8.62,0.0,68.77
ORD008520,2025-10-25 00:33:02,ST001,CUST00296,In-store,Cash,Completed,16.5,0.0,0.0,0.0,16.5
ORD008521,2025-12-08 04:14:00,ST007,CUST00209,In-store,Card,Completed,1.1,0.0,0.0,0.0,1.1
ORD008522,2025-03-23 10:27:12,ST003,CUST00554,Online,Card,Completed,13.0,0.0,0.68,3.49,17.17
ORD008523,2025-10-01 07:37:27,ST002,CUST00268,Online,Mobile Wallet,Completed,9.2,0.0,0.0,3.49,12.69
ORD008524,2025-11-30 19:30:16,ST006,,In-store,Card,Completed,22.2,0.0,1.96,0.0,24.16
ORD008525,2025-11-10 13:36:56,ST006,CUST00010,In-store,Card,Completed,44.65,0.0,1.32,0.0,45.97
ORD008526,2025-12-31 22:18:41,ST002,CUST00773,In-store,Card,Completed,5.6,0.0,0.0,0.0,5.6
ORD008527,2025-12-18 13:25:22,ST008,CUST00199,Online,Card,Completed,10.0,0.0,0.0,3.49,13.49
ORD008528,2025-02-04 07:04:20,ST003,CUST00466,In-store,Card,Completed,13.5,0.0,0.6,0.0,14.1
ORD008529,2025-05-17 20:26:51,ST007,,Online,Card,Completed,12.2,0.0,0.0,3.49,15.69
ORD008530,2025-03-14 21:54:24,ST002,CUST00602,Online,Cash,Completed,34.1,0.0,4.28,3.49,41.87
ORD008531,2025-01-08 19:29:02,ST006,CUST00214,In-store,Card,Completed,46.6,1.1,1.7,0.0,47.2
ORD008532,2025-12-26 05:38:11,ST007,CUST00650,In-store,Card,Completed,20.45,0.0,2.5,0.0,22.95
ORD008533,2025-01-05 09:06:30,ST008,CUST00349,In-store,Card,Completed,13.6,0.0,0.0,0.0,13.6
ORD008534,2025-09-19 03:25:18,ST002,CUST00135,In-store,Mobile Wallet,Completed,50.6,0.6,2.42,0.0,52.42
ORD008535,2025-02-25 15:44:21,ST004,,In-store,Cash,Completed,58.3,0.0,6.6,0.0,64.9
ORD008536,2025-11-09 14:38:57,ST007,CUST00507,In-store,Cash,Completed,1.7,0.0,0.34,0.0,2.04
ORD008537,2025-08-02 17:36:52,ST007,CUST00312,Online,Mobile Wallet,Completed,14.6,0.62,0.44,3.49,17.91
ORD008538,2025-10-07 20:56:07,ST008,CUST00575,In-store,Card,Completed,17.05,0.0,1.11,0.0,18.16
ORD008539,2025-02-17 10:18:47,ST003,CUST00294,Online,Cash,Completed,12.45,0.43,0.0,3.49,15.51
ORD008540,2025-12-21 20:25:06,ST002,CUST00669,Online,Card,Cancelled,20.5,0.0,0.98,3.49,0.0
ORD008541,2025-01-26 10:42:35,ST006,CUST00780,Online,Card,Completed,16.6,0.0,2.2,3.49,22.29
ORD008542,2025-06-01 20:11:33,ST004,CUST00352,In-store,Mobile Wallet,Completed,27.9,0.6,1.9,0.0,29.2
ORD008543,2025-07-01 15:15:44,ST001,CUST00151,In-store,Card,Completed,69.6,3.0,4.87,0.0,71.47
ORD008544,2025-02-12 20:05:05,ST008,CUST00283,In-store,Card,Completed,21.0,0.0,0.0,0.0,21.0
ORD008545,2025-11-14 21:04:05,ST005,,In-store,Card,Completed,22.8,0.0,0.0,0.0,22.8
ORD008546,2025-11-29 10:54:49,ST008,CUST00797,In-store,Card,Completed,22.05,0.0,0.72,0.0,22.77
ORD008547,2025-11-11 05:13:40,ST001,CUST00290,Click & Collect,Mobile Wallet,Completed,8.8,0.0,0.0,0.0,8.8
ORD008548,2025-11-30 10:14:47,ST006,,In-store,Card,Completed,27.65,0.0,1.16,0.0,28.81
ORD008549,2025-03-27 00:25:07,ST004,,In-store,Card,Completed,16.45,0.0,1.2,0.0,17.65
ORD008550,2025-03-23 05:40:48,ST008,,In-store,Card,Completed,93.05,0.0,1.88,0.0,94.93
ORD008551,2025-06-16 01:40:04,ST005,CUST00120,In-store,Card,Completed,36.6,0.0,0.56,0.0,37.16
ORD008552,2025-03-03 14:01:30,ST006,CUST00746,In-store,Card,Completed,38.8,0.0,3.3,0.0,42.1
ORD008553,2025-03-18 02:49:27,ST007,CUST00304,In-store,Card,Completed,32.5,0.0,6.5,0.0,39.0
ORD008554,2025-01-27 12:36:16,ST004,,In-store,Card,Completed,19.5,1.95,0.0,0.0,17.55
ORD008555,2025-01-10 18:42:07,ST006,CUST00291,Online,Card,Completed,11.0,0.0,2.2,3.49,16.69
ORD008556,2025-10-09 16:36:56,ST008,,Online,Card,Completed,31.3,0.0,1.9,3.49,36.69
ORD008557,2025-01-02 05:47:40,ST001,CUST00323,In-store,Mobile Wallet,Completed,65.3,0.22,8.68,0.0,73.76
ORD008558,2025-04-29 21:12:14,ST001,,Online,Cash,Completed,54.9,0.0,4.54,0.0,59.44
ORD008559,2025-12-18 18:02:49,ST006,CUST00547,In-store,Card,Completed,13.75,0.0,1.2,0.0,14.95
ORD008560,2025-01-08 05:57:52,ST007,,Online,Card,Completed,32.7,0.0,0.72,3.49,36.91
ORD008561,2025-10-14 16:07:40,ST002,CUST00408,In-store,Card,Completed,25.0,0.0,2.24,0.0,27.24
ORD008562,2025-04-17 17:36:42,ST005,CUST00672,In-store,Mobile Wallet,Completed,34.25,1.15,3.64,0.0,36.74
ORD008563,2025-06-10 02:36:29,ST003,CUST00479,In-store,Card,Completed,1.6,0.0,0.0,0.0,1.6
ORD008564,2025-02-19 00:52:19,ST003,CUST00508,In-store,Cash,Completed,20.25,0.0,4.05,0.0,24.3
ORD008565,2025-11-02 11:36:36,ST002,CUST00564,Click & Collect,Card,Completed,26.55,0.0,2.32,0.0,28.87
ORD008566,2025-05-16 07:30:40,ST004,CUST00118,In-store,Gift Card,Completed,15.0,0.0,0.0,0.0,15.0
ORD008567,2025-12-20 13:14:22,ST006,CUST00138,In-store,Card,Completed,10.2,0.0,0.0,0.0,10.2
ORD008568,2025-10-15 09:20:42,ST008,,Online,Card,Completed,23.8,0.0,0.0,3.49,27.29
ORD008569,2025-02-26 14:22:46,ST006,CUST00311,Online,Cash,Completed,15.7,0.0,0.0,3.49,19.19
ORD008570,2025-05-12 16:36:01,ST006,CUST00332,Online,Cash,Completed,35.15,0.0,0.0,3.49,38.64
ORD008571,2025-03-27 20:54:58,ST001,CUST00502,In-store,Gift Card,Completed,31.2,0.0,4.4,0.0,35.6
ORD008572,2025-06-12 20:57:40,ST004,,Online,Card,Completed,22.15,0.0,1.04,3.49,26.68
ORD008573,2025-10-29 11:40:48,ST008,CUST00549,In-store,Card,Completed,9.85,0.0,0.37,0.0,10.22
ORD008574,2025-10-08 00:26:41,ST001,,In-store,Gift Card,Completed,28.0,0.0,3.2,0.0,31.2
ORD008575,2025-01-02 09:54:41,ST002,,In-store,Gift Card,Completed,27.9,0.6,0.0,0.0,27.3
ORD008576,2025-05-22 15:20:21,ST006,CUST00070,In-store,Card,Completed,25.1,0.0,2.04,0.0,27.14
ORD008577,2025-08-27 09:04:53,ST002,CUST00662,Click & Collect,Card,Completed,33.75,0.46,3.84,0.0,37.13
ORD008578,2025-10-13 23:04:26,ST007,,In-store,Card,Completed,6.4,0.0,0.0,0.0,6.4
ORD008579,2025-03-29 11:02:11,ST003,CUST00738,In-store,Mobile Wallet,Completed,61.5,0.0,5.2,0.0,66.7
ORD008580,2025-10-06 22:49:36,ST003,,In-store,Card,Completed,45.35,0.0,1.08,0.0,46.43
ORD008581,2025-03-20 18:35:03,ST006,CUST00275,In-store,Card,Completed,18.85,0.0,2.29,0.0,21.14
ORD008582,2025-02-16 12:59:25,ST005,CUST00237,Click & Collect,Mobile Wallet,Completed,42.3,0.0,0.84,0.0,43.14
ORD008583,2025-09-10 13:39:34,ST006,CUST00338,In-store,Cash,Completed,21.6,0.0,0.88,0.0,22.48
ORD008584,2025-08-24 00:49:04,ST007,,In-store,Card,Completed,59.3,0.62,2.4,0.0,61.08
ORD008585,2025-03-11 21:41:47,ST002,CUST00101,In-store,Card,Completed,22.85,0.0,0.64,0.0,23.49
ORD008586,2025-04-19 07:14:28,ST007,CUST00156,Click & Collect,Card,Completed,26.5,0.0,4.22,0.0,30.72
ORD008587,2025-12-08 15:25:26,ST004,CUST00379,In-store,Mobile Wallet,Completed,37.45,0.0,2.74,0.0,40.19
ORD008588,2025-07-21 22:59:49,ST001,CUST00212,In-store,Card,Completed,43.3,3.0,1.48,0.0,41.78
ORD008589,2025-08-09 11:51:04,ST006,CUST00485,In-store,Card,Completed,11.2,0.0,1.52,0.0,12.72
ORD008590,2025-01-20 06:08:35,ST001,CUST00397,Click & Collect,Mobile Wallet,Completed,25.4,0.24,0.0,0.0,25.16
ORD008591,2025-12-04 17:40:42,ST001,CUST00336,In-store,Card,Completed,11.2,0.0,0.86,0.0,12.06
ORD008592,2025-12-17 14:57:22,ST001,CUST00298,Online,Mobile Wallet,Completed,10.9,0.0,0.0,3.49,14.39
ORD008593,2025-06-01 14:02:55,ST005,CUST00223,In-store,Cash,Completed,24.8,0.0,3.2,0.0,28.0
ORD008594,2025-11-03 18:36:49,ST008,,In-store,Mobile Wallet,Completed,38.1,0.0,1.48,0.0,39.58
ORD008595,2025-03-06 21:42:25,ST008,,Online,Card,Completed,39.9,0.0,0.96,3.49,44.35
ORD008596,2025-07-29 11:30:22,ST005,CUST00764,In-store,Mobile Wallet,Completed,26.7,0.0,2.3,0.0,29.0
ORD008597,2025-11-12 09:21:04,ST005,CUST00504,In-store,Card,Completed,18.3,0.0,0.64,0.0,18.94
ORD008598,2025-05-13 19:01:14,ST002,CUST00365,In-store,Mobile Wallet,Completed,6.5,0.0,1.3,0.0,7.8
ORD008599,2025-10-24 15:16:32,ST007,CUST00062,In-store,Card,Completed,15.7,0.0,2.38,0.0,18.08
ORD008600,2025-08-12 21:21:55,ST001,CUST00156,In-store,Card,Completed,29.05,0.72,3.1,0.0,31.43
ORD008601,2025-05-23 04:48:31,ST001,CUST00432,In-store,Card,Completed,22.7,0.0,1.32,0.0,24.02
ORD008602,2025-02-28 16:20:59,ST001,CUST00611,In-store,Cash,Completed,20.0,0.0,4.0,0.0,24.0
ORD008603,2025-03-23 10:58:48,ST002,CUST00764,In-store,Card,Completed,27.25,0.0,0.0,0.0,27.25
ORD008604,2025-12-01 22:47:22,ST006,CUST00669,In-store,Cash,Completed,27.85,0.24,2.37,0.0,29.98
ORD008605,2025-01-25 09:05:43,ST005,,In-store,Cash,Completed,9.8,0.24,0.0,0.0,9.56
ORD008606,2025-10-11 10:29:19,ST006,,In-store,Card,Completed,15.15,0.0,1.79,0.0,16.94
ORD008607,2025-07-02 08:39:59,ST004,CUST00498,In-store,Cash,Completed,27.6,1.44,0.0,0.0,26.16
ORD008608,2025-09-20 09:40:34,ST005,CUST00387,Click & Collect,Card,Completed,42.9,0.0,0.0,0.0,42.9
ORD008609,2025-01-09 19:24:21,ST008,,In-store,Mobile Wallet,Completed,45.3,1.65,0.0,0.0,43.65
ORD008610,2025-12-07 04:16:43,ST008,,In-store,Gift Card,Completed,56.4,0.12,3.16,0.0,59.44
ORD008611,2025-04-13 12:43:50,ST006,CUST00119,Online,Card,Completed,18.45,0.0,2.72,3.49,24.66
ORD008612,2025-05-04 16:06:24,ST001,CUST00432,In-store,Card,Completed,6.2,0.0,0.72,0.0,6.92
ORD008613,2025-11-10 07:05:27,ST006,,In-store,Mobile Wallet,Completed,31.1,0.0,2.08,0.0,33.18
ORD008614,2025-06-14 04:33:46,ST006,,Online,Card,Completed,14.55,0.0,0.24,3.49,18.28
ORD008615,2025-02-26 02:29:21,ST005,CUST00389,In-store,Gift Card,Completed,29.85,0.0,1.89,0.0,31.74
ORD008616,2025-09-22 08:42:57,ST004,,In-store,Card,Completed,21.2,0.0,2.32,0.0,23.52
ORD008617,2025-07-04 14:49:55,ST002,,In-store,Mobile Wallet,Completed,9.95,0.6,0.0,0.0,9.35
ORD008618,2025-12-22 03:20:34,ST006,CUST00380,In-store,Card,Completed,35.8,0.0,3.4,0.0,39.2
ORD008619,2025-05-05 20:46:18,ST002,CUST00545,In-store,Cash,Completed,50.1,0.0,0.56,0.0,50.66
ORD008620,2025-10-31 15:22:40,ST001,,Online,Card,Completed,32.5,0.0,0.3,3.49,36.29
ORD008621,2025-12-12 22:59:58,ST007,CUST00775,Click & Collect,Card,Completed,44.6,0.0,3.48,0.0,48.08
ORD008622,2025-05-25 02:23:14,ST001,CUST00454,Click & Collect,Card,Completed,2.0,0.0,0.0,0.0,2.0
ORD008623,2025-10-17 16:29:12,ST002,,In-store,Card,Completed,25.25,0.0,0.44,0.0,25.69
ORD008624,2025-02-07 21:28:21,ST002,CUST00655,Click & Collect,Card,Completed,14.2,0.0,0.0,0.0,14.2
ORD008625,2025-07-05 01:36:47,ST008,CUST00168,Online,Card,Completed,31.1,1.2,1.44,3.49,34.83
ORD008626,2025-03-18 05:43:53,ST007,CUST00371,In-store,Cash,Completed,28.2,0.0,4.96,0.0,33.16
ORD008627,2025-04-22 04:32:05,ST005,CUST00497,In-store,Mobile Wallet,Completed,24.9,0.0,3.28,0.0,28.18
ORD008628,2025-04-25 13:55:38,ST008,CUST00100,In-store,Card,Completed,7.7,0.0,0.0,0.0,7.7
ORD008629,2025-02-20 18:49:07,ST008,,In-store,Card,Completed,27.2,0.0,1.92,0.0,29.12
ORD008630,2025-11-09 09:40:09,ST006,CUST00646,In-store,Card,Completed,28.8,0.0,1.72,0.0,30.52
ORD008631,2025-11-19 06:44:23,ST001,,Click & Collect,Card,Completed,18.4,0.0,1.08,0.0,19.48
ORD008632,2025-01-10 19:30:27,ST004,CUST00073,In-store,Card,Completed,10.4,0.0,2.08,0.0,12.48
ORD008633,2025-02-18 03:41:53,ST004,CUST00755,In-store,Card,Completed,58.9,0.45,10.3,0.0,68.75
ORD008634,2025-05-20 05:36:19,ST007,,In-store,Card,Completed,29.3,0.0,2.0,0.0,31.3
ORD008635,2025-12-29 09:27:34,ST003,CUST00257,In-store,Card,Completed,33.05,0.0,0.37,0.0,33.42
ORD008636,2025-05-04 04:50:01,ST004,CUST00747,Online,Card,Completed,17.2,0.0,0.0,3.49,20.69
ORD008637,2025-04-02 12:15:40,ST002,CUST00710,In-store,Card,Completed,38.85,0.43,0.48,0.0,38.9
ORD008638,2025-12-08 15:58:11,ST007,CUST00218,Click & Collect,Card,Completed,35.0,0.0,1.72,0.0,36.72
ORD008639,2025-02-28 00:21:13,ST004,CUST00703,Click & Collect,Card,Completed,8.6,0.0,1.28,0.0,9.88
ORD008640,2025-01-08 00:26:40,ST005,,Online,Card,Refunded,16.2,0.0,1.8,3.49,21.49
ORD008641,2025-12-22 18:00:18,ST008,CUST00223,In-store,Cash,Completed,1.7,0.0,0.0,0.0,1.7
ORD008642,2025-03-18 05:52:40,ST007,CUST00093,In-store,Card,Completed,5.3,0.0,1.06,0.0,6.36
ORD008643,2025-08-21 12:13:49,ST004,CUST00606,In-store,Cash,Completed,15.25,0.0,0.0,0.0,15.25
ORD008644,2025-04-02 22:13:12,ST004,,In-store,Cash,Completed,24.2,0.19,2.72,0.0,26.73
ORD008645,2025-12-25 01:53:08,ST001,CUST00083,In-store,Card,Completed,8.8,0.0,0.0,0.0,8.8
ORD008646,2025-10-26 21:19:12,ST001,CUST00639,Click & Collect,Mobile Wallet,Completed,40.3,0.0,1.52,0.0,41.82
ORD008647,2025-12-12 17:02:57,ST002,CUST00286,Click & Collect,Mobile Wallet,Completed,0.9,0.0,0.18,0.0,1.08
ORD008648,2025-11-30 20:04:19,ST008,CUST00304,Click & Collect,Card,Completed,27.75,0.0,2.34,0.0,30.09
ORD008649,2025-07-25 23:15:32,ST006,CUST00240,In-store,Card,Completed,20.85,0.0,1.8,0.0,22.65
ORD008650,2025-10-26 19:22:40,ST008,,Online,Card,Refunded,60.4,0.0,6.88,0.0,67.28
ORD008651,2025-01-01 08:28:08,ST005,,In-store,Cash,Completed,12.0,0.0,0.0,0.0,12.0
ORD008652,2025-02-28 05:46:50,ST004,,Click & Collect,Gift Card,Completed,5.2,0.0,0.0,0.0,5.2
ORD008653,2025-02-11 05:33:43,ST002,CUST00512,In-store,Card,Completed,22.7,0.28,0.72,0.0,23.13
ORD008654,2025-09-19 09:00:33,ST002,,In-store,Cash,Completed,31.25,0.0,0.3,0.0,31.55
ORD008655,2025-06-24 14:59:39,ST005,CUST00464,In-store,Mobile Wallet,Completed,28.2,0.0,1.8,0.0,30.0
ORD008656,2025-05-15 09:00:04,ST006,CUST00311,Click & Collect,Card,Completed,57.0,0.0,6.24,0.0,63.24
ORD008657,2025-05-19 05:10:30,ST003,CUST00282,In-store,Mobile Wallet,Completed,1.5,0.0,0.3,0.0,1.8
ORD008658,2025-06-29 05:16:18,ST007,CUST00183,Online,Mobile Wallet,Completed,20.55,0.0,1.4,3.49,25.44
ORD008659,2025-08-19 16:59:14,ST001,,In-store,Card,Completed,1.5,0.0,0.0,0.0,1.5
ORD008660,2025-12-05 19:02:51,ST003,CUST00478,In-store,Card,Completed,33.1,0.0,2.36,0.0,35.46
ORD008661,2025-11-23 00:12:28,ST004,,Online,Cash,Completed,46.55,0.0,2.11,0.0,48.66
ORD008662,2025-12-28 01:50:41,ST006,,In-store,Card,Completed,40.45,0.0,1.24,0.0,41.69
ORD008663,2025-11-29 06:41:58,ST005,CUST00073,In-store,Card,Completed,17.9,0.0,2.24,0.0,20.14
ORD008664,2025-10-23 16:05:10,ST001,,In-store,Card,Completed,11.2,0.0,0.52,0.0,11.72
ORD008665,2025-01-13 17:46:49,ST008,CUST00654,Online,Cash,Completed,38.1,0.0,0.0,3.49,41.59
ORD008666,2025-09-19 01:39:28,ST005,CUST00531,In-store,Card,Completed,27.05,0.3,2.1,0.0,28.85
ORD008667,2025-06-09 12:19:17,ST001,CUST00752,In-store,Cash,Completed,19.1,0.0,0.0,0.0,19.1
ORD008668,2025-01-27 15:40:47,ST008,CUST00439,In-store,Gift Card,Completed,26.4,0.0,1.26,0.0,27.66
ORD008669,2025-03-17 17:42:43,ST007,,Online,Card,Completed,25.7,0.0,0.3,3.49,29.49
ORD008670,2025-08-01 08:13:16,ST001,,In-store,Card,Completed,6.6,0.0,0.4,0.0,7.0
ORD008671,2025-05-30 11:38:42,ST004,CUST00425,In-store,Card,Completed,36.65,0.0,0.18,0.0,36.83
ORD008672,2025-02-17 23:07:13,ST001,CUST00606,In-store,Mobile Wallet,Completed,45.05,0.0,1.07,0.0,46.12
ORD008673,2025-12-28 18:53:57,ST006,CUST00086,In-store,Card,Completed,21.3,0.0,2.35,0.0,23.65
ORD008674,2025-11-13 19:28:13,ST001,CUST00523,In-store,Cash,Completed,23.7,0.0,3.4,0.0,27.1
ORD008675,2025-06-09 07:56:44,ST005,CUST00123,In-store,Card,Completed,26.1,0.0,2.52,0.0,28.62
ORD008676,2025-05-05 08:11:18,ST007,,In-store,Card,Completed,5.2,0.0,1.04,0.0,6.24
ORD008677,2025-07-20 02:41:56,ST003,CUST00467,In-store,Cash,Completed,11.0,0.0,0.0,0.0,11.0
ORD008678,2025-10-09 23:36:51,ST001,CUST00396,In-store,Card,Completed,34.75,0.0,3.34,0.0,38.09
ORD008679,2025-12-16 06:37:53,ST006,CUST00696,In-store,Card,Completed,39.8,0.0,3.9,0.0,43.7
ORD008680,2025-07-21 06:24:22,ST004,CUST00499,In-store,Card,Completed,9.2,0.0,1.08,0.0,10.28
ORD008681,2025-11-21 18:42:05,ST002,CUST00200,In-store,Card,Completed,26.95,0.0,0.36,0.0,27.31
ORD008682,2025-08-12 00:13:40,ST006,CUST00368,In-store,Card,Completed,35.95,0.96,1.92,0.0,36.91
ORD008683,2025-12-02 11:04:35,ST001,CUST00465,In-store,Card,Completed,29.4,0.0,2.46,0.0,31.86
ORD008684,2025-05-13 00:03:24,ST002,CUST00510,In-store,Card,Completed,19.3,0.0,0.88,0.0,20.18
ORD008685,2025-06-30 18:39:04,ST002,CUST00254,Click & Collect,Card,Completed,6.8,0.0,0.18,0.0,6.98
ORD008686,2025-07-10 22:31:23,ST007,CUST00184,In-store,Card,Completed,22.1,0.0,4.02,0.0,26.12
ORD008687,2025-02-21 10:17:10,ST006,CUST00727,In-store,Mobile Wallet,Completed,25.95,0.0,0.0,0.0,25.95
ORD008688,2025-06-29 02:14:17,ST007,CUST00256,In-store,Card,Completed,26.05,0.72,0.52,0.0,25.85
ORD008689,2025-12-27 14:59:50,ST002,CUST00613,In-store,Card,Completed,15.0,0.0,1.56,0.0,16.56
ORD008690,2025-08-11 07:34:06,ST008,CUST00509,In-store,Card,Completed,42.6,1.44,4.14,0.0,45.3
ORD008691,2025-02-03 17:04:32,ST008,CUST00136,In-store,Card,Completed,50.35,0.0,4.92,0.0,55.27
ORD008692,2025-01-15 22:16:51,ST007,,Click & Collect,Cash,Completed,25.15,1.12,1.36,0.0,25.4
ORD008693,2025-12-22 08:22:27,ST007,,In-store,Card,Completed,6.5,0.0,0.42,0.0,6.92
ORD008694,2025-06-27 02:42:38,ST003,CUST00104,In-store,Card,Completed,34.8,1.2,1.64,0.0,35.24
ORD008695,2025-07-15 20:09:03,ST002,,In-store,Card,Completed,18.0,0.0,1.16,0.0,19.16
ORD008696,2025-04-14 14:06:11,ST003,CUST00173,In-store,Mobile Wallet,Completed,41.7,0.14,0.0,0.0,41.56
ORD008697,2025-04-15 16:24:05,ST007,CUST00221,In-store,Mobile Wallet,Completed,12.5,0.14,0.42,0.0,12.78
ORD008698,2025-03-22 19:43:17,ST008,CUST00286,In-store,Mobile Wallet,Completed,43.75,0.0,2.72,0.0,46.47
ORD008699,2025-08-05 20:30:54,ST005,CUST00191,Click & Collect,Card,Completed,12.2,0.0,0.0,0.0,12.2
ORD008700,2025-10-19 11:02:30,ST003,CUST00776,Click & Collect,Mobile Wallet,Completed,29.7,0.0,0.0,0.0,29.7
ORD008701,2025-08-11 11:21:07,ST006,,In-store,Mobile Wallet,Completed,21.8,1.92,0.0,0.0,19.88
ORD008702,2025-02-07 10:14:51,ST005,CUST00250,In-store,Card,Completed,13.6,0.0,0.0,0.0,13.6
ORD008703,2025-12-09 01:56:39,ST001,,Online,Card,Completed,9.8,0.0,0.0,3.49,13.29
ORD008704,2025-03-04 20:15:45,ST007,CUST00411,In-store,Card,Completed,24.45,0.0,2.49,0.0,26.94
ORD008705,2025-12-02 10:42:26,ST008,CUST00071,Online,Gift Card,Completed,6.4,0.0,0.0,3.49,9.89
ORD008706,2025-03-05 11:30:12,ST006,,In-store,Card,Completed,7.2,0.0,1.44,0.0,8.64
ORD008707,2025-11-05 05:37:49,ST008,,In-store,Cash,Completed,18.35,0.0,3.26,0.0,21.61
ORD008708,2025-07-29 03:19:31,ST005,CUST00121,In-store,Card,Completed,19.2,0.0,0.0,0.0,19.2
ORD008709,2025-12-13 18:50:08,ST003,,In-store,Card,Completed,43.9,0.0,6.92,0.0,50.82
ORD008710,2025-01-02 19:43:30,ST002,CUST00155,In-store,Card,Completed,14.4,0.0,0.0,0.0,14.4
ORD008711,2025-01-05 23:49:33,ST006,CUST00228,Click & Collect,Card,Completed,24.7,0.22,3.98,0.0,28.46
ORD008712,2025-05-10 02:18:14,ST003,,In-store,Card,Completed,2.2,0.0,0.0,0.0,2.2
ORD008713,2025-04-11 08:51:16,ST008,CUST00261,In-store,Card,Completed,19.1,0.0,2.52,0.0,21.62
ORD008714,2025-09-11 05:40:19,ST007,CUST00685,Click & Collect,Card,Completed,7.6,0.0,0.0,0.0,7.6
ORD008715,2025-10-04 08:07:38,ST001,,In-store,Card,Completed,16.9,0.0,1.84,0.0,18.74
ORD008716,2025-10-21 12:02:06,ST007,CUST00008,In-store,Card,Completed,24.75,0.0,1.8,0.0,26.55
ORD008717,2025-07-03 18:04:00,ST007,CUST00178,In-store,Card,Completed,25.35,0.0,3.12,0.0,28.47
ORD008718,2025-04-02 09:38:11,ST007,CUST00504,In-store,Mobile Wallet,Completed,16.9,0.0,1.38,0.0,18.28
ORD008719,2025-09-14 00:56:31,ST008,,Online,Card,Cancelled,28.15,0.0,2.55,3.49,0.0
ORD008720,2025-07-17 20:00:37,ST005,CUST00350,In-store,Card,Completed,31.3,0.0,1.82,0.0,33.12
ORD008721,2025-12-28 17:04:05,ST007,CUST00057,In-store,Card,Completed,21.7,0.0,4.34,0.0,26.04
ORD008722,2025-10-27 05:34:14,ST007,CUST00536,In-store,Card,Completed,47.9,0.0,4.16,0.0,52.06
ORD008723,2025-06-25 08:11:29,ST007,,In-store,Card,Completed,18.6,0.0,0.0,0.0,18.6
ORD008724,2025-03-26 04:42:40,ST005,,In-store,Card,Completed,24.0,0.0,0.0,0.0,24.0
ORD008725,2025-10-07 19:29:37,ST002,CUST00734,Online,Card,Completed,32.9,0.0,3.1,3.49,39.49
ORD008726,2025-03-26 00:39:01,ST004,CUST00513,In-store,Card,Completed,13.3,0.0,0.64,0.0,13.94
ORD008727,2025-02-22 17:20:10,ST008,CUST00255,Click & Collect,Card,Completed,31.75,0.78,1.04,0.0,32.01
ORD008728,2025-05-03 21:05:18,ST004,,In-store,Card,Completed,2.65,0.0,0.34,0.0,2.99
ORD008729,2025-09-18 02:55:17,ST005,CUST00328,In-store,Card,Completed,25.0,0.0,0.8,0.0,25.8
ORD008730,2025-01-21 21:18:30,ST006,CUST00649,In-store,Card,Completed,27.0,0.24,1.34,0.0,28.1
ORD008731,2025-07-24 20:06:24,ST004,CUST00163,In-store,Card,Completed,58.9,4.32,0.34,0.0,54.92
ORD008732,2025-07-29 17:54:41,ST006,,In-store,Cash,Completed,28.45,0.72,1.56,0.0,29.29
ORD008733,2025-02-14 06:40:14,ST006,CUST00028,In-store,Card,Completed,33.5,0.0,2.12,0.0,35.62
ORD008734,2025-09-15 02:32:30,ST003,,Online,Cash,Completed,10.55,0.3,0.58,3.49,14.32
ORD008735,2025-02-12 01:43:13,ST008,CUST00584,In-store,Card,Completed,23.0,0.49,3.12,0.0,25.62
ORD008736,2025-08-28 15:20:49,ST003,CUST00724,In-store,Card,Completed,33.1,0.0,3.98,0.0,37.08
ORD008737,2025-09-20 20:54:39,ST007,CUST00128,In-store,Card,Completed,19.7,0.0,1.8,0.0,21.5
ORD008738,2025-05-23 00:41:39,ST005,CUST00058,Click & Collect,Card,Refunded,16.1,0.0,0.6,0.0,16.7
ORD008739,2025-10-26 03:13:15,ST002,,In-store,Card,Completed,26.4,0.0,1.68,0.0,28.08
ORD008740,2025-04-14 10:59:48,ST002,CUST00639,In-store,Card,Completed,17.9,0.0,1.62,0.0,19.52
ORD008741,2025-09-07 07:41:11,ST005,CUST00046,In-store,Card,Completed,34.1,1.2,6.22,0.0,39.12
ORD008742,2025-02-04 05:43:15,ST006,CUST00171,In-store,Card,Completed,29.3,0.17,4.0,0.0,33.14
ORD008743,2025-02-07 15:37:03,ST003,,In-store,Card,Completed,21.5,0.0,1.92,0.0,23.42
ORD008744,2025-12-25 20:31:43,ST001,,In-store,Card,Completed,24.7,0.0,1.92,0.0,26.62
ORD008745,2025-03-31 08:51:06,ST006,CUST00063,In-store,Card,Completed,9.9,0.0,1.08,0.0,10.98
ORD008746,2025-06-18 23:45:42,ST002,,In-store,Cash,Completed,19.7,0.0,2.56,0.0,22.26
ORD008747,2025-12-09 06:21:40,ST008,CUST00767,In-store,Cash,Completed,1.9,0.0,0.0,0.0,1.9
ORD008748,2025-02-16 01:02:13,ST008,,In-store,Card,Completed,25.8,0.0,5.16,0.0,30.96
ORD008749,2025-03-07 11:26:32,ST002,CUST00105,In-store,Card,Completed,1.85,0.0,0.0,0.0,1.85
ORD008750,2025-12-10 18:36:08,ST008,CUST00115,Online,Card,Completed,65.6,0.77,2.07,0.0,66.9
ORD008751,2025-06-15 15:35:51,ST006,CUST00768,In-store,Card,Completed,40.7,1.22,0.24,0.0,39.72
ORD008752,2025-02-20 01:04:32,ST001,,In-store,Card,Completed,27.8,0.0,2.22,0.0,30.02
ORD008753,2025-07-05 13:32:28,ST002,CUST00337,In-store,Cash,Completed,33.4,1.92,0.36,0.0,31.84
ORD008754,2025-02-16 09:07:48,ST006,CUST00141,In-store,Card,Completed,6.0,0.0,1.2,0.0,7.2
ORD008755,2025-06-14 00:24:10,ST004,CUST00054,Click & Collect,Cash,Completed,9.7,0.0,0.98,0.0,10.68
ORD008756,2025-06-08 22:40:10,ST008,CUST00638,Online,Card,Completed,20.0,0.95,0.0,3.49,22.54
ORD008757,2025-10-20 13:08:52,ST003,CUST00371,In-store,Cash,Completed,19.8,0.0,0.0,0.0,19.8
ORD008758,2025-08-05 23:10:12,ST001,,In-store,Card,Completed,6.2,0.62,0.0,0.0,5.58
ORD008759,2025-03-24 13:32:03,ST003,,Online,Card,Completed,34.5,0.0,5.24,3.49,43.23
ORD008760,2025-01-10 11:46:48,ST002,CUST00307,In-store,Card,Completed,5.2,0.0,0.0,0.0,5.2
ORD008761,2025-05-21 14:10:18,ST006,CUST00245,Online,Card,Completed,14.0,0.0,0.3,3.49,17.79
ORD008762,2025-07-05 20:52:18,ST001,CUST00557,In-store,Card,Refunded,35.0,1.44,2.06,0.0,35.62
ORD008763,2025-12-19 15:41:20,ST008,CUST00706,In-store,Card,Completed,47.8,0.77,5.19,0.0,52.22
ORD008764,2025-12-26 23:35:35,ST007,,Online,Card,Completed,29.7,0.0,4.8,3.49,37.99
ORD008765,2025-08-20 12:03:13,ST008,CUST00259,Online,Card,Refunded,9.9,0.0,1.02,3.49,14.41
ORD008766,2025-04-27 14:10:13,ST002,CUST00800,Click & Collect,Card,Completed,14.1,0.0,2.58,0.0,16.68
ORD008767,2025-10-30 04:16:57,ST003,CUST00066,In-store,Card,Completed,6.0,0.0,0.0,0.0,6.0
ORD008768,2025-10-05 14:43:32,ST008,CUST00381,In-store,Mobile Wallet,Completed,20.55,0.0,1.33,0.0,21.88
ORD008769,2025-06-17 06:51:18,ST007,,In-store,Mobile Wallet,Completed,19.75,0.0,1.6,0.0,21.35
ORD008770,2025-01-30 20:56:44,ST004,,In-store,Mobile Wallet,Completed,30.1,0.0,2.16,0.0,32.26
ORD008771,2025-04-04 08:38:45,ST001,,Click & Collect,Card,Completed,35.8,0.0,2.82,0.0,38.62
ORD008772,2025-09-30 19:51:45,ST008,,In-store,Card,Completed,23.3,0.0,0.38,0.0,23.68
ORD008773,2025-03-25 09:20:46,ST001,CUST00357,In-store,Mobile Wallet,Completed,22.2,0.0,0.0,0.0,22.2
ORD008774,2025-07-12 23:53:09,ST003,CUST00018,In-store,Card,Completed,5.4,0.0,0.4,0.0,5.8
ORD008775,2025-09-22 14:07:43,ST008,CUST00014,In-store,Card,Completed,41.1,0.0,4.82,0.0,45.92
ORD008776,2025-03-22 13:51:19,ST004,CUST00039,Click & Collect,Mobile Wallet,Completed,23.25,0.0,1.64,0.0,24.89
ORD008777,2025-10-30 03:07:16,ST002,,In-store,Mobile Wallet,Completed,7.0,0.0,0.44,0.0,7.44
ORD008778,2025-03-26 05:30:04,ST001,CUST00641,In-store,Card,Completed,13.2,0.0,1.78,0.0,14.98
ORD008779,2025-09-01 18:03:42,ST005,CUST00419,Online,Card,Completed,14.6,0.0,1.16,3.49,19.25
ORD008780,2025-09-11 09:18:05,ST005,CUST00793,In-store,Cash,Completed,14.0,0.0,1.04,0.0,15.04
ORD008781,2025-09-10 20:33:31,ST006,CUST00110,Online,Mobile Wallet,Completed,24.15,0.0,1.56,3.49,29.2
ORD008782,2025-03-09 10:08:21,ST004,,In-store,Card,Completed,12.15,0.0,1.57,0.0,13.72
ORD008783,2025-08-23 00:48:43,ST004,,In-store,Card,Completed,3.7,0.0,0.3,0.0,4.0
ORD008784,2025-06-14 06:33:28,ST003,,Click & Collect,Card,Completed,22.3,0.96,0.34,0.0,21.68
ORD008785,2025-08-30 16:41:18,ST008,CUST00490,In-store,Card,Completed,6.4,0.0,1.28,0.0,7.68
ORD008786,2025-02-24 12:55:57,ST005,,Online,Card,Completed,22.6,0.49,1.4,3.49,26.99
ORD008787,2025-04-21 22:13:04,ST007,CUST00249,In-store,Card,Cancelled,31.8,0.0,1.6,0.0,0.0
ORD008788,2025-02-22 22:45:40,ST008,CUST00044,Online,Cash,Completed,52.45,0.0,2.38,0.0,54.83
ORD008789,2025-06-09 22:44:44,ST006,CUST00018,In-store,Card,Completed,35.7,0.0,2.7,0.0,38.4
ORD008790,2025-07-06 02:23:45,ST002,CUST00604,In-store,Card,Completed,17.15,0.0,1.2,0.0,18.35
ORD008791,2025-07-13 04:20:53,ST006,CUST00262,Click & Collect,Mobile Wallet,Completed,24.95,0.0,1.2,0.0,26.15
ORD008792,2025-06-29 01:01:56,ST005,CUST00149,In-store,Mobile Wallet,Completed,19.7,0.0,2.6,0.0,22.3
ORD008793,2025-01-20 13:20:23,ST002,CUST00388,In-store,Card,Completed,22.5,0.0,0.98,0.0,23.48
ORD008794,2025-04-24 20:19:13,ST008,,In-store,Card,Completed,11.3,0.0,0.3,0.0,11.6
ORD008795,2025-05-16 04:40:04,ST007,CUST00505,Online,Card,Completed,12.45,0.0,1.88,3.49,17.82
ORD008796,2025-01-17 07:08:10,ST007,,In-store,Card,Completed,11.3,0.0,1.9,0.0,13.2
ORD008797,2025-10-12 16:06:36,ST005,CUST00200,In-store,Card,Completed,12.25,0.0,0.96,0.0,13.21
ORD008798,2025-07-17 05:50:12,ST008,,In-store,Card,Completed,55.7,0.62,7.3,0.0,62.38
ORD008799,2025-06-25 05:21:19,ST004,,In-store,Card,Completed,22.8,0.0,1.02,0.0,23.82
ORD008800,2025-04-24 23:35:22,ST002,CUST00263,In-store,Cash,Completed,28.2,0.0,1.6,0.0,29.8
ORD008801,2025-02-22 00:51:32,ST001,,In-store,Card,Completed,0.75,0.0,0.0,0.0,0.75
ORD008802,2025-04-07 19:58:18,ST005,CUST00368,In-store,Card,Completed,17.2,0.91,1.92,0.0,18.21
ORD008803,2025-12-16 18:01:39,ST008,CUST00084,Click & Collect,Card,Completed,22.0,0.0,0.36,0.0,22.36
ORD008804,2025-04-13 15:01:27,ST006,,In-store,Card,Completed,21.2,0.0,2.58,0.0,23.78
ORD008805,2025-07-22 13:07:07,ST002,CUST00339,In-store,Card,Refunded,13.0,0.0,2.6,0.0,15.6
ORD008806,2025-08-01 13:48:03,ST001,,In-store,Card,Completed,4.5,0.0,0.9,0.0,5.4
ORD008807,2025-06-12 22:52:40,ST004,CUST00292,In-store,Card,Completed,24.4,0.0,2.08,0.0,26.48
ORD008808,2025-05-01 14:30:49,ST007,CUST00094,In-store,Card,Completed,47.8,0.0,2.02,0.0,49.82
ORD008809,2025-08-13 10:36:45,ST007,CUST00718,In-store,Card,Completed,30.7,0.0,0.38,0.0,31.08
ORD008810,2025-06-09 19:43:28,ST001,CUST00284,In-store,Card,Completed,34.55,0.62,3.12,0.0,37.05
ORD008811,2025-04-27 12:22:54,ST005,,In-store,Card,Completed,27.65,0.0,2.98,0.0,30.63
ORD008812,2025-05-01 22:29:13,ST002,CUST00386,Online,Mobile Wallet,Completed,21.35,0.0,0.0,3.49,24.84
ORD008813,2025-04-10 12:45:16,ST004,,In-store,Card,Completed,12.5,0.0,0.0,0.0,12.5
ORD008814,2025-01-29 16:34:57,ST001,,In-store,Card,Completed,35.85,0.72,5.36,0.0,40.49
ORD008815,2025-07-20 16:02:36,ST006,CUST00730,In-store,Card,Completed,23.2,0.0,0.0,0.0,23.2
ORD008816,2025-06-10 20:00:32,ST003,CUST00567,In-store,Card,Completed,80.05,3.0,7.84,0.0,84.89
ORD008817,2025-09-14 11:32:01,ST008,CUST00641,In-store,Card,Completed,19.2,2.1,2.22,0.0,19.32
ORD008818,2025-02-01 06:04:31,ST007,,Online,Card,Completed,6.1,0.0,0.36,3.49,9.95
ORD008819,2025-12-26 04:25:26,ST007,CUST00799,In-store,Gift Card,Completed,28.8,0.0,0.0,0.0,28.8
ORD008820,2025-01-26 19:31:48,ST006,CUST00010,Online,Card,Completed,5.2,0.0,0.0,3.49,8.69
ORD008821,2025-06-06 11:12:52,ST007,CUST00009,Online,Card,Completed,20.65,0.0,0.0,3.49,24.14
ORD008822,2025-12-04 10:16:18,ST005,CUST00269,In-store,Card,Cancelled,72.3,0.77,2.79,0.0,0.0
ORD008823,2025-11-02 16:33:49,ST002,CUST00645,In-store,Cash,Completed,14.65,0.0,0.0,0.0,14.65
ORD008824,2025-06-04 15:13:41,ST001,CUST00024,In-store,Cash,Completed,7.7,0.0,1.54,0.0,9.24
ORD008825,2025-04-20 15:03:21,ST001,CUST00645,In-store,Mobile Wallet,Completed,18.2,0.19,1.46,0.0,19.47
ORD008826,2025-01-28 06:30:22,ST008,CUST00545,In-store,Card,Completed,5.5,0.0,0.0,0.0,5.5
ORD008827,2025-03-17 19:45:19,ST006,,In-store,Cash,Completed,25.1,0.0,3.14,0.0,28.24
ORD008828,2025-09-09 00:55:54,ST008,,In-store,Mobile Wallet,Completed,27.7,0.0,4.9,0.0,32.6
ORD008829,2025-10-23 09:22:12,ST004,CUST00397,In-store,Card,Completed,24.6,0.0,0.7,0.0,25.3
ORD008830,2025-06-25 05:34:43,ST008,CUST00513,In-store,Card,Completed,19.8,0.0,2.6,0.0,22.4
ORD008831,2025-05-26 23:52:56,ST002,,In-store,Cash,Completed,7.3,0.0,0.38,0.0,7.68
ORD008832,2025-06-28 06:06:15,ST003,,In-store,Card,Completed,12.7,0.46,0.34,0.0,12.58
ORD008833,2025-05-23 11:10:13,ST003,CUST00394,In-store,Card,Completed,12.4,0.0,0.0,0.0,12.4
ORD008834,2025-12-10 14:12:15,ST008,CUST00498,In-store,Card,Completed,23.9,0.15,0.35,0.0,24.1
ORD008835,2025-03-24 07:02:45,ST001,CUST00350,Click & Collect,Card,Completed,8.65,0.0,0.0,0.0,8.65
ORD008836,2025-11-19 12:11:36,ST004,CUST00117,In-store,Cash,Completed,21.15,0.0,1.93,0.0,23.08
ORD008837,2025-05-17 16:41:55,ST006,,Online,Card,Completed,26.95,0.0,0.0,3.49,30.44
ORD008838,2025-10-20 19:59:46,ST005,CUST00299,In-store,Mobile Wallet,Completed,22.4,0.0,1.82,0.0,24.22
ORD008839,2025-04-17 07:42:59,ST004,CUST00648,In-store,Mobile Wallet,Completed,47.1,0.62,1.2,0.0,47.68
ORD008840,2025-11-10 00:16:46,ST007,,In-store,Cash,Completed,28.4,0.0,0.0,0.0,28.4
ORD008841,2025-06-22 01:30:38,ST007,CUST00370,Online,Gift Card,Completed,20.5,0.46,1.84,3.49,25.37
ORD008842,2025-08-28 00:26:06,ST007,CUST00636,In-store,Cash,Completed,21.45,0.0,0.0,0.0,21.45
ORD008843,2025-01-28 09:19:03,ST005,CUST00741,Online,Mobile Wallet,Completed,16.65,0.0,1.84,3.49,21.98
ORD008844,2025-05-14 12:20:33,ST007,CUST00025,In-store,Mobile Wallet,Cancelled,41.9,0.0,4.8,0.0,0.0
ORD008845,2025-11-23 05:57:31,ST007,,Online,Card,Completed,4.0,0.0,0.0,3.49,7.49
ORD008846,2025-03-12 02:11:10,ST006,CUST00577,In-store,Card,Completed,39.0,0.0,4.78,0.0,43.78
ORD008847,2025-09-19 13:21:49,ST005,CUST00280,Online,Card,Completed,45.85,0.6,7.52,0.0,52.77
ORD008848,2025-03-25 02:14:42,ST003,,In-store,Card,Completed,43.6,0.0,2.56,0.0,46.16
ORD008849,2025-10-14 14:26:19,ST004,CUST00356,In-store,Card,Completed,22.8,0.0,0.0,0.0,22.8
ORD008850,2025-07-18 06:02:55,ST006,,In-store,Gift Card,Completed,1.85,0.0,0.0,0.0,1.85
ORD008851,2025-12-06 08:31:06,ST003,,Click & Collect,Card,Completed,17.5,0.0,0.52,0.0,18.02
ORD008852,2025-02-28 07:50:19,ST008,CUST00007,In-store,Cash,Completed,58.05,0.66,1.28,0.0,58.67
ORD008853,2025-04-05 21:52:08,ST007,CUST00248,In-store,Card,Completed,22.4,0.0,2.32,0.0,24.72
ORD008854,2025-09-25 23:20:15,ST006,CUST00066,Online,Card,Completed,46.5,0.3,5.06,0.0,51.26
ORD008855,2025-05-27 01:51:55,ST003,CUST00643,In-store,Card,Completed,25.2,0.0,0.0,0.0,25.2
ORD008856,2025-05-19 06:44:21,ST003,,In-store,Card,Completed,33.2,0.0,4.88,0.0,38.08
ORD008857,2025-04-02 21:21:04,ST008,CUST00530,In-store,Card,Completed,29.7,0.46,1.78,0.0,31.02
ORD008858,2025-02-09 06:56:31,ST005,CUST00620,Online,Cash,Completed,36.05,0.0,1.52,3.49,41.06
ORD008859,2025-06-09 06:46:20,ST005,CUST00765,In-store,Card,Completed,42.2,0.0,1.3,0.0,43.5
ORD008860,2025-04-12 08:42:24,ST005,CUST00019,In-store,Mobile Wallet,Completed,24.1,0.0,3.64,0.0,27.74
ORD008861,2025-11-03 04:25:29,ST007,,Online,Card,Completed,2.4,0.0,0.0,3.49,5.89
ORD008862,2025-09-01 03:27:07,ST006,CUST00275,In-store,Card,Completed,55.9,0.0,2.26,0.0,58.16
ORD008863,2025-10-01 22:48:59,ST002,,Online,Mobile Wallet,Cancelled,15.0,0.0,1.08,3.49,0.0
ORD008864,2025-04-30 20:05:47,ST007,CUST00597,Online,Gift Card,Completed,17.5,0.0,0.3,3.49,21.29
ORD008865,2025-04-22 14:40:37,ST007,CUST00214,In-store,Card,Completed,2.85,0.0,0.0,0.0,2.85
ORD008866,2025-07-03 19:42:15,ST008,CUST00660,Online,Mobile Wallet,Completed,46.3,0.0,0.4,0.0,46.7
ORD008867,2025-06-03 02:06:00,ST004,CUST00007,In-store,Card,Completed,39.2,0.0,1.24,0.0,40.44
ORD008868,2025-10-20 15:09:14,ST007,CUST00119,In-store,Card,Completed,47.2,0.0,2.08,0.0,49.28
ORD008869,2025-04-16 17:02:31,ST002,CUST00774,In-store,Card,Completed,32.75,0.0,6.33,0.0,39.08
ORD008870,2025-12-05 20:51:19,ST003,,In-store,Card,Completed,20.55,0.15,1.5,0.0,21.9
ORD008871,2025-02-11 06:12:31,ST001,CUST00774,In-store,Card,Completed,33.45,0.17,5.16,0.0,38.45
ORD008872,2025-08-28 12:58:45,ST004,CUST00343,Click & Collect,Mobile Wallet,Completed,9.6,0.0,0.24,0.0,9.84
ORD008873,2025-04-26 00:03:56,ST003,CUST00330,In-store,Cash,Completed,33.95,0.0,6.26,0.0,40.21
ORD008874,2025-07-16 16:08:44,ST006,,In-store,Card,Cancelled,37.5,0.0,4.86,0.0,0.0
ORD008875,2025-03-01 01:03:46,ST003,,In-store,Card,Completed,19.45,0.0,1.75,0.0,21.2
ORD008876,2025-01-02 13:08:36,ST008,CUST00282,Click & Collect,Card,Completed,12.6,0.0,2.08,0.0,14.68
ORD008877,2025-04-20 03:37:08,ST006,,In-store,Card,Completed,44.4,0.0,4.56,0.0,48.96
ORD008878,2025-12-31 15:26:46,ST003,,In-store,Cash,Completed,4.5,0.0,0.0,0.0,4.5
ORD008879,2025-03-01 18:03:43,ST003,,In-store,Card,Completed,8.45,0.0,0.0,0.0,8.45
ORD008880,2025-12-21 00:31:40,ST004,CUST00714,Online,Card,Completed,20.4,0.12,0.64,3.49,24.41
ORD008881,2025-06-12 09:29:34,ST001,,In-store,Card,Completed,56.15,1.2,3.48,0.0,58.43
ORD008882,2025-03-04 18:27:10,ST003,,In-store,Card,Completed,54.8,0.0,4.5,0.0,59.3
ORD008883,2025-09-28 16:36:16,ST001,CUST00529,Online,Card,Completed,32.4,0.3,2.74,3.49,38.33
ORD008884,2025-01-20 18:15:47,ST003,,In-store,Card,Completed,11.9,0.0,0.3,0.0,12.2
ORD008885,2025-03-20 00:25:59,ST007,CUST00739,In-store,Card,Completed,13.4,0.0,2.24,0.0,15.64
ORD008886,2025-12-13 14:59:47,ST007,,In-store,Card,Refunded,25.3,0.48,2.62,0.0,27.44
ORD008887,2025-05-28 09:31:50,ST008,CUST00589,In-store,Card,Completed,43.2,0.0,5.2,0.0,48.4
ORD008888,2025-11-01 13:48:30,ST001,,Online,Card,Completed,21.0,0.0,0.75,3.49,25.24
ORD008889,2025-10-08 10:55:14,ST001,CUST00720,Online,Card,Completed,3.2,0.0,0.64,3.49,7.33
ORD008890,2025-11-13 11:43:09,ST005,CUST00217,In-store,Cash,Completed,51.65,0.0,0.94,0.0,52.59
ORD008891,2025-11-26 00:45:08,ST004,CUST00732,In-store,Card,Completed,21.5,0.0,3.82,0.0,25.32
ORD008892,2025-05-16 17:05:16,ST008,CUST00688,In-store,Card,Completed,60.3,0.0,8.94,0.0,69.24
ORD008893,2025-09-26 01:41:06,ST002,CUST00288,Online,Card,Completed,35.75,0.0,3.01,3.49,42.25
ORD008894,2025-06-07 23:05:56,ST008,CUST00713,In-store,Cash,Completed,46.85,0.69,2.28,0.0,48.44
ORD008895,2025-07-29 21:08:45,ST006,CUST00527,In-store,Card,Completed,43.35,3.0,0.3,0.0,40.65
ORD008896,2025-07-06 14:47:48,ST003,,In-store,Card,Completed,42.2,0.0,0.96,0.0,43.16
ORD008897,2025-02-19 09:22:41,ST005,CUST00316,In-store,Cash,Completed,48.4,0.0,2.7,0.0,51.1
ORD008898,2025-12-04 04:58:03,ST001,CUST00710,Online,Card,Completed,1.8,0.0,0.36,3.49,5.65
ORD008899,2025-10-20 01:02:12,ST004,CUST00658,In-store,Card,Completed,16.6,0.0,2.28,0.0,18.88
ORD008900,2025-04-23 01:27:51,ST005,CUST00185,Click & Collect,Card,Completed,12.9,0.0,1.24,0.0,14.14
ORD008901,2025-09-03 15:57:48,ST003,CUST00746,In-store,Mobile Wallet,Completed,22.0,0.9,0.88,0.0,21.98
ORD008902,2025-03-10 18:46:08,ST003,,Online,Mobile Wallet,Completed,49.8,0.0,2.24,0.0,52.04
ORD008903,2025-12-20 06:18:48,ST007,,In-store,Card,Completed,21.8,0.0,2.5,0.0,24.3
ORD008904,2025-07-23 21:56:15,ST001,CUST00387,Online,Card,Completed,25.5,0.96,0.36,3.49,28.39
ORD008905,2025-02-22 00:23:50,ST006,CUST00524,In-store,Card,Refunded,32.3,0.89,1.67,0.0,33.09
ORD008906,2025-08-18 16:49:20,ST006,CUST00605,In-store,Cash,Completed,15.2,0.0,0.42,0.0,15.62
ORD008907,2025-01-14 08:48:53,ST006,CUST00240,In-store,Card,Completed,5.5,0.0,0.88,0.0,6.38
ORD008908,2025-06-25 22:49:56,ST006,CUST00255,In-store,Card,Cancelled,35.8,0.0,3.46,0.0,0.0
ORD008909,2025-11-04 13:38:23,ST002,CUST00644,In-store,Card,Completed,60.35,0.0,0.0,0.0,60.35
ORD008910,2025-10-15 20:14:19,ST002,,In-store,Cash,Completed,4.0,0.0,0.0,0.0,4.0
ORD008911,2025-07-22 13:01:13,ST002,,In-store,Card,Completed,2.4,0.0,0.0,0.0,2.4
ORD008912,2025-06-28 05:31:33,ST003,,In-store,Gift Card,Completed,14.1,0.0,1.8,0.0,15.9
ORD008913,2025-03-08 20:41:52,ST005,CUST00663,In-store,Card,Cancelled,14.5,0.0,2.6,0.0,0.0
ORD008914,2025-04-22 07:15:29,ST007,CUST00254,In-store,Card,Completed,20.8,0.0,1.3,0.0,22.1
ORD008915,2025-01-26 17:07:39,ST003,CUST00718,In-store,Card,Completed,10.3,0.0,1.6,0.0,11.9
ORD008916,2025-03-23 21:56:55,ST005,CUST00233,Online,Cash,Completed,9.6,0.0,0.0,3.49,13.09
ORD008917,2025-05-20 17:33:19,ST005,,In-store,Card,Completed,16.1,0.0,0.0,0.0,16.1
ORD008918,2025-04-05 18:52:12,ST003,CUST00654,Online,Card,Completed,0.95,0.0,0.0,3.49,4.44
ORD008919,2025-06-28 11:57:24,ST006,,Online,Card,Completed,8.0,0.0,0.0,3.49,11.49
ORD008920,2025-08-04 07:15:44,ST005,,In-store,Cash,Completed,15.1,0.0,1.25,0.0,16.35
ORD008921,2025-03-28 09:52:13,ST002,CUST00463,In-store,Cash,Completed,28.5,0.0,0.37,0.0,28.87
ORD008922,2025-03-12 11:54:22,ST006,,In-store,Card,Completed,36.0,0.0,1.52,0.0,37.52
ORD008923,2025-01-18 16:03:03,ST005,,In-store,Card,Completed,22.55,0.0,3.16,0.0,25.71
ORD008924,2025-05-31 19:53:14,ST001,CUST00543,Online,Mobile Wallet,Completed,15.3,0.0,0.0,3.49,18.79
ORD008925,2025-10-24 01:45:22,ST003,CUST00116,In-store,Card,Completed,14.75,0.0,0.3,0.0,15.05
ORD008926,2025-09-27 01:55:41,ST002,,Online,Card,Cancelled,24.0,0.0,0.0,3.49,0.0
ORD008927,2025-07-20 18:23:27,ST004,CUST00511,In-store,Card,Completed,32.3,0.0,5.36,0.0,37.66
ORD008928,2025-11-07 11:17:42,ST001,,In-store,Cash,Completed,14.05,0.0,0.82,0.0,14.87
ORD008929,2025-02-01 20:18:53,ST007,CUST00786,In-store,Card,Completed,3.2,0.0,0.0,0.0,3.2
ORD008930,2025-04-21 08:55:19,ST006,,In-store,Card,Completed,38.1,0.96,2.24,0.0,39.38
ORD008931,2025-06-16 18:27:06,ST005,,In-store,Cash,Completed,35.6,0.0,5.5,0.0,41.1
ORD008932,2025-11-07 09:44:48,ST007,CUST00046,In-store,Card,Completed,8.9,0.0,0.36,0.0,9.26
ORD008933,2025-07-25 07:05:25,ST006,,In-store,Card,Completed,10.6,0.0,1.2,0.0,11.8
ORD008934,2025-10-13 09:51:02,ST005,CUST00076,In-store,Card,Completed,3.0,0.0,0.0,0.0,3.0
ORD008935,2025-08-10 23:13:50,ST001,,In-store,Mobile Wallet,Completed,4.05,0.0,0.0,0.0,4.05
ORD008936,2025-09-09 21:25:48,ST003,CUST00264,Click & Collect,Card,Completed,13.5,0.0,2.44,0.0,15.94
ORD008937,2025-06-14 06:13:41,ST006,CUST00637,In-store,Mobile Wallet,Completed,14.6,0.0,1.64,0.0,16.24
ORD008938,2025-07-16 15:03:07,ST007,,Click & Collect,Card,Completed,46.65,0.48,0.0,0.0,46.17
ORD008939,2025-12-09 23:26:23,ST004,CUST00057,Online,Mobile Wallet,Completed,18.0,0.0,3.38,3.49,24.87
ORD008940,2025-04-07 19:16:19,ST006,CUST00545,In-store,Mobile Wallet,Completed,31.3,0.0,0.0,0.0,31.3
ORD008941,2025-01-20 07:21:56,ST002,,In-store,Card,Completed,30.4,0.0,3.34,0.0,33.74
ORD008942,2025-03-16 10:16:03,ST001,CUST00411,In-store,Mobile Wallet,Completed,1.5,0.0,0.0,0.0,1.5
ORD008943,2025-07-17 23:12:48,ST008,CUST00237,In-store,Card,Completed,20.6,1.22,0.0,0.0,19.38
ORD008944,2025-06-15 17:47:17,ST001,CUST00609,Online,Mobile Wallet,Completed,26.2,0.0,0.88,3.49,30.57
ORD008945,2025-06-24 08:46:33,ST001,CUST00288,Online,Card,Completed,3.1,0.0,0.36,3.49,6.95
ORD008946,2025-11-11 05:08:48,ST004,CUST00179,In-store,Card,Completed,45.05,0.0,2.92,0.0,47.97
ORD008947,2025-04-25 19:34:25,ST005,CUST00763,In-store,Cash,Completed,40.4,0.0,0.0,0.0,40.4
ORD008948,2025-06-08 02:52:40,ST001,CUST00475,In-store,Mobile Wallet,Completed,92.8,0.23,6.94,0.0,99.51
ORD008949,2025-11-13 21:26:53,ST006,CUST00076,Online,Mobile Wallet,Completed,5.35,0.0,0.88,3.49,9.72
ORD008950,2025-01-16 23:40:49,ST001,,Online,Cash,Completed,8.3,0.0,0.0,3.49,11.79
ORD008951,2025-10-30 02:10:53,ST008,CUST00040,Online,Card,Completed,7.15,0.0,0.37,3.49,11.01
ORD008952,2025-02-17 20:02:50,ST002,,In-store,Mobile Wallet,Completed,38.5,0.0,5.12,0.0,43.62
ORD008953,2025-08-02 14:02:19,ST005,CUST00640,Click & Collect,Card,Completed,18.25,0.0,1.18,0.0,19.43
ORD008954,2025-05-30 22:52:44,ST006,CUST00761,In-store,Card,Completed,12.0,0.0,0.0,0.0,12.0
ORD008955,2025-02-24 20:40:31,ST004,CUST00460,In-store,Card,Completed,33.2,0.0,3.04,0.0,36.24
ORD008956,2025-12-05 02:56:27,ST003,,Online,Card,Completed,28.0,0.15,0.76,3.49,32.1
ORD008957,2025-01-12 23:13:35,ST006,CUST00692,In-store,Card,Completed,1.1,0.0,0.0,0.0,1.1
ORD008958,2025-06-15 11:36:08,ST003,CUST00248,In-store,Card,Completed,14.85,0.0,0.68,0.0,15.53
ORD008959,2025-03-17 04:03:36,ST002,CUST00666,In-store,Card,Completed,15.0,0.0,0.96,0.0,15.96
ORD008960,2025-07-15 23:34:04,ST005,,In-store,Gift Card,Completed,20.4,0.0,1.84,0.0,22.24
ORD008961,2025-07-24 07:22:40,ST008,CUST00309,In-store,Mobile Wallet,Completed,34.7,0.0,2.62,0.0,37.32
ORD008962,2025-07-31 18:50:27,ST003,,Click & Collect,Card,Completed,32.25,0.0,3.65,0.0,35.9
ORD008963,2025-12-09 01:34:46,ST002,CUST00138,In-store,Mobile Wallet,Completed,3.9,0.0,0.0,0.0,3.9
ORD008964,2025-12-13 05:09:56,ST008,CUST00781,Click & Collect,Card,Completed,3.2,0.0,0.0,0.0,3.2
ORD008965,2025-05-03 22:30:06,ST005,CUST00173,In-store,Card,Completed,6.3,0.0,0.74,0.0,7.04
ORD008966,2025-05-25 05:50:08,ST005,CUST00316,Online,Card,Completed,12.9,0.0,0.0,3.49,16.39
ORD008967,2025-11-27 02:00:51,ST006,CUST00723,Online,Card,Completed,61.4,0.0,6.24,0.0,67.64
ORD008968,2025-10-12 02:40:21,ST006,CUST00741,In-store,Gift Card,Completed,24.6,0.0,3.37,0.0,27.97
ORD008969,2025-03-13 15:15:02,ST005,CUST00445,In-store,Card,Completed,30.4,0.0,4.48,0.0,34.88
ORD008970,2025-08-18 17:42:22,ST002,,Click & Collect,Mobile Wallet,Refunded,34.8,0.0,1.92,0.0,36.72
ORD008971,2025-06-19 11:31:31,ST007,,In-store,Card,Completed,11.4,0.0,0.96,0.0,12.36
ORD008972,2025-08-22 02:40:22,ST006,CUST00107,Online,Card,Completed,7.8,0.0,0.0,3.49,11.29
ORD008973,2025-06-30 04:48:45,ST002,CUST00504,In-store,Mobile Wallet,Completed,5.6,0.0,1.12,0.0,6.72
ORD008974,2025-07-20 16:38:06,ST003,CUST00411,Online,Card,Completed,14.0,0.72,0.72,3.49,17.49
ORD008975,2025-07-05 07:11:42,ST003,CUST00682,In-store,Card,Completed,42.95,0.0,3.46,0.0,46.41
ORD008976,2025-04-09 17:22:21,ST005,,In-store,Card,Completed,24.6,0.0,4.62,0.0,29.22
ORD008977,2025-06-05 18:45:44,ST002,,In-store,Card,Completed,0.85,0.0,0.0,0.0,0.85
ORD008978,2025-05-12 08:58:22,ST003,CUST00480,In-store,Card,Completed,26.45,0.0,4.34,0.0,30.79
ORD008979,2025-02-20 10:33:38,ST004,CUST00715,In-store,Card,Completed,45.6,0.0,1.08,0.0,46.68
ORD008980,2025-01-19 08:25:46,ST003,CUST00432,Click & Collect,Card,Completed,25.2,0.0,3.34,0.0,28.54
ORD008981,2025-06-14 14:49:39,ST003,,Online,Card,Completed,16.0,0.0,0.0,3.49,19.49
ORD008982,2025-08-18 17:45:01,ST004,CUST00620,In-store,Card,Completed,12.15,0.0,0.55,0.0,12.7
ORD008983,2025-08-21 18:54:30,ST001,,In-store,Card,Completed,12.7,0.0,0.36,0.0,13.06
ORD008984,2025-04-22 21:25:56,ST008,CUST00659,In-store,Card,Completed,24.45,0.0,2.2,0.0,26.65
ORD008985,2025-10-30 18:35:54,ST003,CUST00724,Click & Collect,Mobile Wallet,Refunded,26.45,0.0,1.1,0.0,27.55
ORD008986,2025-03-21 10:41:05,ST007,CUST00472,Online,Card,Completed,36.3,0.0,3.68,3.49,43.47
ORD008987,2025-10-24 16:41:42,ST004,CUST00704,In-store,Card,Completed,29.35,0.0,3.5,0.0,32.85
ORD008988,2025-02-18 08:23:44,ST006,CUST00774,In-store,Card,Completed,29.3,2.81,1.04,0.0,27.54
ORD008989,2025-10-14 17:03:40,ST008,CUST00189,Online,Card,Completed,68.45,0.0,4.7,0.0,73.15
ORD008990,2025-12-09 07:08:39,ST002,CUST00497,In-store,Card,Completed,33.4,0.0,1.92,0.0,35.32
ORD008991,2025-12-25 09:50:59,ST007,CUST00697,In-store,Card,Completed,9.35,0.0,1.17,0.0,10.52
ORD008992,2025-04-12 20:40:13,ST007,CUST00097,In-store,Card,Completed,28.45,0.0,0.0,0.0,28.45
ORD008993,2025-05-20 00:27:57,ST007,CUST00747,In-store,Mobile Wallet,Completed,35.0,0.0,0.76,0.0,35.76
ORD008994,2025-07-04 08:39:42,ST007,,In-store,Mobile Wallet,Completed,40.25,0.0,0.72,0.0,40.97
ORD008995,2025-05-14 16:51:33,ST001,CUST00420,Online,Mobile Wallet,Completed,7.8,0.0,0.0,3.49,11.29
ORD008996,2025-11-24 11:12:26,ST008,CUST00123,Online,Card,Completed,15.0,0.0,1.7,3.49,20.19
ORD008997,2025-07-11 01:29:32,ST001,,In-store,Card,Completed,31.9,0.0,1.2,0.0,33.1
ORD008998,2025-04-03 04:02:14,ST005,CUST00706,In-store,Card,Completed,34.5,0.0,2.4,0.0,36.9
ORD008999,2025-05-22 22:45:23,ST003,,Online,Cash,Completed,35.7,0.0,1.26,3.49,40.45
ORD009000,2025-10-09 01:15:09,ST002,CUST00043,In-store,Cash,Completed,10.4,0.0,1.38,0.0,11.78
ORD009001,2025-09-19 02:10:15,ST005,CUST00381,In-store,Card,Completed,14.8,0.0,0.82,0.0,15.62
ORD009002,2025-05-18 15:55:40,ST005,,In-store,Card,Completed,21.3,0.0,0.36,0.0,21.66
ORD009003,2025-08-21 21:40:14,ST005,CUST00310,In-store,Mobile Wallet,Completed,21.8,0.0,0.38,0.0,22.18
ORD009004,2025-01-10 04:48:40,ST007,,In-store,Card,Completed,4.65,0.0,0.74,0.0,5.39
ORD009005,2025-06-04 22:21:15,ST005,,In-store,Mobile Wallet,Completed,21.85,0.0,1.78,0.0,23.63
ORD009006,2025-11-23 23:53:59,ST004,CUST00214,In-store,Mobile Wallet,Completed,21.2,0.0,1.3,0.0,22.5
ORD009007,2025-06-24 03:48:00,ST001,CUST00501,In-store,Card,Completed,1.5,0.0,0.3,0.0,1.8
ORD009008,2025-05-08 18:31:26,ST004,CUST00573,In-store,Card,Completed,18.25,0.0,2.93,0.0,21.18
ORD009009,2025-07-19 00:19:19,ST007,CUST00427,Online,Card,Completed,33.6,2.4,0.64,3.49,35.33
ORD009010,2025-01-07 02:00:11,ST006,CUST00384,In-store,Card,Completed,8.2,0.48,0.0,0.0,7.72
ORD009011,2025-07-14 21:42:30,ST005,CUST00696,Online,Card,Completed,44.85,0.0,0.0,0.0,44.85
ORD009012,2025-06-21 11:24:52,ST002,CUST00236,Online,Card,Completed,8.6,0.0,0.52,3.49,12.61
ORD009013,2025-05-10 09:30:52,ST005,,In-store,Card,Completed,34.5,0.0,1.04,0.0,35.54
ORD009014,2025-11-18 21:25:26,ST007,CUST00127,In-store,Card,Completed,38.7,0.0,0.8,0.0,39.5
ORD009015,2025-04-08 22:40:15,ST003,CUST00293,In-store,Card,Completed,45.9,0.0,1.44,0.0,47.34
ORD009016,2025-05-13 02:23:33,ST001,CUST00291,In-store,Card,Completed,8.6,0.0,1.08,0.0,9.68
ORD009017,2025-05-08 07:12:34,ST006,CUST00322,Click & Collect,Card,Completed,18.8,0.0,3.46,0.0,22.26
ORD009018,2025-09-06 08:47:09,ST004,,In-store,Card,Refunded,27.5,0.0,0.52,0.0,28.02
ORD009019,2025-07-14 11:46:04,ST003,,Online,Mobile Wallet,Completed,8.05,0.0,0.36,3.49,11.9
ORD009020,2025-02-22 10:19:46,ST002,,In-store,Card,Completed,12.55,0.0,0.74,0.0,13.29
ORD009021,2025-07-20 01:31:46,ST005,CUST00702,In-store,Cash,Completed,31.7,0.0,1.41,0.0,33.11
ORD009022,2025-09-20 03:13:05,ST007,CUST00638,Click & Collect,Cash,Completed,10.7,0.6,0.36,0.0,10.46
ORD009023,2025-08-29 03:03:40,ST008,CUST00550,In-store,Mobile Wallet,Completed,16.15,0.0,0.3,0.0,16.45
ORD009024,2025-12-09 18:07:53,ST007,CUST00645,Online,Card,Completed,20.4,0.0,0.52,3.49,24.41
ORD009025,2025-12-30 07:38:44,ST007,CUST00328,In-store,Card,Completed,28.05,0.0,0.0,0.0,28.05
ORD009026,2025-10-18 15:31:09,ST005,CUST00469,In-store,Card,Completed,34.6,0.0,3.2,0.0,37.8
ORD009027,2025-03-27 17:16:28,ST008,CUST00693,Click & Collect,Cash,Completed,32.8,0.0,5.2,0.0,38.0
ORD009028,2025-12-27 17:49:12,ST008,CUST00402,In-store,Card,Completed,36.85,0.0,4.42,0.0,41.27
ORD009029,2025-10-26 03:58:53,ST008,,Online,Card,Completed,28.7,0.0,3.0,3.49,35.19
ORD009030,2025-01-14 11:23:07,ST001,CUST00262,In-store,Card,Completed,22.1,0.22,1.78,0.0,23.66
ORD009031,2025-10-18 10:35:59,ST002,,Online,Gift Card,Completed,35.7,0.0,0.64,3.49,39.83
ORD009032,2025-08-14 17:33:39,ST007,CUST00055,In-store,Cash,Completed,13.8,1.38,0.0,0.0,12.42
ORD009033,2025-06-14 22:22:32,ST008,,In-store,Cash,Completed,13.2,0.0,1.25,0.0,14.45
ORD009034,2025-02-18 11:21:03,ST006,,In-store,Card,Completed,26.5,0.0,2.42,0.0,28.92
ORD009035,2025-10-13 20:46:27,ST006,CUST00502,In-store,Card,Completed,81.5,0.0,7.08,0.0,88.58
ORD009036,2025-07-08 07:16:08,ST004,CUST00511,In-store,Card,Completed,27.45,0.0,0.3,0.0,27.75
ORD009037,2025-04-02 23:30:39,ST003,,In-store,Card,Completed,19.55,1.54,0.37,0.0,18.38
ORD009038,2025-11-21 17:34:43,ST003,,Click & Collect,Card,Completed,25.4,0.0,2.3,0.0,27.7
ORD009039,2025-04-10 16:17:56,ST008,CUST00112,In-store,Mobile Wallet,Completed,3.8,0.0,0.0,0.0,3.8
ORD009040,2025-04-16 17:43:37,ST005,,In-store,Card,Completed,8.1,0.0,0.0,0.0,8.1
ORD009041,2025-09-24 02:25:30,ST003,,In-store,Mobile Wallet,Completed,23.75,0.0,2.82,0.0,26.57
ORD009042,2025-05-22 15:56:41,ST004,CUST00783,In-store,Card,Completed,10.55,0.0,0.0,0.0,10.55
ORD009043,2025-01-24 02:54:39,ST008,CUST00509,In-store,Mobile Wallet,Completed,47.2,0.0,3.9,0.0,51.1
ORD009044,2025-08-14 12:51:25,ST002,CUST00572,In-store,Card,Completed,32.3,1.15,1.66,0.0,32.81
ORD009045,2025-11-01 00:52:31,ST005,CUST00250,In-store,Gift Card,Completed,12.4,0.0,0.8,0.0,13.2
ORD009046,2025-07-07 05:01:33,ST007,CUST00463,In-store,Cash,Completed,29.7,0.0,1.44,0.0,31.14
ORD009047,2025-08-15 00:59:13,ST002,CUST00782,Online,Card,Cancelled,43.5,0.0,2.08,0.0,0.0
ORD009048,2025-07-14 03:14:17,ST001,CUST00792,In-store,Cash,Completed,32.8,0.0,3.98,0.0,36.78
ORD009049,2025-02-02 03:26:17,ST001,CUST00648,In-store,Mobile Wallet,Completed,14.6,0.0,0.0,0.0,14.6
ORD009050,2025-04-25 17:10:54,ST004,CUST00582,In-store,Card,Completed,36.0,0.0,5.38,0.0,41.38
ORD009051,2025-07-30 19:33:35,ST007,,In-store,Card,Completed,17.85,0.0,1.04,0.0,18.89
ORD009052,2025-11-15 21:40:03,ST008,CUST00049,Click & Collect,Card,Completed,28.7,0.0,2.08,0.0,30.78
ORD009053,2025-06-12 20:08:23,ST006,CUST00582,Click & Collect,Card,Completed,31.6,0.0,1.32,0.0,32.92
ORD009054,2025-09-28 19:47:20,ST004,,In-store,Gift Card,Completed,13.0,0.0,0.8,0.0,13.8
ORD009055,2025-09-22 18:51:24,ST005,CUST00127,Online,Cash,Completed,13.0,0.0,0.0,3.49,16.49
ORD009056,2025-03-12 05:12:12,ST002,CUST00494,In-store,Card,Completed,17.3,0.0,0.0,0.0,17.3
ORD009057,2025-12-14 13:49:48,ST003,CUST00351,In-store,Card,Completed,1.9,0.0,0.0,0.0,1.9
ORD009058,2025-01-09 11:27:39,ST008,CUST00414,In-store,Card,Completed,6.3,0.0,0.0,0.0,6.3
ORD009059,2025-08-26 13:43:45,ST001,CUST00553,In-store,Mobile Wallet,Completed,18.25,0.0,0.37,0.0,18.62
ORD009060,2025-07-15 16:03:18,ST006,CUST00353,In-store,Mobile Wallet,Refunded,11.3,0.0,1.66,0.0,12.96
ORD009061,2025-05-10 08:05:53,ST001,CUST00584,Click & Collect,Card,Completed,10.2,0.0,0.0,0.0,10.2
ORD009062,2025-03-11 04:14:07,ST005,CUST00250,In-store,Card,Completed,52.7,0.0,0.74,0.0,53.44
ORD009063,2025-05-01 11:28:34,ST003,CUST00700,In-store,Card,Completed,29.3,0.0,1.08,0.0,30.38
ORD009064,2025-05-26 02:10:03,ST006,CUST00643,In-store,Card,Completed,14.25,0.0,2.05,0.0,16.3
ORD009065,2025-07-30 18:50:05,ST003,CUST00225,Online,Gift Card,Completed,28.8,0.0,5.76,3.49,38.05
ORD009066,2025-01-10 20:40:36,ST008,CUST00255,In-store,Mobile Wallet,Completed,30.1,0.0,1.26,0.0,31.36
ORD009067,2025-05-17 20:02:46,ST002,CUST00026,Online,Mobile Wallet,Completed,45.35,0.0,5.4,0.0,50.75
ORD009068,2025-11-06 10:41:32,ST004,CUST00612,In-store,Gift Card,Completed,22.9,0.0,3.44,0.0,26.34
ORD009069,2025-09-13 14:08:46,ST005,CUST00237,Online,Card,Completed,27.0,1.8,1.84,3.49,30.53
ORD009070,2025-06-10 21:26:41,ST001,CUST00692,In-store,Mobile Wallet,Completed,20.0,0.0,2.34,0.0,22.34
ORD009071,2025-06-24 06:23:28,ST002,,In-store,Card,Cancelled,23.8,0.0,2.48,0.0,0.0
ORD009072,2025-02-05 21:01:36,ST004,,Online,Card,Completed,31.7,0.0,1.1,3.49,36.29
ORD009073,2025-09-08 23:54:18,ST003,,Online,Card,Completed,7.5,0.0,1.16,3.49,12.15
ORD009074,2025-08-08 14:01:22,ST008,,Online,Card,Completed,27.7,1.24,1.8,3.49,31.75
ORD009075,2025-03-02 03:02:42,ST004,CUST00549,In-store,Card,Completed,31.25,0.0,0.98,0.0,32.23
ORD009076,2025-07-15 18:58:38,ST008,CUST00542,Click & Collect,Card,Completed,15.2,1.2,0.0,0.0,14.0
ORD009077,2025-10-16 07:28:57,ST007,CUST00324,Online,Cash,Completed,11.7,0.0,0.0,3.49,15.19
ORD009078,2025-12-04 03:14:14,ST007,CUST00572,In-store,Mobile Wallet,Completed,5.8,0.0,0.0,0.0,5.8
ORD009079,2025-02-02 05:19:30,ST008,CUST00689,Click & Collect,Cash,Completed,18.6,0.0,2.28,0.0,20.88
ORD009080,2025-08-19 13:07:38,ST007,CUST00787,Click & Collect,Card,Completed,33.3,0.0,4.0,0.0,37.3
ORD009081,2025-01-06 01:46:15,ST008,CUST00201,Online,Card,Completed,42.35,0.46,0.37,0.0,42.26
ORD009082,2025-06-05 12:23:46,ST005,CUST00280,Online,Cash,Completed,5.2,0.0,1.04,3.49,9.73
ORD009083,2025-07-15 05:35:23,ST007,,In-store,Mobile Wallet,Completed,24.3,0.0,3.3,0.0,27.6
ORD009084,2025-12-30 06:20:01,ST007,CUST00121,Click & Collect,Card,Completed,19.25,0.0,0.24,0.0,19.49
ORD009085,2025-09-26 20:15:26,ST003,CUST00108,Click & Collect,Card,Completed,13.8,0.6,2.64,0.0,15.84
ORD009086,2025-04-09 08:07:11,ST004,CUST00688,In-store,Card,Completed,16.1,0.0,3.22,0.0,19.32
ORD009087,2025-06-04 00:44:52,ST001,CUST00256,Click & Collect,Cash,Completed,1.85,0.0,0.0,0.0,1.85
ORD009088,2025-10-03 06:08:42,ST002,CUST00250,In-store,Card,Completed,2.1,0.0,0.0,0.0,2.1
ORD009089,2025-04-06 06:05:25,ST008,CUST00790,In-store,Mobile Wallet,Completed,26.5,0.0,1.66,0.0,28.16
ORD009090,2025-01-28 08:35:08,ST001,CUST00549,In-store,Card,Completed,8.5,0.0,1.7,0.0,10.2
ORD009091,2025-10-28 05:53:15,ST002,CUST00051,In-store,Mobile Wallet,Completed,31.95,0.0,4.88,0.0,36.83
ORD009092,2025-01-04 00:03:02,ST008,CUST00083,In-store,Card,Completed,9.9,0.0,1.98,0.0,11.88
ORD009093,2025-07-31 01:27:33,ST008,CUST00138,In-store,Card,Completed,35.95,0.0,2.16,0.0,38.11
ORD009094,2025-01-24 06:47:41,ST006,,Online,Card,Refunded,7.6,0.0,0.0,3.49,11.09
ORD009095,2025-01-20 19:28:06,ST002,CUST00344,In-store,Mobile Wallet,Completed,20.35,0.41,1.08,0.0,21.02
ORD009096,2025-01-20 00:22:59,ST002,CUST00404,Online,Card,Completed,10.4,0.0,2.08,3.49,15.97
ORD009097,2025-11-04 09:40:04,ST007,,In-store,Card,Completed,16.5,0.0,1.08,0.0,17.58
ORD009098,2025-11-10 02:30:35,ST003,CUST00132,Online,Card,Completed,30.25,0.0,4.34,3.49,38.08
ORD009099,2025-05-11 18:19:44,ST001,CUST00626,In-store,Card,Completed,45.7,0.0,2.48,0.0,48.18
ORD009100,2025-12-05 06:59:39,ST004,,In-store,Card,Completed,9.2,0.0,0.96,0.0,10.16
ORD009101,2025-06-13 03:29:53,ST001,CUST00483,In-store,Cash,Completed,20.0,0.0,1.2,0.0,21.2
ORD009102,2025-01-24 18:17:09,ST008,CUST00588,In-store,Card,Completed,39.1,0.0,0.7,0.0,39.8
ORD009103,2025-06-24 13:34:19,ST006,CUST00374,In-store,Card,Completed,29.15,0.0,4.87,0.0,34.02
ORD009104,2025-01-31 08:19:41,ST006,CUST00459,In-store,Card,Completed,2.6,0.0,0.0,0.0,2.6
ORD009105,2025-10-26 18:55:21,ST004,CUST00292,Online,Card,Completed,27.65,0.0,0.34,3.49,31.48
ORD009106,2025-12-15 09:38:48,ST003,CUST00012,In-store,Card,Completed,10.7,0.0,1.3,0.0,12.0
ORD009107,2025-03-21 15:18:18,ST004,,In-store,Card,Completed,48.25,0.0,0.0,0.0,48.25
ORD009108,2025-12-13 16:29:28,ST008,,In-store,Mobile Wallet,Completed,13.4,0.0,0.0,0.0,13.4
ORD009109,2025-08-30 16:22:07,ST004,CUST00157,In-store,Card,Completed,11.9,0.0,1.28,0.0,13.18
ORD009110,2025-07-16 16:48:01,ST003,CUST00497,Click & Collect,Card,Completed,22.6,0.0,2.14,0.0,24.74
ORD009111,2025-09-01 16:37:14,ST003,,In-store,Card,Completed,15.3,0.0,0.0,0.0,15.3
ORD009112,2025-11-29 02:49:35,ST008,CUST00266,Online,Cash,Completed,25.55,0.0,4.74,3.49,33.78
ORD009113,2025-04-01 02:43:18,ST004,CUST00199,Click & Collect,Card,Completed,26.65,0.0,0.8,0.0,27.45
ORD009114,2025-11-18 22:33:09,ST005,CUST00539,In-store,Card,Completed,25.7,0.0,4.16,0.0,29.86
ORD009115,2025-06-25 11:47:13,ST002,CUST00783,In-store,Card,Completed,28.8,1.2,3.36,0.0,30.96
ORD009116,2025-03-05 15:08:35,ST004,,In-store,Card,Completed,7.6,0.0,0.0,0.0,7.6
ORD009117,2025-08-04 02:58:49,ST003,CUST00458,In-store,Cash,Completed,33.6,1.2,1.52,0.0,33.92
ORD009118,2025-03-26 22:21:50,ST007,CUST00646,Online,Mobile Wallet,Completed,22.3,0.0,0.42,3.49,26.21
ORD009119,2025-05-22 23:35:17,ST007,CUST00176,In-store,Card,Completed,63.4,0.0,2.76,0.0,66.16
ORD009120,2025-06-03 02:41:34,ST004,CUST00535,In-store,Card,Completed,14.6,0.0,2.92,0.0,17.52
ORD009121,2025-11-16 01:33:14,ST002,CUST00723,In-store,Card,Completed,2.4,0.0,0.48,0.0,2.88
ORD009122,2025-08-05 13:23:54,ST008,CUST00261,In-store,Card,Completed,41.7,0.0,6.82,0.0,48.52
ORD009123,2025-07-07 22:23:51,ST001,CUST00602,In-store,Cash,Completed,71.7,0.0,7.46,0.0,79.16
ORD009124,2025-09-01 14:57:15,ST002,CUST00464,In-store,Cash,Completed,20.1,0.9,0.9,0.0,20.1
ORD009125,2025-04-27 13:41:50,ST006,CUST00726,In-store,Cash,Completed,23.95,0.0,1.08,0.0,25.03
ORD009126,2025-03-21 17:24:50,ST005,CUST00609,In-store,Cash,Completed,11.5,0.0,0.66,0.0,12.16
ORD009127,2025-01-27 09:14:58,ST007,CUST00392,Online,Card,Completed,8.95,0.0,0.72,3.49,13.16
ORD009128,2025-09-04 14:18:34,ST007,CUST00056,In-store,Card,Completed,20.25,0.0,1.12,0.0,21.37
ORD009129,2025-11-30 03:13:00,ST005,,In-store,Cash,Completed,18.4,0.0,2.6,0.0,21.0
ORD009130,2025-03-26 22:55:15,ST008,CUST00321,Online,Card,Completed,35.7,0.0,0.54,3.49,39.73
ORD009131,2025-06-28 19:39:23,ST006,,In-store,Card,Completed,65.0,0.6,1.04,0.0,65.44
ORD009132,2025-04-12 15:43:27,ST006,CUST00361,Online,Cash,Completed,54.2,0.0,7.48,0.0,61.68
ORD009133,2025-07-01 21:04:59,ST004,CUST00192,In-store,Mobile Wallet,Completed,22.2,0.0,1.11,0.0,23.31
ORD009134,2025-04-06 01:37:06,ST006,CUST00485,In-store,Card,Completed,4.9,0.0,0.3,0.0,5.2
ORD009135,2025-02-25 03:17:19,ST002,CUST00622,In-store,Card,Completed,35.0,0.0,0.72,0.0,35.72
ORD009136,2025-04-24 14:57:01,ST007,,Online,Card,Completed,6.8,0.0,0.0,3.49,10.29
ORD009137,2025-03-27 07:00:07,ST008,CUST00593,In-store,Card,Completed,33.3,0.0,0.84,0.0,34.14
ORD009138,2025-03-12 22:34:53,ST008,CUST00001,In-store,Card,Completed,22.9,0.0,0.4,0.0,23.3
ORD009139,2025-11-12 00:06:15,ST007,CUST00130,In-store,Card,Completed,20.6,0.0,0.0,0.0,20.6
ORD009140,2025-06-30 21:46:49,ST001,,Click & Collect,Card,Completed,34.2,0.46,0.0,0.0,33.74
ORD009141,2025-10-12 21:21:17,ST001,CUST00516,Online,Card,Completed,25.8,0.0,1.77,3.49,31.06
ORD009142,2025-10-31 04:41:37,ST003,CUST00411,In-store,Card,Completed,36.85,0.0,3.0,0.0,39.85
ORD009143,2025-09-20 09:09:27,ST001,CUST00765,In-store,Mobile Wallet,Completed,37.55,0.3,1.86,0.0,39.11
ORD009144,2025-01-15 15:41:16,ST006,,In-store,Gift Card,Completed,10.5,0.15,0.52,0.0,10.87
ORD009145,2025-01-19 20:58:13,ST006,CUST00794,Online,Card,Completed,13.5,0.0,0.6,3.49,17.59
ORD009146,2025-06-25 20:11:05,ST005,CUST00759,In-store,Mobile Wallet,Completed,21.75,0.0,1.95,0.0,23.7
ORD009147,2025-04-04 21:02:09,ST002,CUST00748,In-store,Mobile Wallet,Completed,40.25,0.0,0.64,0.0,40.89
ORD009148,2025-12-06 16:29:13,ST007,CUST00592,In-store,Mobile Wallet,Completed,19.3,0.44,1.2,0.0,20.06
ORD009149,2025-08-26 18:04:13,ST003,,Online,Gift Card,Completed,26.8,0.69,0.9,3.49,30.5
ORD009150,2025-10-03 23:17:22,ST006,CUST00775,In-store,Card,Completed,7.0,0.0,0.54,0.0,7.54
ORD009151,2025-05-17 12:11:47,ST006,CUST00595,In-store,Card,Completed,36.05,0.0,5.2,0.0,41.25
ORD009152,2025-02-15 01:44:12,ST007,,In-store,Card,Completed,18.2,0.0,0.66,0.0,18.86
ORD009153,2025-08-11 09:54:47,ST002,CUST00220,In-store,Card,Completed,11.7,0.0,0.84,0.0,12.54
ORD009154,2025-04-21 18:41:51,ST007,CUST00303,In-store,Gift Card,Completed,27.75,1.54,1.24,0.0,27.45
ORD009155,2025-12-05 11:35:05,ST005,,Online,Card,Completed,31.8,0.72,1.66,3.49,36.23
ORD009156,2025-06-20 06:22:30,ST008,CUST00388,In-store,Mobile Wallet,Completed,46.65,1.24,0.78,0.0,46.19
ORD009157,2025-04-09 01:00:38,ST008,CUST00593,In-store,Card,Cancelled,86.05,0.0,1.2,0.0,0.0
ORD009158,2025-01-23 01:10:09,ST003,CUST00004,In-store,Card,Completed,28.9,0.0,0.6,0.0,29.5
ORD009159,2025-03-22 02:23:22,ST005,CUST00129,In-store,Card,Completed,15.5,0.0,1.88,0.0,17.38
ORD009160,2025-02-17 22:34:06,ST004,CUST00103,In-store,Cash,Completed,34.6,0.33,3.12,0.0,37.39
ORD009161,2025-12-13 01:37:03,ST003,CUST00009,In-store,Mobile Wallet,Completed,31.3,0.0,1.08,0.0,32.38
ORD009162,2025-01-04 13:49:13,ST006,CUST00209,In-store,Gift Card,Completed,2.2,0.0,0.44,0.0,2.64
ORD009163,2025-06-03 10:07:29,ST005,CUST00791,Online,Mobile Wallet,Completed,19.4,0.0,0.68,3.49,23.57
ORD009164,2025-12-12 00:11:29,ST001,CUST00092,In-store,Card,Completed,41.6,0.0,3.76,0.0,45.36
ORD009165,2025-06-29 02:55:53,ST005,CUST00525,Online,Card,Completed,3.3,0.0,0.44,3.49,7.23
ORD009166,2025-07-11 00:41:16,ST008,CUST00132,In-store,Card,Completed,2.1,0.0,0.0,0.0,2.1
ORD009167,2025-11-22 08:55:26,ST004,CUST00285,In-store,Cash,Completed,40.3,0.0,0.72,0.0,41.02
ORD009168,2025-03-11 11:44:43,ST006,,In-store,Card,Completed,38.0,0.0,1.04,0.0,39.04
ORD009169,2025-01-28 10:05:11,ST004,,In-store,Card,Completed,2.6,0.0,0.52,0.0,3.12
ORD009170,2025-08-27 01:01:40,ST002,CUST00101,In-store,Mobile Wallet,Completed,9.6,0.0,0.0,0.0,9.6
ORD009171,2025-02-23 14:33:01,ST003,CUST00702,In-store,Card,Completed,19.55,0.0,0.8,0.0,20.35
ORD009172,2025-04-30 02:32:20,ST004,,In-store,Mobile Wallet,Completed,10.5,0.0,1.36,0.0,11.86
ORD009173,2025-10-19 05:27:08,ST004,,Click & Collect,Card,Completed,28.3,0.0,1.44,0.0,29.74
ORD009174,2025-10-02 00:25:43,ST008,,In-store,Card,Completed,10.5,0.0,1.72,0.0,12.22
ORD009175,2025-10-16 07:36:16,ST004,,In-store,Card,Completed,28.05,0.0,0.88,0.0,28.93
ORD009176,2025-07-16 04:40:41,ST007,CUST00458,In-store,Card,Completed,30.9,0.0,1.3,0.0,32.2
ORD009177,2025-11-14 14:56:16,ST008,,In-store,Card,Completed,37.3,0.0,0.84,0.0,38.14
ORD009178,2025-03-08 07:02:42,ST007,,In-store,Card,Completed,12.2,0.0,0.0,0.0,12.2
ORD009179,2025-03-25 21:03:02,ST006,CUST00787,In-store,Card,Completed,21.4,0.0,4.28,0.0,25.68
ORD009180,2025-06-07 07:27:50,ST002,,Online,Mobile Wallet,Completed,27.7,0.0,2.8,3.49,33.99
ORD009181,2025-03-18 18:08:49,ST007,CUST00286,In-store,Cash,Completed,10.5,0.0,0.36,0.0,10.86
ORD009182,2025-06-19 08:51:16,ST003,CUST00700,In-store,Card,Completed,5.1,0.0,0.0,0.0,5.1
ORD009183,2025-05-24 16:47:34,ST006,,In-store,Card,Completed,23.0,0.0,2.08,0.0,25.08
ORD009184,2025-05-04 09:56:14,ST007,CUST00448,In-store,Mobile Wallet,Completed,21.5,0.0,3.0,0.0,24.5
ORD009185,2025-01-14 12:00:53,ST001,,In-store,Mobile Wallet,Completed,11.55,0.1,1.44,0.0,12.89
ORD009186,2025-03-13 16:03:37,ST006,CUST00467,Click & Collect,Cash,Completed,9.45,0.0,0.76,0.0,10.21
ORD009187,2025-03-12 13:36:41,ST002,,In-store,Card,Completed,6.25,0.0,0.0,0.0,6.25
ORD009188,2025-08-18 22:43:34,ST004,CUST00059,Online,Cash,Completed,39.2,0.0,1.16,3.49,43.85
ORD009189,2025-12-26 21:10:22,ST002,CUST00628,In-store,Mobile Wallet,Completed,4.15,0.0,0.24,0.0,4.39
ORD009190,2025-09-29 16:09:04,ST002,CUST00238,Online,Card,Completed,25.9,1.2,1.86,3.49,30.05
ORD009191,2025-07-22 20:35:21,ST001,CUST00507,Click & Collect,Card,Completed,16.15,0.0,2.34,0.0,18.49
ORD009192,2025-10-29 09:05:48,ST005,CUST00662,In-store,Mobile Wallet,Completed,22.3,0.0,1.26,0.0,23.56
ORD009193,2025-07-05 07:56:36,ST006,CUST00543,In-store,Cash,Completed,24.0,0.0,3.94,0.0,27.94
ORD009194,2025-03-18 04:24:29,ST001,CUST00213,Click & Collect,Card,Completed,5.2,0.0,0.34,0.0,5.54
ORD009195,2025-01-30 17:47:31,ST001,CUST00057,Online,Card,Completed,1.1,0.0,0.0,3.49,4.59
ORD009196,2025-02-20 19:28:40,ST005,CUST00795,In-store,Card,Completed,10.8,0.0,0.48,0.0,11.28
ORD009197,2025-12-30 21:35:08,ST006,,Online,Cash,Completed,16.55,0.0,1.08,3.49,21.12
ORD009198,2025-05-23 02:08:26,ST003,CUST00586,In-store,Card,Completed,3.2,0.0,0.64,0.0,3.84
ORD009199,2025-06-06 22:12:26,ST004,CUST00582,In-store,Card,Completed,20.7,0.0,0.0,0.0,20.7
ORD009200,2025-03-04 23:47:30,ST003,,In-store,Card,Completed,34.15,0.0,2.2,0.0,36.35
ORD009201,2025-01-26 03:18:20,ST003,CUST00252,Online,Card,Completed,23.9,0.0,0.42,3.49,27.81
ORD009202,2025-06-15 12:51:30,ST007,,Click & Collect,Card,Completed,18.3,0.92,0.0,0.0,17.38
ORD009203,2025-04-30 16:44:20,ST005,CUST00020,In-store,Card,Completed,24.9,0.0,0.0,0.0,24.9
ORD009204,2025-09-04 05:58:01,ST004,CUST00241,Online,Cash,Completed,7.8,0.6,0.96,3.49,11.65
ORD009205,2025-02-27 08:59:14,ST001,,In-store,Cash,Completed,1.8,0.0,0.36,0.0,2.16
ORD009206,2025-11-02 20:07:26,ST007,CUST00712,In-store,Card,Completed,7.4,0.0,0.38,0.0,7.78
ORD009207,2025-07-03 17:06:27,ST004,CUST00752,Online,Card,Completed,42.4,0.0,2.08,0.0,44.48
ORD009208,2025-12-25 06:21:30,ST002,CUST00581,Click & Collect,Card,Completed,9.6,0.0,0.0,0.0,9.6
ORD009209,2025-11-07 08:45:34,ST005,CUST00102,In-store,Card,Completed,22.2,0.0,0.0,0.0,22.2
ORD009210,2025-07-10 01:19:28,ST002,CUST00580,Online,Mobile Wallet,Completed,41.1,0.0,5.18,0.0,46.28
ORD009211,2025-04-25 06:00:37,ST006,CUST00040,In-store,Mobile Wallet,Completed,13.25,0.0,0.0,0.0,13.25
ORD009212,2025-03-11 03:31:08,ST001,,In-store,Card,Completed,54.2,0.0,2.56,0.0,56.76
ORD009213,2025-05-21 06:38:58,ST002,CUST00124,In-store,Card,Completed,3.7,0.0,0.74,0.0,4.44
ORD009214,2025-10-23 21:30:51,ST002,,In-store,Mobile Wallet,Completed,24.8,0.0,2.4,0.0,27.2
ORD009215,2025-04-17 15:35:45,ST005,CUST00163,Online,Mobile Wallet,Completed,13.9,0.0,0.84,3.49,18.23
ORD009216,2025-05-18 10:22:22,ST005,,In-store,Card,Completed,36.75,0.0,0.96,0.0,37.71
ORD009217,2025-07-14 23:55:42,ST001,CUST00279,In-store,Card,Completed,40.9,0.0,6.9,0.0,47.8
ORD009218,2025-05-22 19:19:00,ST006,CUST00665,In-store,Card,Completed,14.8,0.0,0.0,0.0,14.8
ORD009219,2025-04-01 20:32:03,ST001,CUST00428,In-store,Mobile Wallet,Completed,34.4,0.0,1.64,0.0,36.04
ORD009220,2025-01-14 19:54:38,ST003,CUST00695,In-store,Card,Completed,1.2,0.0,0.0,0.0,1.2
ORD009221,2025-03-20 15:35:16,ST005,,In-store,Cash,Completed,13.85,0.0,0.52,0.0,14.37
ORD009222,2025-03-12 06:00:13,ST008,,Online,Card,Completed,23.5,0.0,0.74,3.49,27.73
ORD009223,2025-05-15 00:40:49,ST001,,In-store,Card,Completed,18.2,0.0,1.04,0.0,19.24
ORD009224,2025-10-03 23:50:32,ST001,CUST00479,In-store,Card,Completed,23.9,0.0,2.0,0.0,25.9
ORD009225,2025-01-28 17:03:27,ST003,,In-store,Card,Completed,33.9,0.0,4.38,0.0,38.28
ORD009226,2025-05-28 01:30:52,ST001,CUST00176,In-store,Card,Cancelled,15.95,0.0,0.37,0.0,0.0
ORD009227,2025-11-10 05:57:29,ST002,CUST00661,In-store,Card,Completed,29.05,0.0,3.15,0.0,32.2
ORD009228,2025-04-22 00:40:02,ST006,,In-store,Card,Refunded,42.05,0.0,3.19,0.0,45.24
ORD009229,2025-01-29 08:12:06,ST008,CUST00559,In-store,Cash,Completed,68.1,0.49,8.1,0.0,75.71
ORD009230,2025-02-14 09:05:14,ST006,CUST00647,In-store,Cash,Completed,15.3,0.33,0.6,0.0,15.57
ORD009231,2025-08-03 03:14:55,ST002,,In-store,Card,Completed,26.9,0.0,0.0,0.0,26.9
ORD009232,2025-03-17 12:27:41,ST008,CUST00574,In-store,Card,Completed,30.7,0.0,3.24,0.0,33.94
ORD009233,2025-07-08 17:37:10,ST002,CUST00140,In-store,Mobile Wallet,Refunded,58.15,2.39,4.14,0.0,59.9
ORD009234,2025-08-17 20:42:56,ST002,CUST00227,In-store,Card,Completed,13.85,0.0,1.49,0.0,15.34
ORD009235,2025-08-14 02:15:41,ST007,CUST00284,In-store,Card,Completed,46.5,0.0,5.2,0.0,51.7
ORD009236,2025-09-15 07:20:08,ST004,CUST00448,In-store,Card,Completed,9.0,0.0,1.8,0.0,10.8
ORD009237,2025-09-07 10:19:19,ST001,CUST00590,In-store,Card,Completed,26.4,0.0,1.24,0.0,27.64
ORD009238,2025-05-18 02:06:01,ST007,CUST00680,In-store,Card,Completed,32.05,0.0,1.3,0.0,33.35
ORD009239,2025-05-22 09:24:37,ST001,CUST00692,In-store,Card,Completed,2.85,0.0,0.0,0.0,2.85
ORD009240,2025-03-31 02:00:00,ST008,CUST00105,In-store,Card,Completed,26.3,0.0,4.24,0.0,30.54
ORD009241,2025-10-24 18:24:11,ST001,,In-store,Card,Completed,8.8,0.0,0.9,0.0,9.7
ORD009242,2025-11-12 08:34:23,ST003,,Online,Cash,Completed,26.0,0.0,5.2,3.49,34.69
ORD009243,2025-08-26 08:07:30,ST007,,In-store,Card,Completed,3.2,0.0,0.0,0.0,3.2
ORD009244,2025-10-04 14:04:03,ST002,CUST00296,In-store,Mobile Wallet,Completed,14.45,0.0,1.04,0.0,15.49
ORD009245,2025-07-30 14:59:54,ST006,CUST00565,In-store,Card,Completed,0.75,0.0,0.0,0.0,0.75
ORD009246,2025-09-17 17:46:58,ST008,CUST00015,In-store,Card,Completed,27.2,0.3,2.7,0.0,29.6
ORD009247,2025-08-13 07:17:00,ST007,,Online,Card,Completed,24.0,0.62,0.0,3.49,26.87
ORD009248,2025-09-02 19:15:01,ST005,,In-store,Card,Completed,25.9,0.0,3.98,0.0,29.88
ORD009249,2025-07-06 22:42:45,ST007,CUST00445,In-store,Cash,Cancelled,4.2,0.0,0.0,0.0,0.0
ORD009250,2025-06-29 18:48:32,ST003,CUST00614,Online,Card,Completed,10.5,0.0,0.0,3.49,13.99
ORD009251,2025-09-23 08:20:37,ST003,CUST00547,Online,Card,Completed,36.15,0.3,2.16,3.49,41.5
ORD009252,2025-01-09 17:18:41,ST005,CUST00337,Online,Cash,Completed,22.0,0.22,0.52,3.49,25.79
ORD009253,2025-04-28 18:58:12,ST008,CUST00644,Online,Mobile Wallet,Completed,17.9,0.0,3.58,3.49,24.97
ORD009254,2025-03-28 07:39:02,ST007,CUST00738,Online,Card,Cancelled,13.4,0.0,0.6,3.49,0.0
ORD009255,2025-04-28 06:22:41,ST007,CUST00718,In-store,Cash,Completed,33.15,0.0,0.8,0.0,33.95
ORD009256,2025-08-29 06:01:40,ST001,CUST00685,In-store,Mobile Wallet,Completed,9.8,0.0,1.08,0.0,10.88
ORD009257,2025-12-05 18:05:17,ST002,,Online,Card,Completed,20.7,0.0,2.6,3.49,26.79
ORD009258,2025-02-26 17:11:01,ST004,CUST00576,In-store,Card,Completed,6.4,0.0,1.28,0.0,7.68
ORD009259,2025-11-25 04:49:11,ST001,CUST00701,In-store,Card,Completed,15.1,0.0,1.1,0.0,16.2
ORD009260,2025-03-30 22:47:44,ST007,CUST00458,In-store,Card,Completed,35.4,0.0,4.52,0.0,39.92
ORD009261,2025-06-04 22:07:35,ST006,CUST00771,In-store,Card,Completed,33.05,0.0,1.98,0.0,35.03
ORD009262,2025-09-04 13:55:41,ST002,,In-store,Mobile Wallet,Completed,30.4,0.0,0.4,0.0,30.8
ORD009263,2025-11-06 11:41:23,ST001,,In-store,Card,Completed,22.1,0.0,0.0,0.0,22.1
ORD009264,2025-11-18 03:42:58,ST005,CUST00457,In-store,Card,Completed,10.0,0.0,0.0,0.0,10.0
ORD009265,2025-08-23 08:28:24,ST006,CUST00101,Online,Card,Completed,33.9,1.24,2.28,3.49,38.43
ORD009266,2025-03-08 22:15:34,ST002,CUST00075,In-store,Card,Completed,42.25,0.0,5.74,0.0,47.99
ORD009267,2025-11-08 06:19:29,ST001,CUST00577,Click & Collect,Card,Completed,8.0,0.0,0.84,0.0,8.84
ORD009268,2025-08-08 19:21:35,ST007,CUST00664,In-store,Card,Completed,2.75,0.0,0.0,0.0,2.75
ORD009269,2025-07-26 07:35:08,ST005,,In-store,Card,Completed,2.1,0.0,0.42,0.0,2.52
ORD009270,2025-06-03 10:54:17,ST005,CUST00458,Online,Card,Completed,54.5,0.48,5.4,0.0,59.42
ORD009271,2025-04-21 10:21:32,ST003,CUST00389,In-store,Cash,Completed,20.8,0.0,2.08,0.0,22.88
ORD009272,2025-11-10 17:08:42,ST003,CUST00026,Click & Collect,Card,Completed,17.2,0.0,1.26,0.0,18.46
ORD009273,2025-12-24 01:56:44,ST002,,Click & Collect,Card,Completed,28.0,0.0,3.12,0.0,31.12
ORD009274,2025-11-17 17:48:39,ST004,,In-store,Card,Completed,9.2,0.0,0.0,0.0,9.2
ORD009275,2025-06-19 07:44:45,ST007,CUST00494,Online,Card,Completed,14.15,0.0,1.06,3.49,18.7
ORD009276,2025-11-11 23:06:20,ST004,CUST00219,In-store,Mobile Wallet,Completed,4.5,0.0,0.0,0.0,4.5
ORD009277,2025-04-21 21:12:04,ST004,CUST00389,Online,Card,Completed,25.7,0.33,0.0,3.49,28.86
ORD009278,2025-07-20 09:46:25,ST005,CUST00379,In-store,Card,Completed,8.0,0.0,1.2,0.0,9.2
ORD009279,2025-09-25 07:49:07,ST005,CUST00068,In-store,Card,Completed,55.45,1.8,2.94,0.0,56.59
ORD009280,2025-11-15 03:54:49,ST003,CUST00141,Online,Cash,Completed,5.9,0.0,0.0,3.49,9.39
ORD009281,2025-09-21 23:01:20,ST004,CUST00654,In-store,Gift Card,Completed,3.4,0.0,0.0,0.0,3.4
ORD009282,2025-10-09 14:32:27,ST005,CUST00318,In-store,Card,Completed,42.65,0.0,1.92,0.0,44.57
ORD009283,2025-03-01 20:41:35,ST001,CUST00578,In-store,Cash,Completed,50.1,0.0,6.46,0.0,56.56
ORD009284,2025-01-26 19:24:41,ST007,,In-store,Card,Refunded,27.75,0.11,0.3,0.0,27.94
ORD009285,2025-04-03 09:49:13,ST003,CUST00511,In-store,Cash,Completed,7.5,0.0,0.52,0.0,8.02
ORD009286,2025-03-06 08:38:37,ST006,,In-store,Card,Completed,26.8,0.0,0.78,0.0,27.58
ORD009287,2025-05-27 15:30:04,ST002,,In-store,Card,Completed,16.8,0.0,0.96,0.0,17.76
ORD009288,2025-04-19 10:23:23,ST003,CUST00600,Online,Card,Completed,50.0,0.0,1.72,0.0,51.72
ORD009289,2025-06-23 22:38:43,ST007,CUST00429,Click & Collect,Card,Completed,1.9,0.0,0.0,0.0,1.9
ORD009290,2025-04-22 06:52:02,ST002,CUST00541,Click & Collect,Card,Completed,13.15,0.0,1.02,0.0,14.17
ORD009291,2025-02-02 16:27:35,ST002,,In-store,Gift Card,Completed,36.5,0.0,1.3,0.0,37.8
ORD009292,2025-03-29 13:34:07,ST007,CUST00500,Click & Collect,Cash,Completed,19.4,0.0,0.0,0.0,19.4
ORD009293,2025-11-03 18:05:39,ST003,CUST00538,In-store,Cash,Completed,39.7,0.0,1.3,0.0,41.0
ORD009294,2025-05-10 09:05:26,ST002,CUST00239,In-store,Mobile Wallet,Completed,1.7,0.0,0.0,0.0,1.7
ORD009295,2025-10-14 15:43:46,ST001,CUST00751,Click & Collect,Card,Completed,34.7,0.0,2.34,0.0,37.04
ORD009296,2025-12-25 12:03:34,ST004,,In-store,Cash,Completed,8.15,0.0,0.0,0.0,8.15
ORD009297,2025-12-29 01:21:56,ST008,CUST00564,In-store,Card,Completed,41.2,0.0,2.9,0.0,44.1
ORD009298,2025-01-26 13:40:37,ST002,CUST00570,Online,Gift Card,Completed,22.4,0.0,0.0,3.49,25.89
ORD009299,2025-11-03 01:43:37,ST006,CUST00025,In-store,Card,Completed,19.3,0.0,0.96,0.0,20.26
ORD009300,2025-04-13 13:25:13,ST008,CUST00745,In-store,Card,Completed,27.65,0.46,1.75,0.0,28.94
ORD009301,2025-09-28 19:39:23,ST004,CUST00120,In-store,Card,Completed,7.8,0.0,1.56,0.0,9.36
ORD009302,2025-12-07 15:37:26,ST004,CUST00026,In-store,Card,Completed,43.45,1.15,6.81,0.0,49.11
ORD009303,2025-04-13 00:16:17,ST005,CUST00687,In-store,Card,Completed,31.25,0.19,1.6,0.0,32.66
ORD009304,2025-04-26 05:43:23,ST008,,In-store,Card,Completed,13.5,0.0,0.0,0.0,13.5
ORD009305,2025-11-18 09:55:45,ST001,CUST00189,In-store,Card,Completed,18.1,0.0,3.4,0.0,21.5
ORD009306,2025-07-02 15:43:59,ST004,CUST00273,In-store,Card,Completed,28.5,0.0,2.34,0.0,30.84
ORD009307,2025-07-25 19:17:43,ST002,CUST00281,In-store,Card,Completed,37.8,0.0,5.2,0.0,43.0
ORD009308,2025-03-20 21:16:22,ST006,CUST00559,In-store,Card,Completed,17.1,0.0,0.44,0.0,17.54
ORD009309,2025-08-06 00:21:00,ST008,,In-store,Card,Completed,1.5,0.0,0.0,0.0,1.5
ORD009310,2025-06-21 07:32:50,ST002,CUST00748,In-store,Card,Completed,23.35,0.0,0.0,0.0,23.35
ORD009311,2025-03-09 04:14:38,ST008,CUST00515,Online,Card,Completed,14.65,0.0,0.3,3.49,18.44
ORD009312,2025-09-29 14:56:01,ST001,CUST00740,In-store,Mobile Wallet,Completed,8.0,0.3,0.66,0.0,8.36
ORD009313,2025-10-22 11:24:19,ST001,,Online,Card,Completed,37.15,0.0,3.56,3.49,44.2
ORD009314,2025-06-23 06:09:09,ST005,CUST00169,Click & Collect,Card,Completed,6.5,0.0,0.0,0.0,6.5
ORD009315,2025-05-15 06:37:18,ST003,CUST00086,In-store,Card,Completed,28.2,0.0,2.16,0.0,30.36
ORD009316,2025-09-25 12:39:43,ST004,CUST00796,In-store,Gift Card,Completed,1.95,0.0,0.0,0.0,1.95
ORD009317,2025-05-15 16:20:11,ST008,CUST00022,In-store,Card,Completed,43.5,0.0,3.8,0.0,47.3
ORD009318,2025-08-21 17:10:43,ST007,,In-store,Card,Completed,34.3,0.0,2.52,0.0,36.82
ORD009319,2025-08-04 21:00:18,ST005,,In-store,Card,Completed,6.5,0.0,1.08,0.0,7.58
ORD009320,2025-08-31 00:12:20,ST008,CUST00538,Online,Card,Completed,8.4,0.0,0.0,3.49,11.89
ORD009321,2025-10-14 10:59:46,ST002,,In-store,Card,Completed,30.05,0.0,0.72,0.0,30.77
ORD009322,2025-06-01 11:39:13,ST002,CUST00136,Online,Card,Completed,51.4,0.0,2.88,0.0,54.28
ORD009323,2025-07-02 03:26:53,ST001,CUST00552,In-store,Card,Completed,52.3,0.0,6.8,0.0,59.1
ORD009324,2025-12-07 10:00:33,ST005,CUST00280,In-store,Card,Completed,9.6,0.0,0.8,0.0,10.4
ORD009325,2025-12-06 04:01:21,ST006,CUST00668,Online,Card,Completed,28.8,0.0,0.0,3.49,32.29
ORD009326,2025-07-25 13:03:09,ST002,CUST00384,In-store,Card,Completed,43.3,0.0,0.0,0.0,43.3
ORD009327,2025-05-15 14:04:05,ST006,CUST00795,Online,Card,Completed,58.8,0.0,2.36,0.0,61.16
ORD009328,2025-11-20 11:43:46,ST006,CUST00258,In-store,Mobile Wallet,Completed,17.7,0.0,0.0,0.0,17.7
ORD009329,2025-07-22 11:24:03,ST001,CUST00761,Click & Collect,Card,Completed,40.8,0.0,4.78,0.0,45.58
ORD009330,2025-07-27 23:14:54,ST007,CUST00088,In-store,Card,Completed,18.4,0.0,2.26,0.0,20.66
ORD009331,2025-11-09 16:16:49,ST004,CUST00391,In-store,Mobile Wallet,Completed,49.95,0.0,1.3,0.0,51.25
ORD009332,2025-09-01 22:17:08,ST003,,In-store,Card,Completed,16.6,0.0,2.2,0.0,18.8
ORD009333,2025-01-20 12:48:21,ST002,,Online,Card,Completed,0.9,0.0,0.18,3.49,4.57
ORD009334,2025-05-16 22:21:08,ST001,CUST00793,In-store,Mobile Wallet,Completed,12.65,0.0,0.37,0.0,13.02
ORD009335,2025-05-18 17:23:22,ST007,CUST00521,Online,Card,Completed,1.5,0.0,0.3,3.49,5.29
ORD009336,2025-04-22 17:57:42,ST004,,In-store,Card,Completed,55.0,0.0,1.94,0.0,56.94
ORD009337,2025-11-03 18:07:37,ST001,CUST00471,In-store,Card,Completed,19.0,0.0,3.1,0.0,22.1
ORD009338,2025-11-19 14:27:46,ST001,CUST00314,In-store,Card,Cancelled,25.2,0.0,0.64,0.0,0.0
ORD009339,2025-09-28 19:43:05,ST004,CUST00793,In-store,Card,Completed,26.8,0.0,1.6,0.0,28.4
ORD009340,2025-01-23 11:28:44,ST004,,In-store,Card,Completed,24.5,0.0,1.76,0.0,26.26
ORD009341,2025-12-17 01:00:39,ST008,CUST00429,In-store,Card,Completed,3.0,0.0,0.0,0.0,3.0
ORD009342,2025-02-18 10:40:16,ST001,CUST00739,In-store,Mobile Wallet,Completed,16.1,0.0,0.0,0.0,16.1
ORD009343,2025-11-11 23:23:17,ST002,,In-store,Mobile Wallet,Completed,2.6,0.0,0.52,0.0,3.12
ORD009344,2025-10-05 07:43:55,ST005,,Click & Collect,Cash,Completed,26.75,0.0,0.0,0.0,26.75
ORD009345,2025-01-14 09:10:57,ST008,CUST00067,In-store,Card,Completed,14.2,0.0,1.92,0.0,16.12
ORD009346,2025-09-03 13:26:18,ST006,CUST00768,In-store,Cash,Completed,3.0,0.0,0.6,0.0,3.6
ORD009347,2025-07-30 13:57:29,ST005,,In-store,Cash,Completed,53.8,0.0,1.04,0.0,54.84
ORD009348,2025-06-02 00:28:35,ST001,CUST00360,In-store,Card,Completed,12.0,0.0,1.22,0.0,13.22
ORD009349,2025-05-03 21:25:43,ST001,CUST00021,In-store,Mobile Wallet,Completed,46.3,0.0,8.78,0.0,55.08
ORD009350,2025-09-10 11:36:45,ST003,CUST00180,In-store,Mobile Wallet,Completed,22.7,0.0,3.12,0.0,25.82
ORD009351,2025-12-25 19:06:04,ST008,CUST00690,In-store,Card,Completed,29.4,0.0,2.76,0.0,32.16
ORD009352,2025-10-25 02:42:40,ST006,,In-store,Card,Completed,70.35,0.0,12.54,0.0,82.89
ORD009353,2025-12-21 06:22:37,ST003,CUST00452,Online,Card,Completed,12.9,0.0,0.0,3.49,16.39
ORD009354,2025-11-26 01:08:38,ST008,CUST00296,In-store,Card,Completed,20.95,0.0,2.77,0.0,23.72
ORD009355,2025-05-25 02:49:07,ST002,CUST00224,In-store,Card,Completed,13.65,0.0,0.52,0.0,14.17
ORD009356,2025-05-27 19:58:29,ST007,CUST00095,In-store,Mobile Wallet,Completed,14.25,0.0,1.04,0.0,15.29
ORD009357,2025-11-18 07:33:53,ST003,CUST00495,In-store,Card,Completed,29.3,0.0,1.54,0.0,30.84
ORD009358,2025-02-20 10:32:32,ST005,CUST00560,In-store,Cash,Completed,11.1,0.0,0.94,0.0,12.04
ORD009359,2025-03-16 15:45:05,ST005,CUST00299,Online,Card,Completed,25.9,0.0,2.15,3.49,31.54
ORD009360,2025-01-22 13:57:52,ST008,CUST00428,In-store,Card,Completed,19.0,0.0,2.14,0.0,21.14
ORD009361,2025-12-03 16:26:58,ST007,CUST00325,In-store,Mobile Wallet,Completed,19.6,0.0,0.0,0.0,19.6
ORD009362,2025-01-18 11:19:17,ST003,CUST00731,In-store,Cash,Completed,6.9,0.0,0.0,0.0,6.9
ORD009363,2025-03-25 22:16:49,ST002,CUST00723,In-store,Mobile Wallet,Completed,25.55,0.0,1.88,0.0,27.43
ORD009364,2025-06-07 21:40:39,ST008,CUST00294,In-store,Card,Completed,4.75,0.0,0.0,0.0,4.75
ORD009365,2025-08-05 13:28:16,ST005,,In-store,Card,Completed,42.5,2.4,1.2,0.0,41.3
ORD009366,2025-06-15 08:27:04,ST005,,In-store,Card,Completed,7.1,0.0,0.0,0.0,7.1
ORD009367,2025-02-21 19:10:25,ST004,CUST00496,In-store,Cash,Completed,14.5,0.0,2.52,0.0,17.02
ORD009368,2025-05-26 07:36:45,ST003,CUST00243,In-store,Card,Completed,49.8,0.0,0.38,0.0,50.18
ORD009369,2025-10-07 13:58:59,ST002,CUST00266,In-store,Card,Completed,8.55,0.0,0.0,0.0,8.55
ORD009370,2025-10-11 05:30:47,ST004,CUST00269,Online,Card,Completed,24.15,0.0,1.64,3.49,29.28
ORD009371,2025-01-30 07:33:41,ST006,CUST00299,Click & Collect,Card,Completed,12.65,0.12,1.04,0.0,13.57
ORD009372,2025-03-20 22:24:57,ST005,CUST00747,Click & Collect,Card,Completed,26.9,0.0,0.0,0.0,26.9
ORD009373,2025-05-09 17:16:39,ST005,,Online,Mobile Wallet,Completed,29.1,0.0,2.38,3.49,34.97
ORD009374,2025-07-27 18:05:16,ST007,CUST00501,Online,Card,Completed,12.2,0.0,1.24,3.49,16.93
ORD009375,2025-12-19 12:09:51,ST007,CUST00270,In-store,Card,Completed,6.8,0.0,0.0,0.0,6.8
ORD009376,2025-01-09 06:08:35,ST004,CUST00448,In-store,Cash,Completed,15.7,0.66,1.42,0.0,16.46
ORD009377,2025-10-06 10:13:37,ST005,CUST00168,Click & Collect,Card,Completed,14.2,0.0,0.42,0.0,14.62
ORD009378,2025-07-15 18:26:59,ST004,CUST00104,In-store,Card,Completed,38.35,2.4,1.68,0.0,37.63
ORD009379,2025-04-25 09:37:25,ST008,,Online,Cash,Completed,17.25,0.0,1.41,3.49,22.15
ORD009380,2025-01-02 03:12:49,ST002,CUST00191,Online,Card,Cancelled,34.7,0.0,0.7,3.49,0.0
ORD009381,2025-09-09 12:34:29,ST007,,In-store,Cash,Completed,18.05,0.0,1.94,0.0,19.99
ORD009382,2025-10-26 08:56:17,ST008,,In-store,Card,Completed,3.2,0.0,0.64,0.0,3.84
ORD009383,2025-03-31 15:24:02,ST006,CUST00754,In-store,Card,Completed,21.8,0.0,0.0,0.0,21.8
ORD009384,2025-01-13 09:24:54,ST001,CUST00044,In-store,Card,Completed,28.45,0.26,3.0,0.0,31.2
ORD009385,2025-09-27 05:41:50,ST007,CUST00568,Online,Card,Completed,1.5,0.0,0.0,3.49,4.99
ORD009386,2025-05-08 00:40:34,ST004,,In-store,Card,Completed,55.9,0.0,3.6,0.0,59.5
ORD009387,2025-04-27 04:54:00,ST004,CUST00161,In-store,Card,Completed,37.1,0.0,3.92,0.0,41.02
ORD009388,2025-09-02 14:21:03,ST002,CUST00328,In-store,Card,Refunded,14.15,0.0,0.74,0.0,14.89
ORD009389,2025-06-10 08:29:15,ST003,CUST00477,In-store,Card,Completed,17.4,0.0,0.0,0.0,17.4
ORD009390,2025-12-15 11:58:30,ST004,,Online,Card,Completed,60.5,0.0,7.7,0.0,68.2
ORD009391,2025-06-11 13:58:58,ST003,CUST00236,Online,Card,Completed,43.7,2.88,1.48,0.0,42.3
ORD009392,2025-06-02 07:31:55,ST005,CUST00411,Click & Collect,Card,Completed,17.1,0.0,1.28,0.0,18.38
ORD009393,2025-09-29 16:19:23,ST001,CUST00267,Click & Collect,Mobile Wallet,Completed,8.1,0.0,0.0,0.0,8.1
ORD009394,2025-03-04 20:18:18,ST006,CUST00185,In-store,Card,Completed,25.7,0.0,1.5,0.0,27.2
ORD009395,2025-04-25 15:30:10,ST002,CUST00353,In-store,Card,Completed,12.2,0.0,0.0,0.0,12.2
ORD009396,2025-11-13 11:44:01,ST001,,In-store,Card,Completed,28.0,0.0,2.34,0.0,30.34
ORD009397,2025-10-05 16:10:00,ST001,CUST00447,Online,Card,Completed,20.7,0.0,0.0,3.49,24.19
ORD009398,2025-12-27 12:39:14,ST006,CUST00176,In-store,Mobile Wallet,Completed,20.55,0.0,2.6,0.0,23.15
ORD009399,2025-01-01 09:41:46,ST005,CUST00116,In-store,Cash,Completed,7.1,0.09,1.25,0.0,8.27
ORD009400,2025-05-09 15:16:33,ST003,CUST00546,In-store,Card,Completed,3.2,0.0,0.0,0.0,3.2
ORD009401,2025-05-24 06:40:40,ST004,CUST00738,In-store,Card,Completed,30.2,0.0,3.06,0.0,33.26
ORD009402,2025-08-17 07:01:15,ST005,,Online,Card,Completed,39.4,0.0,3.26,3.49,46.15
ORD009403,2025-10-13 04:14:33,ST005,,Online,Mobile Wallet,Completed,28.9,0.0,4.94,3.49,37.33
ORD009404,2025-08-12 02:53:39,ST007,CUST00084,Click & Collect,Card,Completed,36.7,0.69,2.24,0.0,38.25
ORD009405,2025-08-29 04:33:22,ST003,CUST00637,In-store,Mobile Wallet,Completed,21.5,0.0,0.0,0.0,21.5
ORD009406,2025-12-03 14:02:37,ST008,,In-store,Card,Completed,25.3,0.0,5.06,0.0,30.36
ORD009407,2025-03-06 16:08:54,ST008,,In-store,Card,Completed,22.8,0.0,0.3,0.0,23.1
ORD009408,2025-07-27 11:15:14,ST006,CUST00287,In-store,Card,Completed,36.3,0.0,5.06,0.0,41.36
ORD009409,2025-03-17 11:46:26,ST008,CUST00317,In-store,Card,Completed,32.0,0.0,3.48,0.0,35.48
ORD009410,2025-05-29 21:08:44,ST004,,In-store,Card,Completed,33.45,0.0,1.36,0.0,34.81
ORD009411,2025-02-14 09:29:06,ST007,CUST00409,In-store,Card,Completed,25.9,0.0,3.2,0.0,29.1
ORD009412,2025-12-14 17:22:51,ST007,CUST00028,Online,Card,Completed,39.1,0.0,0.0,3.49,42.59
ORD009413,2025-06-28 02:30:11,ST008,CUST00229,In-store,Mobile Wallet,Completed,1.85,0.0,0.0,0.0,1.85
ORD009414,2025-01-27 07:30:03,ST005,,In-store,Card,Completed,38.6,0.0,2.16,0.0,40.76
ORD009415,2025-02-09 17:02:41,ST001,CUST00203,In-store,Card,Completed,25.75,0.82,2.68,0.0,27.61
ORD009416,2025-01-08 03:59:01,ST005,CUST00539,In-store,Card,Completed,77.2,0.0,4.36,0.0,81.56
ORD009417,2025-08-25 15:08:56,ST001,CUST00503,Online,Card,Completed,42.75,2.16,3.76,0.0,44.35
ORD009418,2025-03-21 11:40:01,ST006,CUST00229,Click & Collect,Mobile Wallet,Completed,39.25,0.0,1.92,0.0,41.17
ORD009419,2025-10-01 21:50:48,ST006,,Online,Mobile Wallet,Completed,29.3,0.0,0.96,3.49,33.75
ORD009420,2025-12-08 04:51:01,ST007,CUST00188,In-store,Card,Refunded,11.8,0.0,1.8,0.0,13.6
ORD009421,2025-01-20 11:31:22,ST002,CUST00615,In-store,Card,Completed,20.25,0.0,1.69,0.0,21.94
ORD009422,2025-05-21 13:20:26,ST001,CUST00066,In-store,Card,Completed,31.55,0.0,2.36,0.0,33.91
ORD009423,2025-06-19 13:34:27,ST008,,In-store,Card,Completed,10.65,0.0,0.38,0.0,11.03
ORD009424,2025-04-11 16:37:53,ST002,,In-store,Gift Card,Completed,35.1,0.0,1.2,0.0,36.3
ORD009425,2025-10-12 16:49:24,ST004,,Online,Card,Completed,24.7,0.0,4.94,3.49,33.13
ORD009426,2025-07-30 10:55:42,ST004,CUST00639,In-store,Gift Card,Completed,9.0,0.0,0.0,0.0,9.0
ORD009427,2025-10-28 10:41:16,ST002,CUST00643,In-store,Card,Completed,35.9,0.0,3.04,0.0,38.94
ORD009428,2025-11-12 04:25:26,ST007,CUST00753,In-store,Card,Completed,29.3,0.0,0.9,0.0,30.2
ORD009429,2025-01-09 14:41:42,ST001,CUST00426,In-store,Card,Completed,13.95,0.0,0.18,0.0,14.13
ORD009430,2025-01-13 12:01:11,ST005,CUST00771,In-store,Card,Refunded,74.75,0.79,9.16,0.0,83.12
ORD009431,2025-05-27 07:00:15,ST003,,Online,Card,Completed,13.6,0.0,1.94,3.49,19.03
ORD009432,2025-01-01 18:13:05,ST001,,In-store,Card,Completed,39.6,0.12,5.2,0.0,44.68
ORD009433,2025-05-20 08:09:28,ST007,,In-store,Card,Completed,42.6,0.0,0.64,0.0,43.24
ORD009434,2025-05-01 11:15:41,ST007,CUST00116,Online,Cash,Completed,11.0,0.0,1.98,3.49,16.47
ORD009435,2025-05-12 05:06:02,ST004,CUST00360,Click & Collect,Card,Completed,41.0,0.0,1.0,0.0,42.0
ORD009436,2025-08-30 07:37:38,ST006,CUST00634,In-store,Card,Completed,17.6,0.0,0.0,0.0,17.6
ORD009437,2025-11-17 22:29:24,ST002,CUST00755,Online,Card,Completed,11.2,0.0,1.6,3.49,16.29
ORD009438,2025-12-17 20:10:06,ST008,,In-store,Card,Completed,14.65,0.0,0.37,0.0,15.02
ORD009439,2025-04-09 10:08:00,ST006,,Online,Card,Completed,50.9,0.0,4.58,0.0,55.48
ORD009440,2025-02-02 18:31:54,ST001,CUST00009,In-store,Card,Completed,5.2,0.0,0.0,0.0,5.2
ORD009441,2025-08-14 13:37:24,ST001,CUST00083,In-store,Cash,Completed,3.0,0.0,0.6,0.0,3.6
ORD009442,2025-08-01 13:07:22,ST005,CUST00449,Click & Collect,Card,Completed,19.7,0.0,2.14,0.0,21.84
ORD009443,2025-04-17 03:44:50,ST006,,In-store,Card,Completed,11.45,0.0,0.37,0.0,11.82
ORD009444,2025-12-31 05:55:21,ST007,,In-store,Card,Completed,2.55,0.0,0.0,0.0,2.55
ORD009445,2025-07-31 12:10:48,ST007,,In-store,Card,Completed,14.8,0.0,0.0,0.0,14.8
ORD009446,2025-12-27 00:49:40,ST005,CUST00169,In-store,Card,Completed,39.7,0.0,1.5,0.0,41.2
ORD009447,2025-02-26 20:59:59,ST001,,In-store,Cash,Completed,61.1,0.0,6.26,0.0,67.36
ORD009448,2025-01-23 00:50:46,ST007,CUST00358,In-store,Cash,Completed,1.5,0.0,0.3,0.0,1.8
ORD009449,2025-06-02 06:15:49,ST003,,In-store,Card,Completed,49.8,0.48,1.28,0.0,50.6
ORD009450,2025-07-18 20:24:08,ST004,CUST00476,In-store,Card,Completed,11.45,0.0,0.0,0.0,11.45
ORD009451,2025-06-06 13:56:46,ST001,CUST00464,In-store,Card,Completed,6.0,0.0,0.0,0.0,6.0
ORD009452,2025-05-27 12:28:21,ST001,CUST00271,In-store,Card,Completed,4.4,0.0,0.0,0.0,4.4
ORD009453,2025-07-31 11:21:33,ST001,,Click & Collect,Card,Completed,48.45,1.44,3.4,0.0,50.41
ORD009454,2025-06-26 15:19:44,ST001,CUST00536,Online,Cash,Completed,43.0,0.0,2.56,0.0,45.56
ORD009455,2025-12-29 12:37:19,ST001,CUST00007,In-store,Card,Completed,30.15,0.0,1.68,0.0,31.83
ORD009456,2025-03-22 23:26:47,ST005,CUST00606,In-store,Card,Completed,11.15,0.0,0.64,0.0,11.79
ORD009457,2025-07-25 21:52:44,ST005,CUST00678,Online,Mobile Wallet,Completed,9.6,0.0,0.52,3.49,13.61
ORD009458,2025-12-06 15:18:52,ST008,CUST00625,In-store,Card,Completed,20.35,0.0,2.48,0.0,22.83
ORD009459,2025-06-05 21:23:53,ST007,,In-store,Cash,Completed,13.1,0.23,0.94,0.0,13.81
ORD009460,2025-01-18 18:40:18,ST002,,In-store,Cash,Completed,49.2,0.0,1.87,0.0,51.07
ORD009461,2025-07-09 17:31:33,ST003,,In-store,Card,Completed,49.05,2.4,3.0,0.0,49.65
ORD009462,2025-04-05 15:26:36,ST008,CUST00766,In-store,Mobile Wallet,Completed,31.05,0.0,1.48,0.0,32.53
ORD009463,2025-12-01 09:42:26,ST002,,In-store,Card,Completed,20.0,0.0,0.0,0.0,20.0
ORD009464,2025-11-23 01:51:02,ST002,CUST00745,In-store,Cash,Refunded,14.6,0.0,0.76,0.0,15.36
ORD009465,2025-06-10 16:42:55,ST005,,In-store,Card,Completed,26.0,0.0,1.68,0.0,27.68
ORD009466,2025-06-14 05:30:30,ST002,CUST00128,Online,Card,Completed,19.6,0.0,1.24,3.49,24.33
ORD009467,2025-10-16 23:04:30,ST005,CUST00748,Online,Card,Completed,37.6,0.0,1.36,3.49,42.45
ORD009468,2025-12-19 11:49:23,ST008,CUST00402,Click & Collect,Gift Card,Completed,23.35,0.3,3.82,0.0,26.87
ORD009469,2025-10-22 19:42:00,ST006,CUST00708,In-store,Card,Cancelled,19.5,0.0,1.8,0.0,0.0
ORD009470,2025-04-07 17:51:44,ST005,CUST00383,In-store,Card,Completed,8.5,0.0,1.32,0.0,9.82
ORD009471,2025-07-27 23:24:06,ST002,,In-store,Mobile Wallet,Completed,31.4,0.0,2.92,0.0,34.32
ORD009472,2025-05-12 04:47:29,ST008,,Online,Card,Completed,25.8,0.0,2.54,3.49,31.83
ORD009473,2025-07-15 01:06:21,ST004,CUST00512,In-store,Card,Completed,0.9,0.0,0.18,0.0,1.08
ORD009474,2025-11-30 06:04:16,ST002,,In-store,Card,Completed,19.1,0.0,2.98,0.0,22.08
ORD009475,2025-02-15 07:52:10,ST002,CUST00512,Online,Card,Completed,13.8,0.95,0.0,3.49,16.34
ORD009476,2025-04-01 10:02:06,ST002,,Click & Collect,Card,Refunded,11.55,0.0,0.6,0.0,12.15
ORD009477,2025-06-28 03:12:39,ST004,,Online,Card,Completed,12.9,0.0,2.2,3.49,18.59
ORD009478,2025-04-22 10:07:26,ST002,CUST00782,In-store,Cash,Completed,74.3,0.0,1.04,0.0,75.34
ORD009479,2025-07-12 13:12:21,ST004,CUST00310,In-store,Card,Completed,12.4,0.0,1.68,0.0,14.08
ORD009480,2025-12-11 01:41:53,ST003,CUST00331,In-store,Mobile Wallet,Completed,36.0,0.0,3.12,0.0,39.12
ORD009481,2025-07-30 05:07:02,ST005,CUST00497,Online,Card,Completed,24.3,0.0,2.94,3.49,30.73
ORD009482,2025-05-31 17:14:56,ST008,,In-store,Card,Completed,18.8,0.0,0.0,0.0,18.8
ORD009483,2025-02-09 00:31:25,ST006,CUST00307,In-store,Card,Completed,4.0,0.6,0.0,0.0,3.4
ORD009484,2025-03-03 04:53:27,ST001,CUST00127,In-store,Card,Completed,19.7,0.0,0.52,0.0,20.22
ORD009485,2025-02-05 18:06:26,ST008,CUST00491,In-store,Card,Completed,10.2,0.0,0.24,0.0,10.44
ORD009486,2025-02-15 13:57:35,ST002,CUST00222,In-store,Card,Completed,23.6,0.17,2.51,0.0,25.95
ORD009487,2025-03-22 13:18:10,ST006,CUST00216,In-store,Mobile Wallet,Completed,27.5,0.0,0.3,0.0,27.8
ORD009488,2025-07-18 01:13:45,ST004,CUST00652,In-store,Card,Completed,32.2,0.0,2.08,0.0,34.28
ORD009489,2025-07-23 14:37:14,ST005,,In-store,Card,Completed,22.9,1.44,0.66,0.0,22.12
ORD009490,2025-07-05 19:20:33,ST006,CUST00160,In-store,Card,Completed,42.0,0.83,0.24,0.0,41.41
ORD009491,2025-05-06 04:24:30,ST002,,In-store,Cash,Completed,37.45,0.0,5.04,0.0,42.49
ORD009492,2025-09-28 05:28:45,ST002,CUST00312,In-store,Card,Completed,27.8,0.0,2.04,0.0,29.84
ORD009493,2025-11-14 12:07:39,ST008,,In-store,Card,Completed,23.3,0.0,3.12,0.0,26.42
ORD009494,2025-04-02 18:26:04,ST008,,In-store,Cash,Completed,21.4,0.0,2.32,0.0,23.72
ORD009495,2025-01-22 11:57:03,ST008,CUST00559,In-store,Cash,Completed,32.05,0.09,4.08,0.0,36.04
ORD009496,2025-11-10 21:09:40,ST001,CUST00349,Online,Cash,Completed,28.05,0.0,0.64,3.49,32.18
ORD009497,2025-05-12 20:59:47,ST005,CUST00498,Click & Collect,Card,Completed,1.2,0.0,0.0,0.0,1.2
ORD009498,2025-07-07 07:06:08,ST003,CUST00771,In-store,Card,Completed,32.2,1.52,0.72,0.0,31.4
ORD009499,2025-07-27 00:40:05,ST001,CUST00580,In-store,Card,Completed,35.65,0.0,2.21,0.0,37.86
ORD009500,2025-06-22 16:03:14,ST002,,In-store,Gift Card,Completed,19.35,0.0,1.56,0.0,20.91
ORD009501,2025-12-07 17:52:25,ST001,CUST00185,Online,Cash,Completed,15.1,0.0,2.42,3.49,21.01
ORD009502,2025-11-26 07:58:58,ST002,CUST00284,In-store,Card,Completed,21.7,0.0,1.68,0.0,23.38
ORD009503,2025-12-12 13:20:50,ST002,CUST00066,In-store,Card,Completed,28.6,0.0,3.28,0.0,31.88
ORD009504,2025-08-26 10:43:10,ST001,CUST00627,In-store,Card,Completed,9.95,0.0,1.62,0.0,11.57
ORD009505,2025-05-26 18:53:18,ST006,,In-store,Card,Completed,1.2,0.0,0.24,0.0,1.44
ORD009506,2025-11-17 02:42:25,ST005,,In-store,Card,Completed,8.05,0.0,0.37,0.0,8.42
ORD009507,2025-01-30 02:36:31,ST006,CUST00582,In-store,Card,Completed,9.75,0.09,0.6,0.0,10.26
ORD009508,2025-08-21 22:33:16,ST001,,Click & Collect,Card,Completed,36.1,0.0,6.85,0.0,42.95
ORD009509,2025-03-21 16:53:15,ST005,CUST00297,In-store,Card,Cancelled,36.2,0.0,5.12,0.0,0.0
ORD009510,2025-05-04 22:36:50,ST008,CUST00334,In-store,Card,Completed,2.65,0.0,0.38,0.0,3.03
ORD009511,2025-01-14 16:26:53,ST007,CUST00232,In-store,Card,Completed,25.95,0.0,2.78,0.0,28.73
ORD009512,2025-10-30 03:51:33,ST002,,Online,Card,Completed,23.85,0.0,0.6,3.49,27.94
ORD009513,2025-02-13 13:39:26,ST006,CUST00581,Click & Collect,Card,Completed,19.85,0.33,1.09,0.0,20.61
ORD009514,2025-03-17 21:59:07,ST004,CUST00067,Click & Collect,Mobile Wallet,Completed,7.75,0.0,0.24,0.0,7.99
ORD009515,2025-05-20 09:14:01,ST003,,In-store,Card,Completed,22.1,0.0,0.0,0.0,22.1
ORD009516,2025-12-07 19:27:43,ST003,,In-store,Card,Completed,27.0,0.0,2.04,0.0,29.04
ORD009517,2025-07-14 19:34:51,ST007,CUST00176,In-store,Card,Completed,22.9,0.0,1.62,0.0,24.52
ORD009518,2025-11-09 07:53:13,ST001,,Click & Collect,Card,Completed,48.8,0.0,5.92,0.0,54.72
ORD009519,2025-09-03 05:56:15,ST003,CUST00271,Online,Card,Completed,22.9,0.0,0.0,3.49,26.39
ORD009520,2025-09-25 20:53:31,ST002,CUST00228,In-store,Cash,Completed,5.9,0.0,0.0,0.0,5.9
ORD009521,2025-12-07 05:37:41,ST001,CUST00416,Online,Card,Completed,22.7,0.0,3.38,3.49,29.57
ORD009522,2025-01-21 07:00:29,ST006,,In-store,Card,Completed,29.2,0.0,3.06,0.0,32.26
ORD009523,2025-11-03 04:46:03,ST002,CUST00697,In-store,Mobile Wallet,Completed,11.6,0.0,1.54,0.0,13.14
ORD009524,2025-08-31 09:16:11,ST006,,Online,Card,Completed,38.4,0.0,2.32,3.49,44.21
ORD009525,2025-05-28 16:49:38,ST002,CUST00549,In-store,Gift Card,Completed,14.5,0.0,0.0,0.0,14.5
ORD009526,2025-01-24 22:39:38,ST008,CUST00719,In-store,Mobile Wallet,Completed,19.8,0.55,2.1,0.0,21.35
ORD009527,2025-04-12 03:04:20,ST007,CUST00790,In-store,Card,Completed,1.1,0.0,0.0,0.0,1.1
ORD009528,2025-03-04 13:16:05,ST008,CUST00332,In-store,Card,Completed,48.65,0.0,1.44,0.0,50.09
ORD009529,2025-04-13 16:33:47,ST006,CUST00470,In-store,Card,Completed,22.6,0.0,0.6,0.0,23.2
ORD009530,2025-07-27 11:29:48,ST007,CUST00213,Online,Card,Completed,15.95,0.0,0.18,3.49,19.62
ORD009531,2025-09-25 18:09:08,ST006,CUST00512,In-store,Mobile Wallet,Completed,3.0,0.0,0.6,0.0,3.6
ORD009532,2025-04-15 07:58:21,ST007,,In-store,Card,Completed,14.55,0.0,0.0,0.0,14.55
ORD009533,2025-01-17 14:42:57,ST007,CUST00783,In-store,Card,Completed,24.95,0.32,1.04,0.0,25.67
ORD009534,2025-10-25 05:43:40,ST005,CUST00513,In-store,Gift Card,Completed,16.9,0.0,0.52,0.0,17.42
ORD009535,2025-07-10 12:49:25,ST004,CUST00003,In-store,Card,Completed,1.8,0.0,0.0,0.0,1.8
ORD009536,2025-01-02 08:27:01,ST001,,In-store,Card,Completed,23.6,0.0,2.7,0.0,26.3
ORD009537,2025-10-10 11:06:34,ST002,CUST00128,In-store,Cash,Completed,10.3,0.0,0.74,0.0,11.04
ORD009538,2025-09-25 17:42:59,ST008,CUST00409,Online,Card,Completed,4.5,0.0,0.24,3.49,8.23
ORD009539,2025-09-28 16:22:44,ST006,,Click & Collect,Card,Completed,15.8,0.0,1.68,0.0,17.48
ORD009540,2025-12-21 15:51:57,ST002,CUST00677,In-store,Mobile Wallet,Completed,56.6,0.0,5.34,0.0,61.94
ORD009541,2025-05-18 23:35:50,ST006,,Online,Cash,Completed,6.0,0.0,1.2,3.49,10.69
ORD009542,2025-07-20 05:54:19,ST006,CUST00588,In-store,Card,Completed,2.4,0.0,0.0,0.0,2.4
ORD009543,2025-06-09 00:20:38,ST004,CUST00559,Online,Card,Completed,39.2,0.96,0.42,3.49,42.15
ORD009544,2025-06-04 16:16:59,ST003,CUST00537,Online,Mobile Wallet,Completed,20.3,0.0,1.42,3.49,25.21
ORD009545,2025-04-03 03:04:52,ST008,,In-store,Cash,Completed,34.4,0.0,2.1,0.0,36.5
ORD009546,2025-11-27 17:02:57,ST003,CUST00605,Online,Card,Completed,39.8,0.0,3.84,3.49,47.13
ORD009547,2025-08-04 21:07:00,ST001,,In-store,Gift Card,Completed,4.8,0.0,0.96,0.0,5.76
ORD009548,2025-07-23 16:26:58,ST006,,In-store,Mobile Wallet,Completed,21.0,0.0,3.03,0.0,24.03
ORD009549,2025-01-16 23:54:13,ST004,CUST00096,In-store,Card,Completed,4.9,0.0,0.66,0.0,5.56
ORD009550,2025-03-22 16:48:30,ST001,CUST00456,Online,Cash,Completed,41.8,0.0,4.58,0.0,46.38
ORD009551,2025-04-25 21:55:13,ST004,CUST00273,In-store,Mobile Wallet,Completed,32.2,0.0,0.44,0.0,32.64
ORD009552,2025-09-01 21:21:14,ST008,CUST00126,In-store,Card,Completed,28.3,0.0,0.0,0.0,28.3
ORD009553,2025-09-13 01:04:20,ST002,CUST00644,In-store,Card,Completed,44.4,0.0,0.0,0.0,44.4
ORD009554,2025-07-10 23:25:54,ST003,,Click & Collect,Card,Completed,35.3,0.0,4.6,0.0,39.9
ORD009555,2025-07-16 10:17:29,ST007,CUST00512,In-store,Card,Completed,25.85,0.0,2.64,0.0,28.49
ORD009556,2025-03-13 22:13:52,ST001,CUST00040,In-store,Cash,Completed,13.8,0.0,1.01,0.0,14.81
ORD009557,2025-08-18 08:36:25,ST001,CUST00550,In-store,Card,Completed,62.3,3.6,2.98,0.0,61.68
ORD009558,2025-11-26 02:02:14,ST003,CUST00616,Click & Collect,Card,Completed,11.2,0.0,1.72,0.0,12.92
ORD009559,2025-01-23 09:02:53,ST001,CUST00742,Online,Card,Completed,38.05,0.1,0.96,3.49,42.41
ORD009560,2025-12-24 11:37:32,ST008,CUST00011,Online,Mobile Wallet,Completed,14.0,0.0,1.04,3.49,18.53
ORD009561,2025-03-23 10:17:57,ST002,,In-store,Card,Completed,40.75,0.0,1.3,0.0,42.05
ORD009562,2025-01-18 14:58:06,ST008,CUST00407,In-store,Card,Completed,3.6,0.0,0.72,0.0,4.32
ORD009563,2025-09-16 22:02:57,ST003,CUST00120,In-store,Card,Completed,45.1,0.0,1.64,0.0,46.74
ORD009564,2025-04-07 18:54:17,ST004,,Online,Card,Completed,56.55,1.76,0.96,0.0,55.75
ORD009565,2025-02-16 17:30:27,ST006,CUST00330,In-store,Card,Completed,18.4,0.0,0.84,0.0,19.24
ORD009566,2025-11-17 08:42:39,ST001,CUST00711,In-store,Card,Completed,59.3,0.0,6.48,0.0,65.78
ORD009567,2025-09-05 05:45:51,ST003,CUST00601,In-store,Mobile Wallet,Completed,35.0,0.0,2.88,0.0,37.88
ORD009568,2025-11-03 01:46:16,ST005,CUST00182,In-store,Card,Completed,21.1,0.0,2.32,0.0,23.42
ORD009569,2025-08-28 06:21:39,ST007,CUST00536,In-store,Card,Cancelled,53.5,0.0,0.24,0.0,0.0
ORD009570,2025-01-06 08:37:23,ST002,,In-store,Card,Completed,26.8,0.0,1.28,0.0,28.08
ORD009571,2025-02-22 12:14:01,ST001,CUST00698,In-store,Card,Completed,50.7,0.0,3.56,0.0,54.26
ORD009572,2025-05-18 11:56:34,ST001,,In-store,Card,Completed,10.0,0.0,0.0,0.0,10.0
ORD009573,2025-09-03 05:49:24,ST001,CUST00074,Online,Cash,Completed,5.3,0.3,0.58,3.49,9.07
ORD009574,2025-01-14 14:27:53,ST008,CUST00503,In-store,Card,Completed,16.4,0.0,0.0,0.0,16.4
ORD009575,2025-07-10 06:56:52,ST008,,Online,Card,Completed,20.85,0.0,1.22,3.49,25.56
ORD009576,2025-09-05 10:08:18,ST008,CUST00609,In-store,Card,Completed,30.55,0.6,0.6,0.0,30.55
ORD009577,2025-06-07 12:39:01,ST001,CUST00391,In-store,Card,Completed,59.4,0.0,10.3,0.0,69.7
ORD009578,2025-05-15 12:22:28,ST005,CUST00495,Online,Card,Completed,9.5,0.0,1.46,3.49,14.45
ORD009579,2025-09-08 09:49:48,ST007,CUST00296,In-store,Card,Completed,35.6,0.3,5.18,0.0,40.48
ORD009580,2025-07-12 22:52:12,ST006,,Online,Mobile Wallet,Completed,54.15,0.72,2.22,0.0,55.65
ORD009581,2025-10-19 19:54:15,ST008,CUST00743,In-store,Card,Completed,42.2,0.0,4.46,0.0,46.66
ORD009582,2025-02-23 02:14:25,ST004,,In-store,Mobile Wallet,Completed,66.45,0.0,4.56,0.0,71.01
ORD009583,2025-09-14 03:09:57,ST007,CUST00480,In-store,Card,Completed,17.1,0.0,1.92,0.0,19.02
ORD009584,2025-08-16 23:07:36,ST005,CUST00173,In-store,Card,Completed,22.0,0.0,1.3,0.0,23.3
ORD009585,2025-03-20 07:05:58,ST008,CUST00143,In-store,Mobile Wallet,Completed,27.45,0.0,2.98,0.0,30.43
ORD009586,2025-03-11 09:04:36,ST006,,In-store,Card,Completed,14.7,0.0,2.18,0.0,16.88
ORD009587,2025-05-30 18:28:50,ST003,,Online,Mobile Wallet,Completed,15.7,0.0,0.88,3.49,20.07
ORD009588,2025-11-15 14:52:58,ST002,CUST00035,In-store,Cash,Completed,9.2,0.0,0.0,0.0,9.2
ORD009589,2025-10-14 16:59:01,ST002,CUST00319,Online,Card,Cancelled,49.15,0.0,0.52,0.0,0.0
ORD009590,2025-03-29 01:53:45,ST007,CUST00256,Click & Collect,Card,Completed,23.4,0.0,0.96,0.0,24.36
ORD009591,2025-07-23 18:23:15,ST003,,Click & Collect,Mobile Wallet,Completed,23.85,0.96,1.11,0.0,24.0
ORD009592,2025-03-30 04:04:03,ST006,CUST00676,In-store,Mobile Wallet,Completed,4.35,0.0,0.18,0.0,4.53
ORD009593,2025-06-09 17:05:24,ST008,CUST00261,Click & Collect,Card,Completed,39.9,0.0,3.98,0.0,43.88
ORD009594,2025-09-05 20:20:00,ST002,,In-store,Card,Completed,18.75,0.0,0.0,0.0,18.75
ORD009595,2025-06-04 16:36:54,ST004,CUST00561,In-store,Card,Completed,33.95,0.0,3.3,0.0,37.25
ORD009596,2025-05-30 01:18:12,ST007,,In-store,Card,Completed,1.85,0.0,0.0,0.0,1.85
ORD009597,2025-01-17 07:14:13,ST002,CUST00757,In-store,Card,Completed,25.4,0.0,2.86,0.0,28.26
ORD009598,2025-09-27 17:33:32,ST002,CUST00615,In-store,Card,Completed,38.1,0.0,0.0,0.0,38.1
ORD009599,2025-08-12 20:44:04,ST001,CUST00446,In-store,Card,Completed,31.95,0.48,2.82,0.0,34.29
ORD009600,2025-01-24 23:59:23,ST008,CUST00409,In-store,Cash,Completed,40.2,0.0,1.28,0.0,41.48
ORD009601,2025-07-09 23:33:56,ST006,CUST00692,Click & Collect,Cash,Completed,30.0,0.0,2.18,0.0,32.18
ORD009602,2025-03-29 05:44:05,ST008,,Online,Card,Completed,10.9,0.0,0.0,3.49,14.39
ORD009603,2025-10-17 04:39:49,ST007,,Click & Collect,Card,Completed,38.0,0.0,1.46,0.0,39.46
ORD009604,2025-05-05 08:56:25,ST008,CUST00619,In-store,Card,Completed,7.3,0.0,0.72,0.0,8.02
ORD009605,2025-11-17 19:29:54,ST005,CUST00127,In-store,Card,Completed,19.6,0.0,0.0,0.0,19.6
ORD009606,2025-02-21 00:12:35,ST007,CUST00110,Click & Collect,Card,Completed,22.1,0.0,1.68,0.0,23.78
ORD009607,2025-05-19 14:17:21,ST002,,In-store,Card,Completed,21.1,0.0,1.68,0.0,22.78
ORD009608,2025-01-24 16:04:02,ST003,CUST00573,In-store,Card,Completed,21.35,0.0,2.7,0.0,24.05
ORD009609,2025-12-16 03:37:35,ST002,CUST00141,In-store,Card,Completed,33.15,0.0,4.54,0.0,37.69
ORD009610,2025-02-01 10:10:20,ST006,CUST00760,In-store,Card,Completed,6.0,0.0,0.0,0.0,6.0
ORD009611,2025-04-21 03:17:19,ST001,CUST00606,Click & Collect,Cash,Completed,23.1,0.0,2.5,0.0,25.6
ORD009612,2025-03-28 12:57:13,ST004,CUST00538,In-store,Card,Completed,39.9,0.0,2.58,0.0,42.48
ORD009613,2025-04-05 13:21:55,ST006,CUST00689,Click & Collect,Card,Completed,25.7,0.0,1.8,0.0,27.5
ORD009614,2025-07-14 07:47:54,ST003,CUST00085,Online,Card,Completed,11.7,0.0,1.96,3.49,17.15
ORD009615,2025-04-22 18:14:37,ST002,CUST00527,Online,Card,Completed,20.1,0.0,0.9,3.49,24.49
ORD009616,2025-06-29 16:40:17,ST006,CUST00622,In-store,Card,Refunded,32.35,0.6,0.36,0.0,32.11
ORD009617,2025-08-04 17:19:15,ST005,CUST00621,Online,Card,Completed,7.3,0.0,0.0,3.49,10.79
ORD009618,2025-02-14 08:04:29,ST002,,In-store,Card,Completed,25.05,0.43,1.56,0.0,26.18
ORD009619,2025-03-07 05:42:39,ST005,CUST00614,In-store,Mobile Wallet,Refunded,10.45,0.0,0.0,0.0,10.45
ORD009620,2025-08-22 09:28:36,ST004,CUST00139,In-store,Card,Completed,13.3,0.0,2.22,0.0,15.52
ORD009621,2025-03-08 12:16:10,ST005,CUST00108,In-store,Card,Completed,74.3,0.0,8.84,0.0,83.14
ORD009622,2025-10-13 07:41:33,ST007,CUST00052,Online,Card,Completed,46.6,0.0,0.0,0.0,46.6
ORD009623,2025-04-16 17:10:53,ST004,CUST00003,Click & Collect,Card,Completed,44.0,0.0,1.72,0.0,45.72
ORD009624,2025-08-20 07:23:57,ST004,CUST00457,In-store,Card,Completed,21.1,0.0,1.41,0.0,22.51
ORD009625,2025-01-12 04:25:29,ST007,CUST00641,In-store,Mobile Wallet,Completed,32.4,1.42,2.48,0.0,33.46
ORD009626,2025-03-16 07:49:14,ST001,CUST00314,In-store,Cash,Completed,19.6,0.0,0.0,0.0,19.6
ORD009627,2025-08-01 07:40:14,ST005,,In-store,Mobile Wallet,Refunded,23.35,0.0,1.82,0.0,25.17
ORD009628,2025-01-19 04:08:09,ST005,CUST00264,In-store,Card,Completed,22.2,0.62,1.92,0.0,23.5
ORD009629,2025-10-21 11:28:44,ST006,CUST00059,In-store,Card,Completed,33.0,0.0,3.34,0.0,36.34
ORD009630,2025-10-28 17:30:34,ST005,CUST00792,In-store,Card,Completed,31.4,0.0,0.0,0.0,31.4
ORD009631,2025-04-26 17:37:09,ST001,CUST00466,In-store,Card,Completed,16.6,0.0,2.76,0.0,19.36
ORD009632,2025-06-08 21:57:59,ST006,CUST00317,Click & Collect,Card,Completed,26.0,0.0,2.63,0.0,28.63
ORD009633,2025-09-20 03:19:24,ST001,CUST00136,In-store,Card,Refunded,31.85,0.0,0.0,0.0,31.85
ORD009634,2025-11-30 07:26:02,ST002,,In-store,Cash,Completed,25.1,0.0,3.28,0.0,28.38
ORD009635,2025-04-15 15:08:04,ST003,CUST00640,Online,Card,Completed,25.4,0.0,3.52,3.49,32.41
ORD009636,2025-06-23 08:10:32,ST004,CUST00357,In-store,Card,Completed,27.6,0.0,3.96,0.0,31.56
ORD009637,2025-08-26 18:24:01,ST003,,In-store,Mobile Wallet,Completed,26.8,0.0,1.84,0.0,28.64
ORD009638,2025-07-24 12:55:22,ST004,,In-store,Card,Completed,34.05,0.0,1.28,0.0,35.33
ORD009639,2025-10-02 02:21:49,ST003,CUST00429,In-store,Cash,Completed,26.3,0.0,5.26,0.0,31.56
ORD009640,2025-04-02 13:06:50,ST001,,In-store,Card,Completed,52.1,0.66,8.58,0.0,60.02
ORD009641,2025-04-15 06:17:35,ST007,,Click & Collect,Gift Card,Completed,15.2,0.0,1.2,0.0,16.4
ORD009642,2025-07-21 19:02:49,ST005,,In-store,Card,Completed,58.4,1.24,4.72,0.0,61.88
ORD009643,2025-11-11 17:21:32,ST008,CUST00434,In-store,Card,Completed,36.45,0.0,2.68,0.0,39.13
ORD009644,2025-11-28 15:01:49,ST007,CUST00049,In-store,Card,Completed,25.05,0.0,2.73,0.0,27.78
ORD009645,2025-06-04 20:29:00,ST007,,In-store,Card,Completed,7.5,0.0,0.86,0.0,8.36
ORD009646,2025-07-01 18:02:01,ST004,,Click & Collect,Card,Completed,5.75,0.0,0.96,0.0,6.71
ORD009647,2025-03-02 00:28:41,ST003,CUST00410,In-store,Card,Completed,2.1,0.0,0.0,0.0,2.1
ORD009648,2025-12-28 22:45:37,ST004,CUST00565,In-store,Card,Completed,15.15,0.0,1.3,0.0,16.45
ORD009649,2025-09-30 06:58:00,ST003,CUST00212,Online,Cash,Completed,21.25,0.0,3.05,3.49,27.79
ORD009650,2025-04-03 00:40:34,ST004,CUST00794,In-store,Card,Completed,9.1,0.0,1.26,0.0,10.36
ORD009651,2025-04-01 12:52:30,ST002,CUST00505,Click & Collect,Card,Completed,17.8,0.0,0.72,0.0,18.52
ORD009652,2025-05-11 19:27:04,ST002,CUST00210,In-store,Card,Completed,27.5,0.0,1.0,0.0,28.5
ORD009653,2025-10-09 12:29:42,ST007,CUST00634,In-store,Card,Completed,35.9,0.0,1.38,0.0,37.28
ORD009654,2025-07-01 17:39:46,ST007,CUST00721,In-store,Cash,Completed,1.9,0.0,0.38,0.0,2.28
ORD009655,2025-06-28 18:42:31,ST004,CUST00727,Online,Mobile Wallet,Completed,10.75,0.0,0.42,3.49,14.66
ORD009656,2025-06-04 21:07:54,ST006,CUST00398,In-store,Cash,Refunded,26.8,0.69,0.7,0.0,26.81
ORD009657,2025-06-04 13:27:10,ST001,CUST00348,In-store,Mobile Wallet,Completed,16.55,0.0,0.0,0.0,16.55
ORD009658,2025-11-27 23:52:11,ST004,CUST00397,In-store,Mobile Wallet,Completed,17.6,0.0,3.0,0.0,20.6
ORD009659,2025-03-24 12:11:16,ST006,CUST00350,In-store,Card,Completed,40.2,0.0,5.38,0.0,45.58
ORD009660,2025-04-08 17:26:53,ST001,CUST00653,In-store,Card,Completed,49.45,0.0,4.39,0.0,53.84
ORD009661,2025-10-06 08:27:01,ST002,,Online,Card,Completed,59.35,0.0,2.21,0.0,61.56
ORD009662,2025-12-23 13:59:03,ST006,CUST00203,In-store,Card,Completed,25.6,0.24,3.75,0.0,29.11
ORD009663,2025-07-08 05:00:27,ST008,CUST00178,In-store,Card,Completed,13.65,0.0,1.65,0.0,15.3
ORD009664,2025-06-25 00:43:02,ST008,,Click & Collect,Card,Completed,25.85,0.0,1.69,0.0,27.54
ORD009665,2025-01-01 15:41:30,ST002,,Online,Card,Completed,12.25,0.0,0.0,3.49,15.74
ORD009666,2025-01-20 12:59:38,ST008,CUST00460,In-store,Card,Completed,8.0,0.0,0.3,0.0,8.3
ORD009667,2025-05-22 16:38:36,ST005,CUST00724,In-store,Card,Completed,8.2,0.0,0.0,0.0,8.2
ORD009668,2025-09-08 04:01:16,ST007,CUST00737,In-store,Card,Completed,4.2,0.0,0.0,0.0,4.2
ORD009669,2025-03-19 10:31:49,ST006,CUST00370,In-store,Mobile Wallet,Completed,30.1,0.0,3.84,0.0,33.94
ORD009670,2025-03-26 21:31:50,ST006,,Online,Card,Completed,44.8,0.0,0.0,0.0,44.8
ORD009671,2025-11-03 10:09:34,ST007,,In-store,Card,Completed,34.7,0.0,2.14,0.0,36.84
ORD009672,2025-02-03 09:25:58,ST005,CUST00333,In-store,Mobile Wallet,Completed,8.5,0.0,0.0,0.0,8.5
ORD009673,2025-03-20 18:13:10,ST008,,In-store,Cash,Completed,7.0,0.0,0.6,0.0,7.6
ORD009674,2025-10-02 00:39:06,ST008,CUST00477,In-store,Card,Completed,11.15,0.0,0.91,0.0,12.06
ORD009675,2025-04-26 23:06:50,ST005,,In-store,Card,Completed,27.0,0.0,1.76,0.0,28.76
ORD009676,2025-06-20 16:14:48,ST008,CUST00698,In-store,Card,Completed,19.1,0.0,1.4,0.0,20.5
ORD009677,2025-12-26 18:40:12,ST002,,Online,Cash,Completed,18.6,0.0,0.78,3.49,22.87
ORD009678,2025-07-05 04:09:17,ST001,,In-store,Card,Completed,34.0,0.23,2.68,0.0,36.45
ORD009679,2025-04-20 07:45:32,ST004,CUST00769,Online,Cash,Completed,26.05,0.0,3.41,3.49,32.95
ORD009680,2025-06-04 23:26:59,ST004,CUST00487,In-store,Card,Completed,40.8,0.46,1.04,0.0,41.38
ORD009681,2025-01-26 13:41:04,ST006,CUST00537,Click & Collect,Card,Completed,14.5,0.0,0.34,0.0,14.84
ORD009682,2025-02-22 19:26:50,ST001,CUST00115,In-store,Card,Completed,16.9,0.0,0.54,0.0,17.44
ORD009683,2025-03-29 00:56:27,ST001,CUST00324,In-store,Card,Completed,19.35,0.0,0.18,0.0,19.53
ORD009684,2025-02-17 18:00:56,ST007,CUST00116,In-store,Card,Completed,37.2,1.35,0.0,0.0,35.85
ORD009685,2025-06-27 21:37:03,ST003,CUST00650,In-store,Card,Completed,35.8,1.24,1.92,0.0,36.48
ORD009686,2025-11-23 17:15:17,ST005,CUST00304,In-store,Card,Completed,1.85,0.0,0.0,0.0,1.85
ORD009687,2025-06-30 23:12:40,ST007,CUST00731,In-store,Card,Completed,10.2,0.0,0.0,0.0,10.2
ORD009688,2025-04-14 10:35:51,ST005,CUST00634,In-store,Cash,Cancelled,2.2,0.0,0.0,0.0,0.0
ORD009689,2025-01-03 19:26:02,ST006,,Online,Card,Completed,29.95,0.0,3.12,3.49,36.56
ORD009690,2025-05-22 06:13:47,ST005,CUST00617,In-store,Card,Completed,33.5,0.0,4.06,0.0,37.56
ORD009691,2025-03-25 21:35:37,ST006,,In-store,Card,Completed,20.2,0.0,1.56,0.0,21.76
ORD009692,2025-09-29 11:32:22,ST005,,Online,Card,Completed,19.1,0.0,1.68,3.49,24.27
ORD009693,2025-06-04 20:38:11,ST001,,Click & Collect,Card,Completed,67.6,1.44,0.84,0.0,67.0
ORD009694,2025-08-30 00:50:53,ST001,CUST00021,In-store,Mobile Wallet,Completed,33.8,2.4,0.76,0.0,32.16
ORD009695,2025-08-17 12:47:12,ST004,CUST00362,In-store,Card,Completed,24.9,0.0,1.92,0.0,26.82
ORD009696,2025-03-17 04:39:33,ST006,CUST00262,In-store,Cash,Completed,19.8,0.0,0.84,0.0,20.64
ORD009697,2025-08-12 16:36:57,ST007,CUST00761,In-store,Cash,Completed,19.5,0.0,3.9,0.0,23.4
ORD009698,2025-08-17 20:59:40,ST002,CUST00522,In-store,Cash,Completed,14.15,0.0,1.56,0.0,15.71
ORD009699,2025-04-19 02:01:49,ST003,,Click & Collect,Mobile Wallet,Completed,14.25,0.0,0.0,0.0,14.25
ORD009700,2025-10-26 05:31:08,ST007,CUST00446,Online,Mobile Wallet,Completed,8.75,0.0,0.0,3.49,12.24
ORD009701,2025-05-17 01:04:50,ST005,CUST00730,In-store,Gift Card,Completed,36.15,0.0,3.56,0.0,39.71
ORD009702,2025-02-16 06:32:42,ST004,CUST00469,In-store,Mobile Wallet,Completed,43.8,0.0,3.56,0.0,47.36
ORD009703,2025-11-24 03:29:51,ST006,,In-store,Cash,Completed,12.3,0.0,0.34,0.0,12.64
ORD009704,2025-08-16 03:39:45,ST004,,Online,Cash,Completed,18.45,0.0,1.1,3.49,23.04
ORD009705,2025-11-20 15:45:02,ST006,CUST00219,In-store,Cash,Completed,13.2,0.0,0.0,0.0,13.2
ORD009706,2025-08-22 01:59:50,ST003,,In-store,Card,Completed,27.4,0.0,0.38,0.0,27.78
ORD009707,2025-02-25 05:33:25,ST005,,In-store,Card,Completed,46.2,0.3,5.88,0.0,51.78
ORD009708,2025-06-20 13:00:20,ST005,CUST00741,Click & Collect,Card,Completed,4.05,0.0,0.0,0.0,4.05
ORD009709,2025-01-22 07:00:39,ST002,CUST00546,In-store,Card,Completed,15.55,0.0,0.72,0.0,16.27
ORD009710,2025-04-12 22:50:15,ST004,CUST00059,In-store,Card,Completed,6.0,0.0,0.0,0.0,6.0
ORD009711,2025-11-22 15:34:05,ST006,CUST00336,In-store,Card,Completed,13.6,0.0,0.0,0.0,13.6
ORD009712,2025-12-19 11:12:19,ST003,CUST00519,In-store,Card,Completed,27.4,0.0,1.76,0.0,29.16
ORD009713,2025-08-02 15:25:00,ST002,CUST00794,In-store,Card,Completed,18.4,0.0,3.2,0.0,21.6
ORD009714,2025-12-26 16:56:46,ST001,CUST00559,Click & Collect,Mobile Wallet,Completed,1.3,0.0,0.0,0.0,1.3
ORD009715,2025-04-17 03:23:05,ST005,CUST00122,In-store,Mobile Wallet,Completed,49.25,0.0,3.64,0.0,52.89
ORD009716,2025-09-13 17:46:02,ST005,CUST00559,Online,Card,Completed,26.6,0.0,1.3,3.49,31.39
ORD009717,2025-04-10 09:59:51,ST003,CUST00525,In-store,Mobile Wallet,Completed,28.05,0.0,2.45,0.0,30.5
ORD009718,2025-11-06 06:50:08,ST008,CUST00475,In-store,Card,Completed,2.2,0.0,0.0,0.0,2.2
ORD009719,2025-12-08 08:11:31,ST008,,Online,Card,Refunded,12.05,0.0,1.3,3.49,16.84
ORD009720,2025-03-06 07:54:40,ST005,CUST00263,Online,Card,Completed,49.65,0.0,1.88,0.0,51.53
ORD009721,2025-10-01 04:57:47,ST008,CUST00142,In-store,Mobile Wallet,Completed,3.3,0.0,0.0,0.0,3.3
ORD009722,2025-01-11 09:29:51,ST003,CUST00121,Online,Card,Completed,34.2,0.24,0.86,3.49,38.31
ORD009723,2025-03-09 19:17:17,ST003,CUST00614,In-store,Cash,Completed,35.5,0.0,3.84,0.0,39.34
ORD009724,2025-11-24 17:28:02,ST005,CUST00517,Online,Card,Completed,47.3,0.0,0.0,0.0,47.3
ORD009725,2025-04-08 00:13:48,ST003,CUST00569,In-store,Card,Refunded,14.1,0.0,0.0,0.0,14.1
ORD009726,2025-03-11 11:19:30,ST008,,In-store,Mobile Wallet,Completed,8.0,0.0,0.72,0.0,8.72
ORD009727,2025-07-26 19:41:25,ST003,CUST00008,Online,Card,Completed,28.25,0.0,1.44,3.49,33.18
ORD009728,2025-03-13 18:59:28,ST003,CUST00653,Online,Card,Completed,13.15,0.0,1.85,3.49,18.49
ORD009729,2025-08-24 20:45:58,ST001,CUST00163,Click & Collect,Cash,Completed,13.05,0.0,0.0,0.0,13.05
ORD009730,2025-05-31 19:02:46,ST002,CUST00203,In-store,Mobile Wallet,Completed,33.5,0.0,2.56,0.0,36.06
ORD009731,2025-04-27 17:28:45,ST002,CUST00435,In-store,Mobile Wallet,Completed,27.9,0.0,0.34,0.0,28.24
ORD009732,2025-04-18 18:50:00,ST008,CUST00178,In-store,Cash,Completed,3.75,0.0,0.75,0.0,4.5
ORD009733,2025-07-08 01:10:34,ST004,CUST00688,In-store,Card,Completed,4.8,0.0,0.96,0.0,5.76
ORD009734,2025-06-24 06:17:03,ST008,CUST00020,In-store,Mobile Wallet,Completed,37.6,1.86,0.0,0.0,35.74
ORD009735,2025-09-27 23:03:52,ST008,,Online,Mobile Wallet,Completed,30.95,0.0,2.24,3.49,36.68
ORD009736,2025-03-05 07:57:43,ST005,CUST00113,In-store,Cash,Completed,19.4,0.0,2.56,0.0,21.96
ORD009737,2025-05-19 07:46:39,ST006,CUST00380,In-store,Card,Completed,15.95,0.0,0.0,0.0,15.95
ORD009738,2025-09-12 20:10:03,ST001,CUST00214,In-store,Cash,Completed,20.95,0.0,3.44,0.0,24.39
ORD009739,2025-01-18 21:31:27,ST006,CUST00170,In-store,Card,Completed,44.5,0.0,2.82,0.0,47.32
ORD009740,2025-02-20 20:12:04,ST005,,Online,Cash,Completed,21.9,0.17,3.16,3.49,28.39
ORD009741,2025-10-27 09:44:27,ST004,,In-store,Cash,Completed,29.8,0.0,0.0,0.0,29.8
ORD009742,2025-06-04 00:49:17,ST001,CUST00394,Online,Card,Completed,19.5,0.0,1.94,3.49,24.93
ORD009743,2025-05-31 12:26:40,ST002,,In-store,Mobile Wallet,Completed,33.25,0.0,3.85,0.0,37.1
ORD009744,2025-10-13 18:27:56,ST008,CUST00771,Click & Collect,Card,Completed,18.6,0.0,0.0,0.0,18.6
ORD009745,2025-03-13 21:14:53,ST005,CUST00428,In-store,Card,Completed,24.05,0.0,1.38,0.0,25.43
ORD009746,2025-12-29 01:06:21,ST003,CUST00398,In-store,Cash,Completed,27.6,0.0,3.46,0.0,31.06
ORD009747,2025-10-26 17:12:51,ST007,CUST00021,In-store,Card,Completed,31.5,0.0,4.28,0.0,35.78
ORD009748,2025-11-13 08:31:36,ST003,,Online,Card,Refunded,33.2,0.0,1.4,3.49,38.09
ORD009749,2025-10-01 05:04:38,ST006,CUST00072,In-store,Card,Completed,27.75,0.0,4.52,0.0,32.27
ORD009750,2025-10-27 23:40:25,ST001,,In-store,Card,Completed,10.9,0.0,0.0,0.0,10.9
ORD009751,2025-01-26 09:01:03,ST001,CUST00581,In-store,Card,Completed,30.8,2.17,0.42,0.0,29.05
ORD009752,2025-12-27 18:58:30,ST005,CUST00014,In-store,Card,Completed,3.85,0.0,0.6,0.0,4.45
ORD009753,2025-04-26 19:08:42,ST007,CUST00528,In-store,Card,Completed,7.8,0.0,1.04,0.0,8.84
ORD009754,2025-08-26 10:45:32,ST007,CUST00424,In-store,Card,Completed,16.8,0.0,1.3,0.0,18.1
ORD009755,2025-06-01 07:37:08,ST003,CUST00332,In-store,Card,Completed,14.8,0.0,0.0,0.0,14.8
ORD009756,2025-07-13 23:36:59,ST006,CUST00698,Click & Collect,Mobile Wallet,Completed,30.1,0.0,1.88,0.0,31.98
ORD009757,2025-05-25 19:53:05,ST006,,Online,Cash,Completed,31.75,0.0,0.0,3.49,35.24
ORD009758,2025-05-09 18:11:42,ST003,CUST00657,Online,Card,Completed,25.1,0.0,3.04,3.49,31.63
ORD009759,2025-08-09 09:03:03,ST002,,In-store,Cash,Cancelled,12.2,0.0,0.0,0.0,0.0
ORD009760,2025-01-18 22:53:08,ST001,CUST00705,Click & Collect,Cash,Completed,39.0,0.0,3.78,0.0,42.78
ORD009761,2025-01-19 03:05:08,ST004,CUST00572,In-store,Card,Completed,23.9,0.0,1.32,0.0,25.22
ORD009762,2025-12-23 11:03:31,ST007,CUST00347,In-store,Card,Completed,41.35,0.48,2.58,0.0,43.45
ORD009763,2025-09-29 00:22:34,ST006,,In-store,Card,Completed,10.2,0.0,0.0,0.0,10.2
ORD009764,2025-12-06 02:33:00,ST004,,In-store,Cash,Completed,23.3,0.0,0.97,0.0,24.27
ORD009765,2025-09-06 17:04:40,ST006,CUST00362,In-store,Card,Completed,26.45,0.9,1.08,0.0,26.63
ORD009766,2025-03-07 12:35:00,ST006,,In-store,Card,Completed,6.25,0.0,1.08,0.0,7.33
ORD009767,2025-10-03 10:19:44,ST007,CUST00321,Online,Cash,Completed,44.75,0.0,0.0,0.0,44.75
ORD009768,2025-08-13 00:52:49,ST006,CUST00320,Online,Card,Completed,2.2,0.0,0.0,3.49,5.69
ORD009769,2025-06-15 10:18:02,ST008,CUST00702,In-store,Card,Completed,25.1,0.0,1.2,0.0,26.3
ORD009770,2025-06-23 11:45:59,ST005,CUST00388,Click & Collect,Cash,Completed,57.4,0.0,3.32,0.0,60.72
ORD009771,2025-03-05 10:36:51,ST006,,Online,Cash,Completed,3.0,0.0,0.0,3.49,6.49
ORD009772,2025-11-20 09:33:40,ST001,,In-store,Card,Completed,37.4,0.0,1.32,0.0,38.72
ORD009773,2025-10-02 06:35:44,ST003,CUST00264,In-store,Card,Completed,33.8,0.0,0.48,0.0,34.28
ORD009774,2025-08-13 23:32:31,ST006,CUST00031,In-store,Card,Completed,18.6,0.92,0.76,0.0,18.44
ORD009775,2025-12-26 08:36:53,ST001,CUST00475,In-store,Card,Completed,23.85,0.0,0.64,0.0,24.49
ORD009776,2025-02-19 01:15:25,ST001,,In-store,Cash,Completed,14.8,0.45,1.28,0.0,15.63
ORD009777,2025-03-15 23:29:11,ST006,,In-store,Card,Completed,19.25,0.0,1.14,0.0,20.39
ORD009778,2025-08-05 18:40:46,ST007,CUST00762,Online,Card,Completed,15.95,0.0,2.34,3.49,21.78
ORD009779,2025-09-16 18:39:46,ST006,,Online,Mobile Wallet,Completed,38.35,0.3,4.02,3.49,45.56
ORD009780,2025-07-23 02:28:04,ST007,CUST00426,Click & Collect,Card,Completed,30.05,0.0,2.16,0.0,32.21
ORD009781,2025-01-13 12:16:12,ST007,,In-store,Card,Completed,20.15,0.22,0.0,0.0,19.93
ORD009782,2025-01-19 22:58:31,ST003,CUST00303,In-store,Mobile Wallet,Completed,13.3,0.0,0.64,0.0,13.94
ORD009783,2025-02-28 09:26:20,ST004,CUST00109,In-store,Card,Completed,18.3,0.0,1.44,0.0,19.74
ORD009784,2025-04-23 06:13:06,ST006,,In-store,Card,Completed,31.5,0.0,0.42,0.0,31.92
ORD009785,2025-01-01 10:20:35,ST008,CUST00724,Click & Collect,Card,Completed,20.7,0.0,1.48,0.0,22.18
ORD009786,2025-02-06 19:16:00,ST004,,Online,Cash,Completed,5.2,0.0,1.04,3.49,9.73
ORD009787,2025-04-10 15:11:04,ST008,CUST00776,In-store,Cash,Completed,30.95,0.33,2.1,0.0,32.72
ORD009788,2025-02-28 21:47:09,ST005,CUST00467,In-store,Cash,Completed,5.9,0.0,0.0,0.0,5.9
ORD009789,2025-12-14 03:02:03,ST005,,In-store,Card,Completed,47.4,0.0,3.56,0.0,50.96
ORD009790,2025-09-11 17:16:02,ST004,CUST00626,In-store,Mobile Wallet,Completed,12.35,0.3,0.95,0.0,13.0
ORD009791,2025-08-16 20:33:01,ST008,CUST00594,In-store,Cash,Completed,8.0,0.0,1.04,0.0,9.04
ORD009792,2025-07-16 12:18:22,ST001,,Click & Collect,Card,Completed,51.3,0.72,2.38,0.0,52.96
ORD009793,2025-07-24 16:35:38,ST007,CUST00165,In-store,Card,Completed,51.65,0.0,1.92,0.0,53.57
ORD009794,2025-05-17 11:20:30,ST004,CUST00027,In-store,Mobile Wallet,Completed,28.0,0.0,3.0,0.0,31.0
ORD009795,2025-11-28 10:34:21,ST003,CUST00389,In-store,Card,Completed,16.7,0.0,0.0,0.0,16.7
ORD009796,2025-06-26 22:57:06,ST007,CUST00310,Click & Collect,Mobile Wallet,Completed,24.05,0.0,1.7,0.0,25.75
ORD009797,2025-11-23 00:49:25,ST008,CUST00750,In-store,Cash,Completed,26.1,0.0,3.06,0.0,29.16
ORD009798,2025-01-15 07:21:33,ST005,CUST00307,Click & Collect,Card,Completed,23.5,0.15,2.88,0.0,26.23
ORD009799,2025-06-04 07:18:25,ST001,CUST00366,Online,Card,Completed,27.8,0.0,2.86,3.49,34.15
ORD009800,2025-02-26 12:55:43,ST002,,In-store,Card,Completed,11.0,0.0,0.0,0.0,11.0
ORD009801,2025-09-13 08:19:00,ST005,CUST00062,In-store,Card,Completed,50.3,0.0,6.52,0.0,56.82
ORD009802,2025-04-17 02:51:00,ST007,CUST00095,In-store,Card,Completed,27.55,0.0,1.38,0.0,28.93
ORD009803,2025-12-29 05:03:40,ST008,,In-store,Card,Completed,26.8,0.0,2.6,0.0,29.4
ORD009804,2025-11-29 15:49:57,ST003,CUST00175,In-store,Card,Completed,34.0,0.0,4.36,0.0,38.36
ORD009805,2025-08-21 10:38:14,ST001,,Online,Card,Completed,42.5,0.6,1.86,0.0,43.76
ORD009806,2025-11-14 09:49:00,ST006,CUST00280,In-store,Mobile Wallet,Completed,37.1,0.0,6.22,0.0,43.32
ORD009807,2025-08-13 12:59:58,ST006,CUST00272,In-store,Card,Completed,8.45,0.0,1.14,0.0,9.59
ORD009808,2025-01-31 06:21:30,ST006,CUST00053,Online,Mobile Wallet,Completed,35.6,0.0,1.04,3.49,40.13
ORD009809,2025-08-28 21:09:53,ST001,CUST00512,In-store,Card,Completed,31.05,0.0,2.89,0.0,33.94
ORD009810,2025-11-08 23:44:53,ST005,CUST00730,In-store,Card,Cancelled,13.8,0.0,1.72,0.0,0.0
ORD009811,2025-06-26 17:22:05,ST007,CUST00002,In-store,Card,Completed,84.15,3.0,3.45,0.0,84.6
ORD009812,2025-01-16 22:02:14,ST001,,In-store,Cash,Completed,15.0,0.0,3.0,0.0,18.0
ORD009813,2025-02-21 23:29:48,ST001,CUST00152,Online,Card,Completed,19.6,0.61,2.15,3.49,24.62
ORD009814,2025-10-31 08:40:44,ST004,,In-store,Card,Completed,10.4,0.0,0.0,0.0,10.4
ORD009815,2025-03-10 11:14:49,ST002,CUST00764,In-store,Card,Completed,22.8,0.0,1.56,0.0,24.36
ORD009816,2025-05-31 03:10:58,ST007,,In-store,Cash,Completed,32.6,0.0,4.32,0.0,36.92
ORD009817,2025-05-18 07:45:27,ST008,,In-store,Card,Completed,28.95,0.0,1.56,0.0,30.51
ORD009818,2025-06-05 03:43:47,ST005,CUST00404,In-store,Card,Completed,30.1,0.72,1.02,0.0,30.4
ORD009819,2025-08-16 18:32:35,ST002,CUST00660,Click & Collect,Card,Completed,11.5,0.0,0.38,0.0,11.88
ORD009820,2025-02-24 12:01:16,ST005,CUST00565,Click & Collect,Card,Completed,11.6,0.0,1.04,0.0,12.64
ORD009821,2025-09-13 21:20:15,ST005,,Click & Collect,Card,Completed,14.2,0.0,0.52,0.0,14.72
ORD009822,2025-07-16 20:25:47,ST007,,In-store,Mobile Wallet,Completed,23.6,0.0,3.98,0.0,27.58
ORD009823,2025-05-08 15:09:30,ST005,CUST00524,Online,Card,Completed,36.0,0.0,0.96,3.49,40.45
ORD009824,2025-09-11 01:47:22,ST003,CUST00461,In-store,Card,Completed,16.8,0.0,0.84,0.0,17.64
ORD009825,2025-05-11 12:25:09,ST005,,In-store,Card,Completed,9.7,0.0,0.0,0.0,9.7
ORD009826,2025-04-27 16:11:13,ST006,CUST00056,In-store,Card,Completed,1.3,0.0,0.0,0.0,1.3
ORD009827,2025-01-27 17:56:54,ST006,,In-store,Card,Completed,14.5,0.0,0.0,0.0,14.5
ORD009828,2025-07-30 14:49:49,ST005,CUST00150,In-store,Card,Completed,7.0,0.0,0.6,0.0,7.6
ORD009829,2025-09-09 09:44:17,ST005,CUST00106,In-store,Card,Cancelled,19.8,0.0,2.92,0.0,0.0
ORD009830,2025-07-23 08:58:07,ST006,CUST00705,In-store,Mobile Wallet,Completed,31.75,0.0,2.29,0.0,34.04
ORD009831,2025-06-10 22:49:09,ST003,CUST00127,In-store,Card,Completed,45.15,0.0,2.46,0.0,47.61
ORD009832,2025-12-24 23:46:28,ST004,CUST00461,In-store,Card,Completed,17.8,0.0,1.28,0.0,19.08
ORD009833,2025-11-21 16:43:13,ST008,CUST00161,In-store,Card,Completed,16.85,0.0,2.3,0.0,19.15
ORD009834,2025-05-02 17:58:03,ST003,,In-store,Card,Completed,19.5,0.0,3.53,0.0,23.03
ORD009835,2025-05-24 04:11:26,ST008,,Online,Card,Completed,23.2,0.0,0.74,3.49,27.43
ORD009836,2025-12-27 16:05:33,ST003,CUST00167,In-store,Card,Completed,8.25,0.0,0.0,0.0,8.25
ORD009837,2025-04-10 09:50:19,ST003,CUST00384,In-store,Card,Completed,30.85,0.0,3.1,0.0,33.95
ORD009838,2025-10-02 16:16:34,ST004,CUST00093,In-store,Card,Completed,30.0,0.0,0.96,0.0,30.96
ORD009839,2025-05-25 06:28:35,ST008,CUST00663,Click & Collect,Mobile Wallet,Completed,13.4,0.0,0.0,0.0,13.4
ORD009840,2025-02-05 17:17:46,ST004,,Online,Card,Completed,1.1,0.0,0.0,3.49,4.59
ORD009841,2025-06-04 00:47:26,ST004,,Online,Card,Completed,9.95,0.0,0.37,3.49,13.81
ORD009842,2025-03-12 19:59:11,ST008,CUST00250,In-store,Mobile Wallet,Completed,6.5,0.0,0.38,0.0,6.88
ORD009843,2025-12-08 09:36:42,ST007,,In-store,Mobile Wallet,Completed,6.4,0.0,1.28,0.0,7.68
ORD009844,2025-09-01 05:00:19,ST005,CUST00178,In-store,Card,Completed,26.3,0.0,1.56,0.0,27.86
ORD009845,2025-01-10 22:02:12,ST006,,In-store,Card,Completed,23.5,0.19,1.96,0.0,25.27
ORD009846,2025-12-05 21:23:49,ST008,,In-store,Card,Completed,26.15,0.0,1.08,0.0,27.23
ORD009847,2025-04-30 12:30:18,ST001,CUST00595,In-store,Cash,Completed,13.6,0.0,0.36,0.0,13.96
ORD009848,2025-09-13 20:58:28,ST007,,Online,Card,Completed,24.0,0.0,0.6,3.49,28.09
ORD009849,2025-03-02 05:09:20,ST002,CUST00463,In-store,Card,Completed,24.3,0.0,1.74,0.0,26.04
ORD009850,2025-03-15 06:03:01,ST002,CUST00047,Online,Cash,Completed,25.4,0.0,1.54,3.49,30.43
ORD009851,2025-06-16 13:23:56,ST006,,In-store,Card,Completed,13.95,0.0,0.64,0.0,14.59
ORD009852,2025-11-01 09:52:01,ST007,CUST00573,In-store,Mobile Wallet,Completed,12.55,0.0,1.14,0.0,13.69
ORD009853,2025-04-24 21:10:34,ST008,CUST00298,In-store,Mobile Wallet,Completed,8.5,0.0,0.78,0.0,9.28
ORD009854,2025-01-29 01:52:21,ST005,CUST00710,In-store,Card,Completed,3.6,0.0,0.0,0.0,3.6
ORD009855,2025-07-29 17:48:21,ST006,,Online,Card,Completed,66.95,0.96,1.92,0.0,67.91
ORD009856,2025-12-14 17:16:06,ST006,CUST00689,In-store,Card,Completed,19.0,0.0,1.9,0.0,20.9
ORD009857,2025-07-21 21:48:07,ST006,CUST00773,In-store,Card,Completed,21.95,0.0,3.05,0.0,25.0
ORD009858,2025-01-23 11:49:27,ST006,,Online,Gift Card,Completed,26.7,0.0,3.04,3.49,33.23
ORD009859,2025-04-28 06:30:25,ST007,CUST00177,In-store,Card,Completed,3.4,0.0,0.68,0.0,4.08
ORD009860,2025-09-23 08:22:42,ST004,CUST00291,In-store,Card,Completed,20.3,1.2,2.16,0.0,21.26
ORD009861,2025-04-08 10:34:39,ST001,CUST00029,In-store,Card,Completed,21.15,0.0,3.08,0.0,24.23
ORD009862,2025-03-26 05:26:29,ST001,CUST00295,In-store,Mobile Wallet,Completed,13.2,0.0,0.4,0.0,13.6
ORD009863,2025-02-14 21:48:33,ST001,,Click & Collect,Cash,Completed,66.3,0.6,5.0,0.0,70.7
ORD009864,2025-03-23 04:34:44,ST005,CUST00588,Click & Collect,Card,Completed,12.65,0.0,1.28,0.0,13.93
ORD009865,2025-12-13 05:50:19,ST004,CUST00636,Online,Cash,Completed,17.65,0.12,1.32,3.49,22.34
ORD009866,2025-03-18 22:24:39,ST001,CUST00728,Click & Collect,Card,Completed,8.05,0.0,0.0,0.0,8.05
ORD009867,2025-11-05 02:33:39,ST008,CUST00751,Online,Card,Completed,24.45,0.0,0.72,3.49,28.66
ORD009868,2025-02-09 22:42:17,ST008,CUST00568,In-store,Card,Completed,6.5,0.0,0.78,0.0,7.28
ORD009869,2025-07-06 02:40:50,ST003,,In-store,Card,Completed,3.8,0.0,0.76,0.0,4.56
ORD009870,2025-10-20 20:51:42,ST006,CUST00151,In-store,Cash,Completed,13.4,0.0,0.44,0.0,13.84
ORD009871,2025-02-27 06:12:46,ST002,CUST00667,In-store,Mobile Wallet,Completed,23.6,0.67,0.9,0.0,23.82
ORD009872,2025-10-28 04:30:09,ST004,,In-store,Cash,Completed,33.1,0.0,2.17,0.0,35.27
ORD009873,2025-11-28 07:37:21,ST008,CUST00361,In-store,Cash,Completed,51.4,0.0,2.34,0.0,53.74
ORD009874,2025-08-04 02:51:12,ST001,,In-store,Cash,Completed,17.1,0.48,1.94,0.0,18.56
ORD009875,2025-12-05 06:12:49,ST005,CUST00169,Online,Cash,Completed,20.3,0.0,0.0,3.49,23.79
ORD009876,2025-03-24 01:51:23,ST008,CUST00275,In-store,Mobile Wallet,Refunded,2.7,0.0,0.0,0.0,2.7
ORD009877,2025-11-17 04:15:57,ST003,CUST00741,In-store,Mobile Wallet,Completed,29.15,0.0,1.12,0.0,30.27
ORD009878,2025-07-06 17:19:37,ST004,,In-store,Cash,Completed,14.4,0.0,0.0,0.0,14.4
ORD009879,2025-03-28 07:54:03,ST001,CUST00173,In-store,Card,Completed,48.1,0.0,1.08,0.0,49.18
ORD009880,2025-06-06 17:23:47,ST003,,In-store,Card,Completed,25.35,0.96,1.68,0.0,26.07
ORD009881,2025-05-19 09:11:46,ST004,CUST00746,Click & Collect,Mobile Wallet,Completed,18.5,0.0,1.18,0.0,19.68
ORD009882,2025-05-05 02:14:55,ST004,CUST00364,In-store,Card,Completed,7.8,0.0,0.96,0.0,8.76
ORD009883,2025-08-22 15:02:29,ST008,CUST00342,In-store,Gift Card,Completed,28.05,0.0,0.0,0.0,28.05
ORD009884,2025-08-09 01:35:52,ST001,CUST00077,In-store,Card,Completed,9.4,0.46,0.36,0.0,9.3
ORD009885,2025-04-22 15:19:14,ST008,,In-store,Card,Completed,24.2,0.0,1.04,0.0,25.24
ORD009886,2025-10-14 02:39:28,ST001,CUST00412,Online,Card,Completed,11.9,0.0,0.0,3.49,15.39
ORD009887,2025-10-21 22:57:26,ST006,CUST00790,In-store,Card,Refunded,17.65,0.0,3.12,0.0,20.77
ORD009888,2025-03-08 07:08:27,ST006,,In-store,Card,Completed,32.75,0.0,0.8,0.0,33.55
ORD009889,2025-06-21 21:44:49,ST002,CUST00536,In-store,Card,Completed,38.5,0.0,0.0,0.0,38.5
ORD009890,2025-09-04 19:07:36,ST001,,In-store,Card,Completed,43.9,1.8,7.48,0.0,49.58
ORD009891,2025-03-30 03:17:46,ST001,CUST00427,Online,Card,Completed,14.6,0.0,0.64,3.49,18.73
ORD009892,2025-01-01 22:23:01,ST006,CUST00695,In-store,Card,Completed,27.35,0.43,4.0,0.0,30.93
ORD009893,2025-01-09 16:38:40,ST004,CUST00222,In-store,Card,Completed,3.7,0.0,0.74,0.0,4.44
ORD009894,2025-07-23 04:27:54,ST003,CUST00110,In-store,Card,Completed,32.1,0.0,3.95,0.0,36.05
ORD009895,2025-12-09 04:26:58,ST006,,In-store,Card,Completed,15.6,0.0,0.72,0.0,16.32
ORD009896,2025-10-05 10:05:05,ST003,CUST00344,Online,Mobile Wallet,Completed,5.1,0.0,0.0,3.49,8.59
ORD009897,2025-08-08 12:32:24,ST003,CUST00688,In-store,Cash,Completed,6.95,0.0,1.02,0.0,7.97
ORD009898,2025-06-23 03:40:40,ST007,CUST00036,Online,Card,Completed,13.0,0.0,0.0,3.49,16.49
ORD009899,2025-05-07 09:45:13,ST004,,Click & Collect,Card,Completed,2.6,0.0,0.0,0.0,2.6
ORD009900,2025-10-20 02:29:13,ST006,CUST00664,In-store,Cash,Completed,27.7,0.0,0.9,0.0,28.6
ORD009901,2025-06-21 04:45:08,ST004,CUST00757,In-store,Card,Completed,10.2,0.0,0.0,0.0,10.2
ORD009902,2025-12-14 08:51:27,ST004,,In-store,Card,Completed,52.1,0.0,1.52,0.0,53.62
ORD009903,2025-08-08 00:24:17,ST005,CUST00642,Online,Mobile Wallet,Completed,44.75,3.0,0.0,0.0,41.75
ORD009904,2025-08-16 11:29:18,ST005,,In-store,Card,Completed,2.6,0.0,0.52,0.0,3.12
ORD009905,2025-01-20 19:01:01,ST006,CUST00679,In-store,Mobile Wallet,Completed,11.9,0.19,1.78,0.0,13.49
ORD009906,2025-07-29 00:02:16,ST002,CUST00577,In-store,Card,Completed,14.8,1.24,0.48,0.0,14.04
ORD009907,2025-02-09 13:01:00,ST001,,In-store,Card,Completed,56.6,0.6,8.48,0.0,64.48
ORD009908,2025-04-02 10:03:43,ST007,,In-store,Card,Completed,18.1,0.0,1.88,0.0,19.98
ORD009909,2025-09-23 05:34:49,ST006,CUST00605,Online,Cash,Completed,19.1,0.0,1.08,3.49,23.67
ORD009910,2025-08-25 11:04:33,ST007,CUST00334,In-store,Card,Completed,25.3,0.0,4.18,0.0,29.48
ORD009911,2025-10-19 14:03:33,ST003,CUST00631,Online,Cash,Completed,20.45,0.0,1.2,3.49,25.14
ORD009912,2025-03-24 16:30:46,ST001,CUST00038,In-store,Gift Card,Completed,4.95,0.0,0.0,0.0,4.95
ORD009913,2025-06-06 12:43:01,ST006,,In-store,Card,Completed,19.05,0.0,0.64,0.0,19.69
ORD009914,2025-09-05 04:57:03,ST001,CUST00427,Click & Collect,Card,Completed,23.3,0.0,2.84,0.0,26.14
ORD009915,2025-02-14 19:12:02,ST001,CUST00477,Click & Collect,Card,Completed,34.6,1.8,1.3,0.0,34.1
ORD009916,2025-10-02 10:49:45,ST004,CUST00319,In-store,Cash,Completed,44.45,0.0,6.48,0.0,50.93
ORD009917,2025-09-08 12:03:48,ST003,CUST00720,In-store,Card,Completed,58.2,0.0,3.18,0.0,61.38
ORD009918,2025-02-20 16:32:50,ST004,CUST00615,In-store,Card,Completed,7.7,0.0,1.3,0.0,9.0
ORD009919,2025-09-20 19:45:03,ST004,CUST00220,Click & Collect,Card,Completed,12.7,0.0,0.0,0.0,12.7
ORD009920,2025-03-17 23:39:22,ST002,CUST00395,In-store,Mobile Wallet,Completed,23.75,0.0,2.64,0.0,26.39
ORD009921,2025-05-11 07:58:03,ST001,CUST00756,In-store,Card,Completed,35.35,0.0,0.0,0.0,35.35
ORD009922,2025-02-26 03:14:55,ST008,CUST00251,Online,Card,Completed,8.8,0.0,0.84,3.49,13.13
ORD009923,2025-03-27 20:18:57,ST004,CUST00151,In-store,Card,Completed,34.9,0.0,2.28,0.0,37.18
ORD009924,2025-09-21 13:32:22,ST008,,In-store,Cash,Completed,36.4,0.0,3.5,0.0,39.9
ORD009925,2025-05-14 19:36:00,ST005,CUST00445,In-store,Card,Completed,11.65,0.0,0.4,0.0,12.05
ORD009926,2025-06-08 05:38:30,ST007,CUST00493,In-store,Card,Completed,14.4,0.0,1.68,0.0,16.08
ORD009927,2025-03-23 15:00:03,ST001,CUST00029,In-store,Cash,Completed,37.3,0.0,1.68,0.0,38.98
ORD009928,2025-12-08 09:58:14,ST003,CUST00769,In-store,Card,Completed,35.1,0.24,5.87,0.0,40.73
ORD009929,2025-11-10 19:48:41,ST008,CUST00464,In-store,Cash,Completed,40.1,0.0,3.68,0.0,43.78
ORD009930,2025-09-06 05:14:17,ST002,CUST00167,In-store,Card,Completed,20.15,0.0,0.0,0.0,20.15
ORD009931,2025-12-19 20:51:50,ST006,CUST00340,In-store,Cash,Completed,15.7,0.0,0.0,0.0,15.7
ORD009932,2025-12-27 07:34:33,ST005,CUST00737,Click & Collect,Card,Completed,5.5,0.0,0.0,0.0,5.5
ORD009933,2025-07-22 09:23:25,ST003,CUST00283,In-store,Cash,Completed,32.8,0.0,2.72,0.0,35.52
ORD009934,2025-11-18 03:47:10,ST008,CUST00278,In-store,Card,Cancelled,4.95,0.0,0.0,0.0,0.0
ORD009935,2025-11-24 13:11:09,ST003,CUST00651,In-store,Card,Completed,22.4,0.0,0.0,0.0,22.4
ORD009936,2025-12-01 05:02:23,ST001,CUST00212,In-store,Card,Completed,16.6,0.0,0.0,0.0,16.6
ORD009937,2025-10-01 21:47:57,ST007,,In-store,Cash,Completed,26.75,0.0,0.52,0.0,27.27
ORD009938,2025-06-28 11:06:47,ST005,CUST00289,In-store,Card,Completed,23.2,0.0,1.36,0.0,24.56
ORD009939,2025-02-28 23:34:27,ST001,,In-store,Card,Completed,16.3,0.0,0.48,0.0,16.78
ORD009940,2025-08-30 03:02:10,ST006,,Online,Card,Completed,24.3,0.0,2.02,3.49,29.81
ORD009941,2025-01-29 20:02:41,ST005,,In-store,Cash,Completed,47.0,0.0,6.6,0.0,53.6
ORD009942,2025-10-23 12:38:20,ST004,,Click & Collect,Card,Completed,27.15,0.0,0.36,0.0,27.51
ORD009943,2025-11-29 17:51:21,ST001,,Click & Collect,Cash,Completed,48.4,0.0,2.32,0.0,50.72
ORD009944,2025-07-25 05:22:02,ST006,CUST00045,In-store,Card,Completed,37.4,0.0,0.96,0.0,38.36
ORD009945,2025-12-10 09:42:47,ST008,,In-store,Card,Completed,18.4,0.0,1.28,0.0,19.68
ORD009946,2025-12-26 23:26:03,ST004,CUST00740,In-store,Card,Completed,12.6,0.0,0.38,0.0,12.98
ORD009947,2025-07-01 19:10:59,ST005,CUST00110,In-store,Mobile Wallet,Completed,12.05,0.0,0.3,0.0,12.35
ORD009948,2025-10-30 06:26:19,ST002,CUST00347,In-store,Card,Completed,25.1,0.0,3.06,0.0,28.16
ORD009949,2025-03-22 07:26:21,ST006,CUST00310,In-store,Mobile Wallet,Completed,13.9,0.0,0.44,0.0,14.34
ORD009950,2025-05-23 18:07:41,ST006,CUST00005,Online,Card,Completed,44.7,0.0,5.92,0.0,50.62
ORD009951,2025-03-19 10:20:16,ST002,,In-store,Card,Completed,47.65,0.0,2.96,0.0,50.61
ORD009952,2025-10-18 13:45:40,ST005,CUST00426,In-store,Cash,Completed,16.2,0.0,0.0,0.0,16.2
ORD009953,2025-09-22 06:21:50,ST003,CUST00027,In-store,Card,Completed,3.0,0.0,0.0,0.0,3.0
ORD009954,2025-07-04 20:58:34,ST008,,Online,Mobile Wallet,Completed,5.6,0.0,0.54,3.49,9.63
ORD009955,2025-12-09 08:32:06,ST005,CUST00025,In-store,Card,Completed,15.65,0.15,1.38,0.0,16.88
ORD009956,2025-09-02 13:03:08,ST003,,In-store,Card,Completed,13.4,0.0,2.68,0.0,16.08
ORD009957,2025-04-03 03:09:40,ST004,CUST00024,Online,Mobile Wallet,Cancelled,51.15,0.23,3.48,0.0,0.0
ORD009958,2025-06-30 16:01:08,ST004,CUST00103,In-store,Card,Refunded,20.4,0.0,2.22,0.0,22.62
ORD009959,2025-05-06 19:24:11,ST002,CUST00027,In-store,Card,Completed,35.7,0.0,3.12,0.0,38.82
ORD009960,2025-03-20 08:36:25,ST008,CUST00119,In-store,Card,Completed,12.9,0.0,0.0,0.0,12.9
ORD009961,2025-01-08 11:50:36,ST004,,In-store,Card,Completed,19.2,0.0,3.08,0.0,22.28
ORD009962,2025-04-16 01:12:33,ST006,CUST00446,In-store,Card,Completed,7.4,0.0,1.48,0.0,8.88
ORD009963,2025-03-18 12:02:26,ST006,CUST00393,Click & Collect,Card,Completed,13.35,0.0,1.66,0.0,15.01
ORD009964,2025-01-22 15:51:59,ST007,CUST00642,In-store,Mobile Wallet,Completed,34.8,0.0,2.96,0.0,37.76
ORD009965,2025-07-25 05:19:06,ST003,CUST00544,In-store,Card,Completed,2.2,0.0,0.44,0.0,2.64
ORD009966,2025-10-24 03:03:46,ST002,,In-store,Card,Completed,18.2,0.0,1.34,0.0,19.54
ORD009967,2025-04-27 21:58:59,ST006,CUST00730,In-store,Card,Completed,21.0,0.0,0.0,0.0,21.0
ORD009968,2025-04-24 19:09:12,ST007,,Online,Card,Completed,21.8,0.0,0.6,3.49,25.89
ORD009969,2025-02-24 18:54:41,ST002,CUST00319,In-store,Mobile Wallet,Completed,13.0,0.0,2.6,0.0,15.6
ORD009970,2025-06-08 00:25:39,ST008,CUST00392,In-store,Mobile Wallet,Completed,32.8,0.0,1.86,0.0,34.66
ORD009971,2025-03-07 00:54:27,ST004,,In-store,Card,Completed,3.6,0.0,0.72,0.0,4.32
ORD009972,2025-04-13 10:08:35,ST007,CUST00511,In-store,Card,Completed,4.4,0.0,0.18,0.0,4.58
ORD009973,2025-12-18 21:27:00,ST004,CUST00099,In-store,Card,Completed,24.8,0.0,0.0,0.0,24.8
ORD009974,2025-05-08 12:48:09,ST001,CUST00095,Online,Card,Completed,8.6,0.0,0.52,3.49,12.61
ORD009975,2025-06-12 23:27:10,ST006,CUST00470,Click & Collect,Card,Completed,29.7,1.92,1.62,0.0,29.4
ORD009976,2025-11-23 13:48:15,ST002,CUST00123,In-store,Card,Completed,17.6,0.0,2.6,0.0,20.2
ORD009977,2025-12-25 08:58:51,ST001,CUST00782,In-store,Card,Completed,12.6,0.0,1.56,0.0,14.16
ORD009978,2025-06-18 02:35:27,ST006,CUST00560,In-store,Mobile Wallet,Completed,21.9,0.0,3.94,0.0,25.84
ORD009979,2025-11-26 20:42:51,ST005,,In-store,Card,Completed,28.5,0.0,2.22,0.0,30.72
ORD009980,2025-12-16 19:39:06,ST003,CUST00614,In-store,Card,Completed,6.5,0.0,0.18,0.0,6.68
ORD009981,2025-04-02 18:55:31,ST003,CUST00322,Click & Collect,Card,Completed,15.6,0.94,0.0,0.0,14.66
ORD009982,2025-11-28 23:03:00,ST004,,In-store,Card,Completed,25.55,0.0,0.34,0.0,25.89
ORD009983,2025-03-30 14:37:34,ST007,CUST00751,Online,Card,Completed,6.5,0.0,1.3,3.49,11.29
ORD009984,2025-10-12 16:38:49,ST003,,In-store,Card,Completed,44.05,0.0,0.52,0.0,44.57
ORD009985,2025-11-05 16:29:39,ST001,CUST00769,In-store,Card,Completed,44.5,0.0,3.96,0.0,48.46
ORD009986,2025-08-15 16:10:51,ST005,CUST00467,In-store,Card,Completed,32.65,0.0,1.96,0.0,34.61
ORD009987,2025-02-09 11:32:44,ST005,CUST00392,In-store,Card,Completed,50.4,0.0,2.04,0.0,52.44
ORD009988,2025-01-12 00:09:36,ST006,CUST00736,In-store,Card,Completed,42.7,0.0,2.4,0.0,45.1
ORD009989,2025-09-17 06:22:34,ST006,CUST00478,In-store,Mobile Wallet,Completed,40.1,0.0,0.3,0.0,40.4
ORD009990,2025-04-13 06:48:38,ST002,CUST00249,In-store,Card,Completed,19.0,0.77,1.46,0.0,19.69
ORD009991,2025-05-08 14:57:16,ST007,CUST00644,In-store,Cash,Completed,14.4,0.0,0.98,0.0,15.38
ORD009992,2025-01-31 20:42:54,ST008,CUST00021,In-store,Card,Completed,58.35,0.0,2.6,0.0,60.95
ORD009993,2025-11-19 13:24:07,ST005,CUST00480,In-store,Mobile Wallet,Completed,20.55,0.0,3.0,0.0,23.55
ORD009994,2025-07-22 16:33:02,ST005,CUST00607,Click & Collect,Card,Completed,18.0,0.48,0.6,0.0,18.12
ORD009995,2025-10-27 23:02:16,ST001,CUST00790,In-store,Cash,Completed,25.1,0.0,1.44,0.0,26.54
ORD009996,2025-08-08 13:13:39,ST005,CUST00448,Online,Card,Completed,20.0,0.0,3.56,3.49,27.05
ORD009997,2025-08-20 22:45:50,ST007,CUST00058,In-store,Card,Completed,5.3,0.0,0.68,0.0,5.98
ORD009998,2025-12-20 04:35:45,ST002,,In-store,Mobile Wallet,Completed,30.7,0.38,1.32,0.0,31.64
ORD009999,2025-07-28 14:33:39,ST002,,In-store,Card,Completed,19.9,1.44,0.0,0.0,18.46
ORD010000,2025-02-12 15:38:34,ST005,,In-store,Card,Completed,26.2,0.0,0.52,0.0,26.72
